target,origin_number,train_end,lead,date,model,actual,q05,q10,q15,q20,q25,q30,q35,q40,q45,q50,q55,q60,q65,q70,q75,q80,q85,q90,q95
B-Sedan,1,2022-08-31,1,2022-09-30,SeasonalNaive,2577.9,2039.6100000000001,2154.24,2249.05,2311.3799999999997,2369.725,2415.62,2452.1099999999997,2511.58,2574.0650000000005,2649.75,2746.325,2794.72,2863.195,2935.69,2995.425,3058.32,3130.72,3343.44,3546.0950000000003
B-Sedan,1,2022-08-31,2,2022-10-31,SeasonalNaive,2728.0,1917.5100000000002,2032.1399999999999,2126.9500000000003,2189.2799999999997,2247.625,2293.52,2330.0099999999998,2389.48,2451.9650000000006,2527.6499999999996,2624.225,2672.62,2741.0950000000003,2813.59,2873.3250000000003,2936.2200000000003,3008.62,3221.34,3423.9950000000003
B-Sedan,1,2022-08-31,3,2022-11-30,SeasonalNaive,2502.2,1665.21,1779.8399999999997,1874.65,1936.9799999999996,1995.3249999999998,2041.2199999999998,2077.7099999999996,2137.18,2199.6650000000004,2275.3499999999995,2371.9249999999997,2420.3199999999997,2488.795,2561.29,2621.025,2683.92,2756.3199999999997,2969.04,3171.695
B-Sedan,1,2022-08-31,4,2022-12-31,SeasonalNaive,2225.0,2343.71,2458.3399999999997,2553.15,2615.4799999999996,2673.825,2719.72,2756.2099999999996,2815.68,2878.1650000000004,2953.8499999999995,3050.4249999999997,3098.8199999999997,3167.295,3239.79,3299.525,3362.42,3434.8199999999997,3647.54,3850.195
B-Sedan,1,2022-08-31,5,2023-01-31,SeasonalNaive,2364.6,2422.21,2536.8399999999997,2631.65,2693.9799999999996,2752.325,2798.22,2834.7099999999996,2894.18,2956.6650000000004,3032.3499999999995,3128.9249999999997,3177.3199999999997,3245.795,3318.29,3378.025,3440.92,3513.3199999999997,3726.04,3928.695
B-Sedan,1,2022-08-31,6,2023-02-28,SeasonalNaive,2668.6,2807.51,2922.14,3016.9500000000003,3079.2799999999997,3137.625,3183.52,3220.0099999999998,3279.48,3341.9650000000006,3417.6499999999996,3514.225,3562.62,3631.0950000000003,3703.59,3763.3250000000003,3826.2200000000003,3898.62,4111.34,4313.995
B-Sedan,1,2022-08-31,7,2023-03-31,SeasonalNaive,2188.4,2459.81,2574.4399999999996,2669.25,2731.5799999999995,2789.9249999999997,2835.8199999999997,2872.3099999999995,2931.7799999999997,2994.2650000000003,3069.95,3166.5249999999996,3214.9199999999996,3283.395,3355.89,3415.625,3478.52,3550.9199999999996,3763.64,3966.295
B-Sedan,1,2022-08-31,8,2023-04-30,SeasonalNaive,2768.7,2645.81,2760.4399999999996,2855.25,2917.5799999999995,2975.9249999999997,3021.8199999999997,3058.3099999999995,3117.7799999999997,3180.2650000000003,3255.95,3352.5249999999996,3400.9199999999996,3469.395,3541.89,3601.625,3664.52,3736.9199999999996,3949.64,4152.295
B-Sedan,1,2022-08-31,9,2023-05-31,SeasonalNaive,2796.9,2244.81,2359.4399999999996,2454.25,2516.5799999999995,2574.9249999999997,2620.8199999999997,2657.3099999999995,2716.7799999999997,2779.2650000000003,2854.95,2951.5249999999996,2999.9199999999996,3068.395,3140.89,3200.625,3263.52,3335.9199999999996,3548.64,3751.295
B-Sedan,1,2022-08-31,10,2023-06-30,SeasonalNaive,2524.7,2391.61,2506.24,2601.05,2663.3799999999997,2721.725,2767.62,2804.1099999999997,2863.58,2926.0650000000005,3001.75,3098.325,3146.72,3215.195,3287.69,3347.425,3410.32,3482.72,3695.44,3898.0950000000003
B-Sedan,1,2022-08-31,11,2023-07-31,SeasonalNaive,1737.1,1550.9100000000003,1665.54,1760.3500000000004,1822.6799999999998,1881.025,1926.92,1963.4099999999999,2022.88,2085.3650000000007,2161.05,2257.625,2306.02,2374.4950000000003,2446.9900000000002,2506.7250000000004,2569.6200000000003,2642.02,2854.7400000000002,3057.3950000000004
B-Sedan,1,2022-08-31,12,2023-08-31,SeasonalNaive,2009.2,1478.5100000000002,1593.1399999999999,1687.9500000000003,1750.2799999999997,1808.625,1854.52,1891.0099999999998,1950.48,2012.9650000000006,2088.6499999999996,2185.225,2233.62,2302.0950000000003,2374.59,2434.3250000000003,2497.2200000000003,2569.62,2782.34,2984.9950000000003
B-Sedan,1,2022-08-31,1,2022-09-30,DeepAR,2577.9,2081.277587890625,2273.072021484375,2413.716552734375,2535.0380859375,2609.853759765625,2663.53271484375,2686.075439453125,2738.337646484375,2773.9072265625,2794.3564453125,2832.042236328125,2887.18310546875,2909.97998046875,2938.4306640625,2987.4794921875,3019.475341796875,3103.429931640625,3315.514404296875,3440.639404296875
B-Sedan,1,2022-08-31,2,2022-10-31,DeepAR,2728.0,2093.410888671875,2229.8017578125,2360.2666015625,2473.443603515625,2535.30810546875,2630.25634765625,2683.994873046875,2702.111328125,2764.3076171875,2803.963134765625,2822.790771484375,2851.157470703125,2912.08154296875,2963.41943359375,2987.866455078125,3074.760986328125,3147.900634765625,3243.000244140625,3576.46875
B-Sedan,1,2022-08-31,3,2022-11-30,DeepAR,2502.2,1991.8961181640625,2227.735107421875,2419.970947265625,2503.533203125,2524.71923828125,2597.336669921875,2646.044921875,2706.851806640625,2779.197021484375,2857.725341796875,2870.94189453125,2885.607177734375,2922.37939453125,2988.252685546875,3048.09765625,3065.219482421875,3127.333251953125,3181.548095703125,3233.05126953125
B-Sedan,1,2022-08-31,4,2022-12-31,DeepAR,2225.0,2161.13818359375,2373.386962890625,2443.33740234375,2473.44482421875,2553.134033203125,2614.217529296875,2648.2724609375,2665.699951171875,2707.377197265625,2760.93310546875,2786.1416015625,2853.147705078125,2900.794189453125,2942.169921875,2978.773681640625,3021.227294921875,3070.67529296875,3154.838623046875,3190.35205078125
B-Sedan,1,2022-08-31,5,2023-01-31,DeepAR,2364.6,1959.334228515625,2115.43017578125,2338.654541015625,2463.021484375,2499.855712890625,2576.2275390625,2657.36083984375,2698.3095703125,2731.48583984375,2770.49267578125,2812.638671875,2852.295166015625,2930.590087890625,2970.19775390625,3013.583251953125,3064.87841796875,3120.678466796875,3239.442626953125,3461.485595703125
B-Sedan,1,2022-08-31,6,2023-02-28,DeepAR,2668.6,2105.085693359375,2257.347900390625,2434.679443359375,2519.165771484375,2603.5576171875,2678.7177734375,2716.0126953125,2755.751220703125,2807.146240234375,2818.77685546875,2830.742919921875,2875.3544921875,2956.55078125,2980.954833984375,3026.365234375,3052.84033203125,3117.827392578125,3267.550537109375,3563.462158203125
B-Sedan,1,2022-08-31,7,2023-03-31,DeepAR,2188.4,1992.440185546875,2231.33349609375,2398.935791015625,2499.99658203125,2605.4462890625,2641.4169921875,2693.94921875,2725.592041015625,2778.953857421875,2824.16796875,2869.171875,2933.33251953125,2956.515869140625,2991.696044921875,3057.852783203125,3124.123046875,3210.28515625,3346.5888671875,3624.790771484375
B-Sedan,1,2022-08-31,8,2023-04-30,DeepAR,2768.7,1996.1884765625,2162.923583984375,2384.243408203125,2518.091796875,2563.86572265625,2617.88671875,2656.7509765625,2705.525390625,2716.487060546875,2759.74462890625,2814.282470703125,2880.265625,2924.842529296875,2999.5595703125,3082.619384765625,3144.677734375,3241.458251953125,3289.693115234375,3487.579833984375
B-Sedan,1,2022-08-31,9,2023-05-31,DeepAR,2796.9,1593.5948486328125,2175.047119140625,2375.57666015625,2550.356201171875,2591.87548828125,2662.099853515625,2768.635986328125,2807.905029296875,2818.907958984375,2876.7861328125,2918.290283203125,2956.411865234375,3029.84130859375,3085.79443359375,3133.64208984375,3197.39404296875,3231.064697265625,3361.3935546875,3570.54296875
B-Sedan,1,2022-08-31,10,2023-06-30,DeepAR,2524.7,1927.1112060546875,2169.921875,2336.097900390625,2480.75830078125,2571.7734375,2611.58935546875,2626.98779296875,2668.162841796875,2693.826416015625,2728.515380859375,2755.436767578125,2775.683837890625,2834.478759765625,2917.31640625,2975.520263671875,3021.68994140625,3044.431640625,3155.621337890625,3299.947265625
B-Sedan,1,2022-08-31,11,2023-07-31,DeepAR,1737.1,2213.48779296875,2300.790771484375,2367.015869140625,2446.111083984375,2504.593505859375,2532.316162109375,2568.148681640625,2620.811767578125,2672.156982421875,2717.90673828125,2781.148193359375,2800.32373046875,2869.16796875,2899.80322265625,2948.10986328125,2989.287109375,3132.157470703125,3230.173583984375,3468.4111328125
B-Sedan,1,2022-08-31,12,2023-08-31,DeepAR,2009.2,2122.53759765625,2258.333251953125,2328.588134765625,2462.608642578125,2554.842529296875,2627.621337890625,2669.906494140625,2706.7529296875,2746.1416015625,2805.597412109375,2832.37060546875,2853.240234375,2890.046142578125,2934.904052734375,3020.220947265625,3089.375,3160.758544921875,3244.466552734375,3438.171142578125
B-Sedan,2,2022-11-30,1,2022-12-31,SeasonalNaive,2225.0,2347.67,2464.68,2563.68,2625.3799999999997,2687.1499999999996,2732.2,2765.66,2824.64,2891.63,2967.9999999999995,3069.78,3103.62,3164.04,3225.8999999999996,3288.7,3352.54,3431.61,3628.9599999999996,3848.07
B-Sedan,2,2022-11-30,2,2023-01-31,SeasonalNaive,2364.6,2426.17,2543.18,2642.18,2703.8799999999997,2765.6499999999996,2810.7,2844.16,2903.14,2970.13,3046.4999999999995,3148.28,3182.12,3242.54,3304.3999999999996,3367.2,3431.04,3510.11,3707.4599999999996,3926.57
B-Sedan,2,2022-11-30,3,2023-02-28,SeasonalNaive,2668.6,2811.4700000000003,2928.48,3027.48,3089.18,3150.95,3196.0,3229.46,3288.44,3355.4300000000003,3431.7999999999997,3533.5800000000004,3567.42,3627.84,3689.7,3752.5,3816.34,3895.4100000000003,4092.7599999999998,4311.87
B-Sedan,2,2022-11-30,4,2023-03-31,SeasonalNaive,2188.4,2463.77,2580.7799999999997,2679.7799999999997,2741.4799999999996,2803.25,2848.3,2881.7599999999998,2940.74,3007.73,3084.0999999999995,3185.88,3219.72,3280.14,3341.9999999999995,3404.7999999999997,3468.64,3547.71,3745.0599999999995,3964.17
B-Sedan,2,2022-11-30,5,2023-04-30,SeasonalNaive,2768.7,2649.77,2766.7799999999997,2865.7799999999997,2927.4799999999996,2989.25,3034.3,3067.7599999999998,3126.74,3193.73,3270.0999999999995,3371.88,3405.72,3466.14,3527.9999999999995,3590.7999999999997,3654.64,3733.71,3931.0599999999995,4150.17
B-Sedan,2,2022-11-30,6,2023-05-31,SeasonalNaive,2796.9,2248.77,2365.7799999999997,2464.7799999999997,2526.4799999999996,2588.25,2633.3,2666.7599999999998,2725.74,2792.73,2869.0999999999995,2970.88,3004.72,3065.14,3126.9999999999995,3189.7999999999997,3253.64,3332.71,3530.0599999999995,3749.17
B-Sedan,2,2022-11-30,7,2023-06-30,SeasonalNaive,2524.7,2395.57,2512.58,2611.58,2673.2799999999997,2735.05,2780.1000000000004,2813.56,2872.54,2939.53,3015.8999999999996,3117.6800000000003,3151.52,3211.94,3273.7999999999997,3336.6,3400.44,3479.51,3676.8599999999997,3895.9700000000003
B-Sedan,2,2022-11-30,8,2023-07-31,SeasonalNaive,1737.1,1554.8700000000003,1671.88,1770.88,1832.58,1894.3500000000001,1939.4000000000003,1972.8600000000001,2031.8400000000001,2098.8300000000004,2175.2,2276.9800000000005,2310.82,2371.2400000000002,2433.1,2495.9,2559.7400000000002,2638.8100000000004,2836.16,3055.2700000000004
B-Sedan,2,2022-11-30,9,2023-08-31,SeasonalNaive,2009.2,1482.4700000000003,1599.48,1698.48,1760.1799999999998,1821.95,1867.0000000000002,1900.46,1959.44,2026.4300000000005,2102.7999999999997,2204.5800000000004,2238.42,2298.84,2360.7,2423.5,2487.34,2566.4100000000003,2763.7599999999998,2982.8700000000003
B-Sedan,2,2022-11-30,10,2023-09-30,SeasonalNaive,2076.3,1982.9700000000003,2099.98,2198.98,2260.68,2322.45,2367.5,2400.96,2459.94,2526.9300000000003,2603.2999999999997,2705.0800000000004,2738.92,2799.34,2861.2,2924.0,2987.84,3066.9100000000003,3264.2599999999998,3483.3700000000003
B-Sedan,2,2022-11-30,11,2023-10-31,SeasonalNaive,2831.2,2133.07,2250.08,2349.08,2410.7799999999997,2472.55,2517.6000000000004,2551.06,2610.04,2677.03,2753.3999999999996,2855.1800000000003,2889.02,2949.44,3011.2999999999997,3074.1,3137.94,3217.01,3414.3599999999997,3633.4700000000003
B-Sedan,2,2022-11-30,12,2023-11-30,SeasonalNaive,1927.6,1907.27,2024.2799999999997,2123.2799999999997,2184.9799999999996,2246.75,2291.8,2325.2599999999998,2384.24,2451.23,2527.5999999999995,2629.38,2663.22,2723.64,2785.4999999999995,2848.2999999999997,2912.14,2991.21,3188.5599999999995,3407.67
B-Sedan,2,2022-11-30,1,2022-12-31,DeepAR,2225.0,2054.830322265625,2245.504638671875,2384.939208984375,2505.3603515625,2579.61083984375,2633.11669921875,2655.281494140625,2707.21337890625,2742.493896484375,2762.79443359375,2800.218994140625,2854.9697265625,2877.587158203125,2905.826171875,2954.335693359375,2986.24658203125,3069.691650390625,3280.027587890625,3404.422119140625
B-Sedan,2,2022-11-30,2,2023-01-31,DeepAR,2364.6,2085.29345703125,2221.87548828125,2349.9306640625,2461.038330078125,2522.30419921875,2616.34130859375,2669.72900390625,2687.43896484375,2749.04931640625,2788.3037109375,2806.951416015625,2835.0009765625,2895.123779296875,2946.140380859375,2970.415283203125,3055.98193359375,3128.915771484375,3222.115966796875,3552.202392578125
B-Sedan,2,2022-11-30,3,2023-02-28,DeepAR,2668.6,1981.5045166015625,2214.409423828125,2404.617431640625,2486.9423828125,2507.81005859375,2579.930908203125,2628.256591796875,2688.122314453125,2759.869384765625,2837.556396484375,2850.652587890625,2865.23193359375,2901.6376953125,2966.6904296875,3026.072021484375,3042.918701171875,3104.466796875,3157.83203125,3208.96044921875
B-Sedan,2,2022-11-30,4,2023-03-31,DeepAR,2188.4,2150.212890625,2360.47314453125,2429.8681640625,2459.210693359375,2538.489501953125,2598.8408203125,2632.396240234375,2649.8818359375,2691.13330078125,2744.0947265625,2769.128662109375,2835.50341796875,2882.699462890625,2923.678466796875,2960.05908203125,3001.742919921875,3050.945068359375,3134.072021484375,3169.2763671875
B-Sedan,2,2022-11-30,5,2023-04-30,DeepAR,2768.7,1931.69775390625,2086.947265625,2308.78125,2432.84130859375,2469.50732421875,2545.38427734375,2626.145263671875,2666.919677734375,2699.80859375,2738.69970703125,2780.525634765625,2820.1552734375,2898.0654296875,2937.406494140625,2980.522216796875,3031.600830078125,3087.296630859375,3205.169921875,3426.263916015625
B-Sedan,2,2022-11-30,6,2023-05-31,DeepAR,2796.9,2071.824462890625,2223.705810546875,2400.229248046875,2484.919677734375,2568.6943359375,2643.694580078125,2680.623779296875,2720.37451171875,2771.5244140625,2783.108154296875,2795.057373046875,2839.259765625,2920.2421875,2944.84228515625,2989.96533203125,3016.366943359375,3081.2880859375,3230.3564453125,3524.99462890625
B-Sedan,2,2022-11-30,7,2023-06-30,DeepAR,2524.7,1947.093994140625,2186.46240234375,2353.751220703125,2455.12109375,2560.430908203125,2596.32666015625,2649.40380859375,2680.3818359375,2733.916015625,2779.2587890625,2824.083251953125,2888.248046875,2911.589111328125,2946.427001953125,3012.85595703125,3079.13671875,3165.323974609375,3301.860107421875,3579.773193359375
B-Sedan,2,2022-11-30,8,2023-07-31,DeepAR,1737.1,1944.0706787109375,2110.81689453125,2332.42626953125,2466.20556640625,2512.36962890625,2566.066650390625,2605.423583984375,2653.74365234375,2664.960205078125,2708.486083984375,2763.110107421875,2828.983642578125,2873.726806640625,2948.306396484375,3031.1533203125,3093.628662109375,3190.570068359375,3238.547607421875,3436.4833984375
B-Sedan,2,2022-11-30,9,2023-08-31,DeepAR,2009.2,1540.052001953125,2122.631591796875,2323.288330078125,2498.884765625,2540.428466796875,2610.57080078125,2717.651123046875,2756.93359375,2768.0498046875,2825.968994140625,2867.373291015625,2905.715087890625,2979.3798828125,3035.061767578125,3083.47900390625,3147.27197265625,3180.95947265625,3311.8515625,3521.336669921875
B-Sedan,2,2022-11-30,10,2023-09-30,DeepAR,2076.3,1885.6512451171875,2127.8720703125,2293.994384765625,2438.64599609375,2529.349365234375,2569.258056640625,2584.412841796875,2625.38720703125,2651.25244140625,2686.017578125,2713.259033203125,2733.241943359375,2791.813720703125,2874.633056640625,2933.050537109375,2978.890380859375,3002.01171875,3112.8212890625,3257.17919921875
B-Sedan,2,2022-11-30,11,2023-10-31,DeepAR,2831.2,2178.793701171875,2265.986328125,2331.689453125,2410.796630859375,2469.434326171875,2497.130615234375,2532.2822265625,2585.4951171875,2636.099365234375,2681.86865234375,2744.905517578125,2764.1591796875,2832.794677734375,2863.91259765625,2911.16650390625,2953.17578125,3095.431884765625,3193.05322265625,3430.87890625
B-Sedan,2,2022-11-30,12,2023-11-30,DeepAR,1927.6,2090.63916015625,2226.625244140625,2295.61083984375,2429.589111328125,2521.152099609375,2593.600341796875,2635.839111328125,2672.311279296875,2711.693359375,2770.0712890625,2797.753173828125,2818.593505859375,2855.414306640625,2899.451416015625,2984.435302734375,3053.34521484375,3124.48876953125,3207.99365234375,3400.44189453125
B-Sedan,3,2023-02-28,1,2023-03-31,SeasonalNaive,2188.4,2370.825,2491.3,2590.1749999999997,2720.2999999999997,2764.5,2825.6,2866.6749999999993,2930.7,2981.9,3051.05,3143.075,3214.7999999999997,3270.975,3334.5,3398.075,3460.2999999999997,3547.125,3723.5499999999997,3962.925
B-Sedan,3,2023-02-28,2,2023-04-30,SeasonalNaive,2768.7,2556.825,2677.3,2776.1749999999997,2906.2999999999997,2950.5,3011.6,3052.6749999999993,3116.7,3167.9,3237.05,3329.075,3400.7999999999997,3456.975,3520.5,3584.075,3646.2999999999997,3733.125,3909.5499999999997,4148.925
B-Sedan,3,2023-02-28,3,2023-05-31,SeasonalNaive,2796.9,2155.825,2276.3,2375.1749999999997,2505.2999999999997,2549.5,2610.6,2651.6749999999993,2715.7,2766.9,2836.05,2928.075,2999.7999999999997,3055.975,3119.5,3183.075,3245.2999999999997,3332.125,3508.5499999999997,3747.925
B-Sedan,3,2023-02-28,4,2023-06-30,SeasonalNaive,2524.7,2302.625,2423.1000000000004,2521.975,2652.1,2696.3,2757.4,2798.4749999999995,2862.5,2913.7000000000003,2982.8500000000004,3074.875,3146.6,3202.775,3266.3,3329.875,3392.1,3478.925,3655.35,3894.7250000000004
B-Sedan,3,2023-02-28,5,2023-07-31,SeasonalNaive,1737.1,1461.9250000000002,1582.4000000000003,1681.275,1811.4,1855.6000000000001,1916.7000000000003,1957.7749999999999,2021.8000000000002,2073.0000000000005,2142.1500000000005,2234.175,2305.9,2362.0750000000003,2425.6000000000004,2489.175,2551.4,2638.2250000000004,2814.65,3054.0250000000005
B-Sedan,3,2023-02-28,6,2023-08-31,SeasonalNaive,2009.2,1389.525,1510.0000000000002,1608.875,1739.0,1783.2,1844.3000000000002,1885.3749999999998,1949.4,2000.6000000000004,2069.75,2161.775,2233.5,2289.675,2353.2,2416.7749999999996,2479.0,2565.825,2742.25,2981.625
B-Sedan,3,2023-02-28,7,2023-09-30,SeasonalNaive,2076.3,1890.025,2010.5000000000002,2109.375,2239.5,2283.7,2344.8,2385.8749999999995,2449.9,2501.1000000000004,2570.25,2662.275,2734.0,2790.175,2853.7,2917.2749999999996,2979.5,3066.325,3242.75,3482.125
B-Sedan,3,2023-02-28,8,2023-10-31,SeasonalNaive,2831.2,2040.125,2160.6000000000004,2259.475,2389.6,2433.8,2494.9,2535.9749999999995,2600.0,2651.2000000000003,2720.3500000000004,2812.375,2884.1,2940.275,3003.8,3067.375,3129.6,3216.425,3392.85,3632.2250000000004
B-Sedan,3,2023-02-28,9,2023-11-30,SeasonalNaive,1927.6,1814.3249999999998,1934.8,2033.6749999999997,2163.7999999999997,2208.0,2269.1,2310.1749999999993,2374.2,2425.4,2494.55,2586.575,2658.2999999999997,2714.475,2778.0,2841.575,2903.7999999999997,2990.625,3167.0499999999997,3406.425
B-Sedan,3,2023-02-28,10,2023-12-31,SeasonalNaive,2213.4,1537.125,1657.6000000000001,1756.475,1886.6,1930.8,1991.9,2032.9749999999997,2097.0,2148.2000000000003,2217.3500000000004,2309.375,2381.1,2437.275,2500.8,2564.375,2626.6,2713.425,2889.85,3129.2250000000004
B-Sedan,3,2023-02-28,11,2024-01-31,SeasonalNaive,3020.4,1676.725,1797.2,1896.0749999999998,2026.1999999999998,2070.3999999999996,2131.5,2172.5749999999994,2236.6,2287.8,2356.95,2448.975,2520.7,2576.875,2640.3999999999996,2703.9749999999995,2766.2,2853.0249999999996,3029.45,3268.825
B-Sedan,3,2023-02-28,12,2024-02-29,SeasonalNaive,2684.8,1980.725,2101.2,2200.075,2330.2,2374.3999999999996,2435.5,2476.5749999999994,2540.6,2591.8,2660.95,2752.975,2824.7,2880.875,2944.3999999999996,3007.9749999999995,3070.2,3157.0249999999996,3333.45,3572.825
B-Sedan,3,2023-02-28,1,2023-03-31,DeepAR,2188.4,2067.769287109375,2251.989013671875,2386.271728515625,2502.4033203125,2573.998046875,2625.847900390625,2646.989501953125,2697.13525390625,2731.131103515625,2750.71240234375,2786.824462890625,2839.646240234375,2861.44677734375,2888.6787109375,2935.265625,2966.209228515625,3046.8076171875,3249.45751953125,3369.64111328125
B-Sedan,3,2023-02-28,2,2023-04-30,DeepAR,2768.7,2081.161865234375,2213.77978515625,2337.626953125,2445.091552734375,2504.443359375,2595.554931640625,2647.312255859375,2664.42822265625,2724.124267578125,2762.154541015625,2780.224365234375,2807.392578125,2865.6005859375,2915.061767578125,2938.599365234375,3021.401611328125,3092.165283203125,3182.271728515625,3502.06005859375
B-Sedan,3,2023-02-28,3,2023-05-31,DeepAR,2796.9,1975.7525634765625,2201.656005859375,2386.046630859375,2465.878173828125,2486.14453125,2556.004638671875,2602.947265625,2661.12158203125,2730.56396484375,2805.907958984375,2818.615966796875,2832.68603515625,2868.048828125,2931.15380859375,2988.7373046875,3005.126220703125,3064.778564453125,3116.62744140625,3166.136962890625
B-Sedan,3,2023-02-28,4,2023-06-30,DeepAR,2524.7,2126.080078125,2330.83447265625,2398.29443359375,2427.079345703125,2504.137451171875,2562.85888671875,2595.54248046875,2612.593505859375,2652.794189453125,2704.38525390625,2728.699951171875,2793.365234375,2839.2841796875,2879.167236328125,2914.581298828125,2955.248779296875,3003.12548828125,3084.10888671875,3118.408203125
B-Sedan,3,2023-02-28,5,2023-07-31,DeepAR,1737.1,1905.7008056640625,2056.9873046875,2273.236083984375,2394.16357421875,2430.013427734375,2503.893798828125,2582.673828125,2622.48583984375,2654.43408203125,2692.6162109375,2733.2421875,2771.677734375,2847.94140625,2886.220947265625,2928.18798828125,2977.977294921875,3032.081787109375,3147.124267578125,3362.67626953125
B-Sedan,3,2023-02-28,6,2023-08-31,DeepAR,2009.2,2041.4866943359375,2189.10009765625,2362.13330078125,2444.447998046875,2526.4833984375,2599.3251953125,2635.718994140625,2674.262939453125,2724.300048828125,2735.6767578125,2747.447021484375,2790.496826171875,2869.482177734375,2893.593994140625,2937.525634765625,2963.255126953125,3026.6240234375,3172.38330078125,3459.9990234375
B-Sedan,3,2023-02-28,7,2023-09-30,DeepAR,2076.3,1931.51806640625,2164.785888671875,2327.54833984375,2426.2470703125,2528.7548828125,2563.673583984375,2615.450927734375,2645.478759765625,2697.5439453125,2741.77490234375,2785.735107421875,2847.872314453125,2870.4169921875,2904.456298828125,2969.052001953125,3033.492919921875,3117.476806640625,3250.512451171875,3520.951416015625
B-Sedan,3,2023-02-28,8,2023-10-31,DeepAR,2831.2,1936.4637451171875,2098.630126953125,2314.625244140625,2443.708984375,2489.093994140625,2541.082275390625,2578.989013671875,2626.276123046875,2636.900634765625,2679.466552734375,2732.578125,2796.37939453125,2839.9013671875,2912.30859375,2992.858154296875,3053.599853515625,3147.799072265625,3194.264892578125,3386.73486328125
B-Sedan,3,2023-02-28,9,2023-11-30,DeepAR,1927.6,1545.6787109375,2111.47119140625,2305.951171875,2476.346435546875,2516.55908203125,2584.517822265625,2688.495361328125,2726.559814453125,2737.396484375,2793.698974609375,2833.645751953125,2870.95361328125,2942.382568359375,2996.503662109375,3043.5546875,3105.335693359375,3137.873291015625,3265.47314453125,3468.515625
B-Sedan,3,2023-02-28,10,2023-12-31,DeepAR,2213.4,1881.8026123046875,2116.6064453125,2277.495849609375,2417.70263671875,2505.7626953125,2544.898193359375,2559.41796875,2599.34912109375,2624.31591796875,2657.78564453125,2684.50732421875,2703.695556640625,2760.7314453125,2840.84765625,2897.602783203125,2941.849853515625,2964.41259765625,3071.80126953125,3212.112548828125
B-Sedan,3,2023-02-28,11,2024-01-31,DeepAR,3020.4,2182.4765625,2266.78955078125,2329.566162109375,2406.146240234375,2462.980712890625,2489.89453125,2523.362548828125,2575.018310546875,2623.92431640625,2668.073974609375,2729.08837890625,2747.4716796875,2813.921630859375,2844.232666015625,2889.239990234375,2930.45068359375,3067.76025390625,3161.949951171875,3392.01220703125
B-Sedan,3,2023-02-28,12,2024-02-29,DeepAR,2684.8,2105.03369140625,2235.90185546875,2302.59228515625,2431.89794921875,2520.447021484375,2590.57177734375,2630.88037109375,2666.158447265625,2704.29248046875,2760.156494140625,2787.177001953125,2807.3818359375,2842.41162109375,2885.253173828125,2967.3857421875,3033.874755859375,3102.14453125,3182.895263671875,3368.41455078125
B-Sedan,4,2023-05-31,1,2023-06-30,SeasonalNaive,2524.7,2281.26,2400.26,2514.18,2613.26,2687.5,2745.24,2788.18,2838.9,2907.7,2974.0,3038.6800000000003,3130.94,3180.58,3253.3999999999996,3316.6,3382.6800000000003,3473.04,3633.84,3893.48
B-Sedan,4,2023-05-31,2,2023-07-31,SeasonalNaive,1737.1,1440.5600000000004,1559.5600000000002,1673.48,1772.5600000000002,1846.8000000000002,1904.5400000000002,1947.48,1998.2000000000003,2067.0,2133.3,2197.9800000000005,2290.2400000000002,2339.88,2412.7,2475.9,2541.9800000000005,2632.34,2793.1400000000003,3052.78
B-Sedan,4,2023-05-31,3,2023-08-31,SeasonalNaive,2009.2,1368.1600000000003,1487.16,1601.08,1700.16,1774.4,1832.14,1875.08,1925.8000000000002,1994.6000000000001,2060.9,2125.5800000000004,2217.84,2267.48,2340.2999999999997,2403.5,2469.5800000000004,2559.94,2720.7400000000002,2980.38
B-Sedan,4,2023-05-31,4,2023-09-30,SeasonalNaive,2076.3,1868.6600000000003,1987.66,2101.58,2200.6600000000003,2274.9,2332.64,2375.58,2426.3,2495.1,2561.4,2626.0800000000004,2718.34,2767.98,2840.7999999999997,2904.0,2970.0800000000004,3060.44,3221.2400000000002,3480.88
B-Sedan,4,2023-05-31,5,2023-10-31,SeasonalNaive,2831.2,2018.7600000000002,2137.76,2251.68,2350.76,2425.0,2482.74,2525.68,2576.4,2645.2,2711.5,2776.1800000000003,2868.44,2918.08,2990.8999999999996,3054.1,3120.1800000000003,3210.54,3371.34,3630.98
B-Sedan,4,2023-05-31,6,2023-11-30,SeasonalNaive,1927.6,1792.96,1911.9599999999998,2025.8799999999997,2124.96,2199.2,2256.9399999999996,2299.8799999999997,2350.6,2419.3999999999996,2485.7,2550.38,2642.64,2692.2799999999997,2765.0999999999995,2828.2999999999997,2894.38,2984.74,3145.54,3405.18
B-Sedan,4,2023-05-31,7,2023-12-31,SeasonalNaive,2213.4,1515.7600000000002,1634.76,1748.6799999999998,1847.76,1922.0,1979.74,2022.6799999999998,2073.4,2142.2,2208.5,2273.1800000000003,2365.44,2415.08,2487.8999999999996,2551.1,2617.1800000000003,2707.54,2868.34,3127.98
B-Sedan,4,2023-05-31,8,2024-01-31,SeasonalNaive,3020.4,1655.3600000000001,1774.36,1888.2799999999997,1987.36,2061.6,2119.3399999999997,2162.2799999999997,2213.0,2281.7999999999997,2348.1,2412.78,2505.04,2554.68,2627.4999999999995,2690.7,2756.78,2847.14,3007.94,3267.58
B-Sedan,4,2023-05-31,9,2024-02-29,SeasonalNaive,2684.8,1959.3600000000001,2078.3599999999997,2192.2799999999997,2291.36,2365.6,2423.3399999999997,2466.2799999999997,2517.0,2585.7999999999997,2652.1,2716.78,2809.04,2858.68,2931.4999999999995,2994.7,3060.78,3151.14,3311.94,3571.58
B-Sedan,4,2023-05-31,10,2024-03-31,SeasonalNaive,2446.2,1479.1600000000003,1598.16,1712.08,1811.16,1885.4,1943.14,1986.08,2036.8000000000002,2105.6,2171.9,2236.5800000000004,2328.84,2378.48,2451.2999999999997,2514.5,2580.5800000000004,2670.94,2831.7400000000002,3091.38
B-Sedan,4,2023-05-31,11,2024-04-30,SeasonalNaive,2425.6,2059.46,2178.46,2292.3799999999997,2391.46,2465.7,2523.4399999999996,2566.3799999999997,2617.1,2685.8999999999996,2752.2,2816.88,2909.14,2958.7799999999997,3031.5999999999995,3094.7999999999997,3160.88,3251.24,3412.04,3671.68
B-Sedan,4,2023-05-31,12,2024-05-31,SeasonalNaive,2553.6,2087.6600000000003,2206.66,2320.58,2419.6600000000003,2493.9,2551.64,2594.58,2645.3,2714.1,2780.4,2845.0800000000004,2937.34,2986.98,3059.7999999999997,3123.0,3189.0800000000004,3279.44,3440.2400000000002,3699.88
B-Sedan,4,2023-05-31,1,2023-06-30,DeepAR,2524.7,1962.8531494140625,2144.876708984375,2277.74169921875,2392.579345703125,2463.381103515625,2514.546630859375,2535.55224609375,2585.112060546875,2618.74072265625,2638.102294921875,2673.80322265625,2726.027587890625,2747.590087890625,2774.518798828125,2820.66943359375,2851.1962890625,2930.843017578125,3131.31689453125,3250.06787109375
B-Sedan,4,2023-05-31,2,2023-07-31,DeepAR,1737.1,1968.102783203125,2098.914306640625,2221.8642578125,2328.480224609375,2387.29296875,2477.46533203125,2528.6611328125,2545.640380859375,2604.7109375,2642.347900390625,2660.211181640625,2687.10595703125,2744.803955078125,2793.734130859375,2816.940185546875,2899.1240234375,2968.9853515625,3058.5126953125,3375.05078125
B-Sedan,4,2023-05-31,3,2023-08-31,DeepAR,2009.2,1859.8970947265625,2084.1865234375,2267.236083984375,2346.713623046875,2366.823486328125,2436.088134765625,2482.46728515625,2540.116943359375,2609.16552734375,2683.923095703125,2696.522705078125,2710.529052734375,2745.50634765625,2808.126953125,2865.19921875,2881.436279296875,2940.680908203125,2992.04345703125,3041.233642578125
B-Sedan,4,2023-05-31,4,2023-09-30,DeepAR,2076.3,2021.8411865234375,2224.466064453125,2291.205322265625,2319.82275390625,2395.874267578125,2454.05029296875,2486.48193359375,2503.274169921875,2543.063232421875,2594.117919921875,2618.143310546875,2682.169677734375,2727.545166015625,2766.975341796875,2802.020263671875,2842.440185546875,2889.700439453125,2969.97802734375,3003.865234375
B-Sedan,4,2023-05-31,5,2023-10-31,DeepAR,2831.2,1812.9825439453125,1962.3306884765625,2175.859619140625,2295.230224609375,2330.611572265625,2403.64990234375,2481.419189453125,2520.683837890625,2552.26806640625,2589.893310546875,2630.03857421875,2668.00390625,2743.2041015625,2781.023193359375,2822.494384765625,2871.61572265625,2924.990478515625,3038.783447265625,3251.43017578125
B-Sedan,4,2023-05-31,6,2023-11-30,DeepAR,1927.6,1949.712890625,2095.120361328125,2265.705810546875,2346.7822265625,2427.64501953125,2499.510986328125,2535.31103515625,2573.376708984375,2622.76171875,2633.836669921875,2645.353515625,2687.93017578125,2765.70556640625,2789.403564453125,2832.75439453125,2858.16357421875,2920.55078125,3064.169189453125,3347.85400390625
B-Sedan,4,2023-05-31,7,2023-12-31,DeepAR,2213.4,1841.1187744140625,2070.720458984375,2231.237060546875,2328.41357421875,2429.45751953125,2463.848388671875,2515.10400390625,2544.46533203125,2595.7421875,2639.387939453125,2682.916259765625,2743.876220703125,2766.07958984375,2799.670654296875,2863.223388671875,2926.662841796875,3009.5537109375,3140.364501953125,3406.998291015625
B-Sedan,4,2023-05-31,8,2024-01-31,DeepAR,3020.4,1862.776123046875,2021.7093505859375,2233.697509765625,2359.978759765625,2404.6826171875,2456.020263671875,2492.58740234375,2539.466064453125,2549.701904296875,2591.302001953125,2643.5556640625,2706.021484375,2748.79736328125,2819.93505859375,2899.108642578125,2958.551025390625,3050.869140625,3096.634765625,3285.386474609375
B-Sedan,4,2023-05-31,9,2024-02-29,DeepAR,2684.8,1488.7220458984375,2042.283447265625,2232.784912109375,2399.834716796875,2439.25,2505.812255859375,2607.426513671875,2644.88525390625,2655.520263671875,2710.85009765625,2749.765869140625,2786.620361328125,2856.45166015625,2909.54541015625,2955.64111328125,3016.255615234375,3048.034912109375,3173.174560546875,3371.45947265625
B-Sedan,4,2023-05-31,10,2024-03-31,DeepAR,2446.2,1818.987060546875,2047.864990234375,2205.5654296875,2342.44921875,2429.08544921875,2467.76806640625,2481.630126953125,2520.776123046875,2545.107666015625,2577.6015625,2603.787353515625,2622.45166015625,2678.6005859375,2756.761962890625,2812.2861328125,2855.3974609375,2877.447998046875,2982.66455078125,3120.087890625
B-Sedan,4,2023-05-31,11,2024-04-30,DeepAR,2425.6,2097.32275390625,2180.0546875,2241.518310546875,2316.73291015625,2372.424560546875,2398.997802734375,2431.980712890625,2482.51708984375,2530.92822265625,2574.248779296875,2634.438232421875,2652.216064453125,2717.708251953125,2747.206787109375,2791.573974609375,2831.971435546875,2967.0322265625,3059.685791015625,3285.9072265625
B-Sedan,4,2023-05-31,12,2024-05-31,DeepAR,2553.6,2012.4365234375,2141.1728515625,2207.039794921875,2334.26416015625,2421.58154296875,2490.55615234375,2530.10205078125,2564.962158203125,2602.594482421875,2657.633544921875,2683.92431640625,2703.822265625,2738.18212890625,2780.44580078125,2861.487548828125,2926.908203125,2994.172119140625,3073.660400390625,3256.292236328125
B-Sedan,5,2023-08-31,1,2023-09-30,SeasonalNaive,2076.3,1871.795,1993.3000000000002,2101.76,2171.62,2250.6749999999997,2319.19,2372.5000000000005,2410.86,2492.59,2529.55,2604.0249999999996,2706.98,2758.1800000000003,2820.13,2887.7250000000004,2963.1200000000003,3047.93,3202.3,3479.635
B-Sedan,5,2023-08-31,2,2023-10-31,SeasonalNaive,2831.2,2021.895,2143.4,2251.86,2321.72,2400.7749999999996,2469.29,2522.6000000000004,2560.96,2642.6899999999996,2679.6500000000005,2754.1249999999995,2857.08,2908.28,2970.23,3037.825,3113.2200000000003,3198.0299999999997,3352.4000000000005,3629.735
B-Sedan,5,2023-08-31,3,2023-11-30,SeasonalNaive,1927.6,1796.0949999999998,1917.6,2026.0599999999997,2095.9199999999996,2174.9749999999995,2243.49,2296.8,2335.16,2416.8899999999994,2453.8500000000004,2528.3249999999994,2631.2799999999997,2682.48,2744.43,2812.0249999999996,2887.42,2972.2299999999996,3126.6000000000004,3403.935
B-Sedan,5,2023-08-31,4,2023-12-31,SeasonalNaive,2213.4,1518.895,1640.4,1748.86,1818.7199999999998,1897.7749999999996,1966.29,2019.6000000000004,2057.96,2139.6899999999996,2176.6500000000005,2251.1249999999995,2354.08,2405.28,2467.23,2534.825,2610.2200000000003,2695.0299999999997,2849.4000000000005,3126.735
B-Sedan,5,2023-08-31,5,2024-01-31,SeasonalNaive,3020.4,1658.495,1780.0,1888.4599999999998,1958.3199999999997,2037.3749999999995,2105.89,2159.2000000000003,2197.56,2279.29,2316.25,2390.7249999999995,2493.68,2544.88,2606.83,2674.425,2749.82,2834.6299999999997,2989.0,3266.335
B-Sedan,5,2023-08-31,6,2024-02-29,SeasonalNaive,2684.8,1962.495,2084.0,2192.46,2262.3199999999997,2341.3749999999995,2409.89,2463.2000000000003,2501.56,2583.29,2620.25,2694.7249999999995,2797.68,2848.88,2910.83,2978.425,3053.82,3138.6299999999997,3293.0,3570.335
B-Sedan,5,2023-08-31,7,2024-03-31,SeasonalNaive,2446.2,1482.295,1603.8000000000002,1712.26,1782.12,1861.1749999999997,1929.69,1983.0000000000005,2021.3600000000001,2103.09,2140.05,2214.5249999999996,2317.48,2368.6800000000003,2430.63,2498.2250000000004,2573.6200000000003,2658.43,2812.8,3090.135
B-Sedan,5,2023-08-31,8,2024-04-30,SeasonalNaive,2425.6,2062.595,2184.1,2292.56,2362.4199999999996,2441.4749999999995,2509.99,2563.3,2601.66,2683.3899999999994,2720.3500000000004,2794.8249999999994,2897.7799999999997,2948.98,3010.93,3078.5249999999996,3153.92,3238.7299999999996,3393.1000000000004,3670.435
B-Sedan,5,2023-08-31,9,2024-05-31,SeasonalNaive,2553.6,2090.795,2212.3,2320.76,2390.62,2469.6749999999997,2538.19,2591.5000000000005,2629.86,2711.59,2748.55,2823.0249999999996,2925.98,2977.1800000000003,3039.13,3106.7250000000004,3182.1200000000003,3266.93,3421.3,3698.635
B-Sedan,5,2023-08-31,10,2024-06-30,SeasonalNaive,2312.7,1818.5949999999998,1940.1,2048.56,2118.4199999999996,2197.4749999999995,2265.99,2319.3,2357.66,2439.3899999999994,2476.3500000000004,2550.8249999999994,2653.7799999999997,2704.98,2766.93,2834.5249999999996,2909.92,2994.7299999999996,3149.1000000000004,3426.435
B-Sedan,5,2023-08-31,11,2024-07-31,SeasonalNaive,1952.3,1030.995,1152.5,1260.9599999999998,1330.8199999999997,1409.8749999999995,1478.3899999999999,1531.7000000000003,1570.06,1651.7899999999997,1688.7500000000002,1763.2249999999997,1866.1799999999998,1917.3799999999999,1979.33,2046.925,2122.32,2207.1299999999997,2361.5,2638.835
B-Sedan,5,2023-08-31,12,2024-08-31,SeasonalNaive,2164.7,1303.0950000000003,1424.6,1533.06,1602.9199999999998,1681.975,1750.49,1803.8000000000002,1842.16,1923.8899999999999,1960.8500000000004,2035.3249999999998,2138.28,2189.48,2251.43,2319.025,2394.42,2479.23,2633.6000000000004,2910.9350000000004
B-Sedan,5,2023-08-31,1,2023-09-30,DeepAR,2076.3,1960.9442138671875,2143.72314453125,2277.748291015625,2393.36279296875,2464.658935546875,2515.817626953125,2537.29541015625,2587.100341796875,2620.996337890625,2640.483642578125,2676.39697265625,2728.9443359375,2750.668701171875,2777.78125,2824.51904296875,2855.01318359375,2935.020751953125,3137.125244140625,3256.36865234375
B-Sedan,5,2023-08-31,2,2023-10-31,DeepAR,2831.2,1973.8563232421875,2103.905029296875,2228.31982421875,2336.20703125,2395.236328125,2485.768798828125,2537.02197265625,2554.27685546875,2613.576416015625,2651.38134765625,2669.319091796875,2696.359619140625,2754.465087890625,2803.442626953125,2826.696044921875,2909.614501953125,2979.34521484375,3070.051513671875,3388.025634765625
B-Sedan,5,2023-08-31,3,2023-11-30,DeepAR,1927.6,1874.028564453125,2098.842041015625,2282.22119140625,2361.944091796875,2382.1484375,2451.439453125,2497.790771484375,2555.591064453125,2624.761474609375,2699.638671875,2712.24267578125,2726.285888671875,2761.274169921875,2824.03466796875,2881.123779296875,2897.397705078125,2956.71875,3008.21728515625,3057.46142578125
B-Sedan,5,2023-08-31,4,2023-12-31,DeepAR,2213.4,2035.3348388671875,2237.98681640625,2304.767822265625,2333.482666015625,2409.510986328125,2467.788330078125,2500.324462890625,2516.97412109375,2556.7607421875,2607.898681640625,2631.89892578125,2695.92578125,2741.32763671875,2780.80078125,2815.727783203125,2856.4580078125,2903.5625,2983.923095703125,3017.7802734375
B-Sedan,5,2023-08-31,5,2024-01-31,DeepAR,3020.4,1841.769775390625,1990.534423828125,2203.40283203125,2322.465576171875,2357.735595703125,2430.64892578125,2507.88330078125,2547.013916015625,2578.6181640625,2616.03759765625,2656.359375,2694.02099609375,2768.762451171875,2806.6455078125,2847.931396484375,2896.967529296875,2950.086669921875,3063.359619140625,3275.270263671875
B-Sedan,5,2023-08-31,6,2024-02-29,DeepAR,2684.8,1983.004638671875,2127.83056640625,2297.7470703125,2378.126220703125,2459.01953125,2530.91259765625,2566.439208984375,2604.193359375,2653.618896484375,2664.51220703125,2675.935302734375,2718.661865234375,2795.9716796875,2819.41259765625,2862.5390625,2888.12744140625,2950.0498046875,3093.1240234375,3375.6337890625
B-Sedan,5,2023-08-31,7,2024-03-31,DeepAR,2446.2,1875.7293701171875,2103.844482421875,2263.828125,2360.37890625,2460.89794921875,2495.158935546875,2546.001708984375,2575.451416015625,2626.37744140625,2669.819091796875,2713.134033203125,2773.873046875,2795.92236328125,2829.3955078125,2892.6083984375,2955.775390625,3038.275146484375,3168.3046875,3433.64453125
B-Sedan,5,2023-08-31,8,2024-04-30,DeepAR,2425.6,1880.59765625,2039.5869140625,2251.781494140625,2378.06298828125,2422.675048828125,2474.083251953125,2510.51513671875,2557.53564453125,2567.735107421875,2609.221923828125,2661.5107421875,2723.99365234375,2766.77294921875,2837.911376953125,2917.131591796875,2976.50732421875,3068.893310546875,3114.54541015625,3303.54345703125
B-Sedan,5,2023-08-31,9,2024-05-31,DeepAR,2553.6,1498.622314453125,2053.46484375,2244.171875,2411.396240234375,2450.82080078125,2517.49365234375,2619.1767578125,2656.660888671875,2667.341796875,2722.79150390625,2761.67431640625,2798.500732421875,2868.53125,2921.673828125,2967.844482421875,3028.417724609375,3060.229736328125,3185.615966796875,3384.5068359375
B-Sedan,5,2023-08-31,10,2024-06-30,DeepAR,2312.7,1819.4510498046875,2049.873291015625,2207.86767578125,2345.480224609375,2432.156982421875,2470.931396484375,2485.260498046875,2524.642333984375,2548.969482421875,2581.485107421875,2607.8701171875,2626.633056640625,2683.044677734375,2761.39892578125,2817.3369140625,2860.614501953125,2882.854248046875,2988.47314453125,3126.429931640625
B-Sedan,5,2023-08-31,11,2024-07-31,DeepAR,1952.3,2093.5556640625,2175.815673828125,2238.437744140625,2313.84375,2369.535888671875,2396.585205078125,2429.666259765625,2480.36474609375,2528.92822265625,2572.42578125,2632.598876953125,2650.97412109375,2716.408935546875,2746.250732421875,2790.97607421875,2831.572265625,2967.3701171875,3060.443359375,3287.676025390625
B-Sedan,5,2023-08-31,12,2024-08-31,DeepAR,2164.7,2003.840087890625,2134.159912109375,2200.170166015625,2328.31689453125,2416.25732421875,2485.6796875,2525.38525390625,2560.398193359375,2598.414306640625,2653.81494140625,2680.383544921875,2700.422119140625,2735.57568359375,2777.38037109375,2859.0068359375,2925.209228515625,2992.986328125,3072.846923828125,3257.08935546875
B-Sedan,6,2023-11-30,1,2023-12-31,SeasonalNaive,2213.4,1522.0300000000002,1641.82,1746.8899999999999,1780.16,1891.3999999999999,1944.84,2002.4399999999998,2046.88,2118.76,2175.1000000000004,2241.91,2337.64,2383.71,2458.3399999999997,2524.25,2608.18,2682.98,2835.6000000000004,3125.49
B-Sedan,6,2023-11-30,2,2024-01-31,SeasonalNaive,3020.4,1661.63,1781.4199999999998,1886.4899999999998,1919.76,2030.9999999999998,2084.4399999999996,2142.04,2186.48,2258.3599999999997,2314.7000000000003,2381.5099999999998,2477.24,2523.31,2597.9399999999996,2663.85,2747.7799999999997,2822.58,2975.2000000000003,3265.09
B-Sedan,6,2023-11-30,3,2024-02-29,SeasonalNaive,2684.8,1965.63,2085.42,2190.49,2223.76,2335.0,2388.4399999999996,2446.04,2490.48,2562.3599999999997,2618.7000000000003,2685.5099999999998,2781.24,2827.31,2901.9399999999996,2967.85,3051.7799999999997,3126.58,3279.2000000000003,3569.09
B-Sedan,6,2023-11-30,4,2024-03-31,SeasonalNaive,2446.2,1485.4300000000003,1605.22,1710.29,1743.5600000000002,1854.8,1908.24,1965.84,2010.2800000000002,2082.16,2138.5000000000005,2205.31,2301.04,2347.11,2421.74,2487.65,2571.58,2646.38,2799.0000000000005,3088.8900000000003
B-Sedan,6,2023-11-30,5,2024-04-30,SeasonalNaive,2425.6,2065.73,2185.5199999999995,2290.5899999999997,2323.8599999999997,2435.0999999999995,2488.5399999999995,2546.14,2590.58,2662.46,2718.8,2785.6099999999997,2881.3399999999997,2927.41,3002.0399999999995,3067.95,3151.8799999999997,3226.68,3379.3,3669.1899999999996
B-Sedan,6,2023-11-30,6,2024-05-31,SeasonalNaive,2553.6,2093.9300000000003,2213.7200000000003,2318.79,2352.0600000000004,2463.3,2516.74,2574.34,2618.78,2690.66,2747.0000000000005,2813.81,2909.54,2955.61,3030.24,3096.15,3180.08,3254.88,3407.5000000000005,3697.3900000000003
B-Sedan,6,2023-11-30,7,2024-06-30,SeasonalNaive,2312.7,1821.73,1941.5199999999998,2046.5899999999997,2079.8599999999997,2191.0999999999995,2244.5399999999995,2302.14,2346.58,2418.46,2474.8,2541.6099999999997,2637.3399999999997,2683.41,2758.0399999999995,2823.95,2907.8799999999997,2982.68,3135.3,3425.1899999999996
B-Sedan,6,2023-11-30,8,2024-07-31,SeasonalNaive,1952.3,1034.13,1153.9199999999998,1258.9899999999998,1292.26,1403.4999999999998,1456.9399999999998,1514.5399999999997,1558.98,1630.86,1687.2000000000003,1754.0099999999998,1849.7399999999998,1895.81,1970.4399999999998,2036.35,2120.2799999999997,2195.08,2347.7000000000003,2637.59
B-Sedan,6,2023-11-30,9,2024-08-31,SeasonalNaive,2164.7,1306.2300000000002,1426.02,1531.09,1564.3600000000001,1675.6,1729.04,1786.6399999999999,1831.08,1902.96,1959.3000000000004,2026.11,2121.84,2167.9100000000003,2242.54,2308.45,2392.38,2467.18,2619.8,2909.69
B-Sedan,6,2023-11-30,10,2024-09-30,SeasonalNaive,1732.5,1373.3300000000004,1493.1200000000001,1598.19,1631.4600000000003,1742.7,1796.14,1853.74,1898.1800000000003,1970.0600000000002,2026.4000000000005,2093.21,2188.94,2235.01,2309.64,2375.55,2459.48,2534.28,2686.9000000000005,2976.79
B-Sedan,6,2023-11-30,11,2024-10-31,SeasonalNaive,2113.9,2128.23,2248.0199999999995,2353.0899999999997,2386.3599999999997,2497.5999999999995,2551.0399999999995,2608.64,2653.08,2724.96,2781.3,2848.1099999999997,2943.8399999999997,2989.91,3064.5399999999995,3130.45,3214.3799999999997,3289.18,3441.8,3731.6899999999996
B-Sedan,6,2023-11-30,12,2024-11-30,SeasonalNaive,2288.7,1224.63,1344.4199999999998,1449.4899999999998,1482.76,1593.9999999999998,1647.4399999999998,1705.0399999999997,1749.48,1821.36,1877.7000000000003,1944.5099999999998,2040.2399999999998,2086.31,2160.9399999999996,2226.85,2310.7799999999997,2385.58,2538.2000000000003,2828.09
B-Sedan,6,2023-11-30,1,2023-12-31,DeepAR,2213.4,1925.4207763671875,2108.04541015625,2241.998779296875,2357.536376953125,2428.785888671875,2479.88671875,2501.37255859375,2551.13818359375,2585.013916015625,2604.48828125,2640.37548828125,2692.885986328125,2714.596923828125,2741.691162109375,2788.416748046875,2818.874267578125,2898.816650390625,3100.8046875,3219.947509765625
B-Sedan,6,2023-11-30,2,2024-01-31,DeepAR,3020.4,1953.78271484375,2083.793701171875,2207.184326171875,2314.21875,2372.944091796875,2463.058349609375,2514.125,2531.228271484375,2590.26123046875,2627.888427734375,2645.7529296875,2672.655517578125,2730.400390625,2779.19921875,2802.404541015625,2884.7109375,2954.314208984375,3044.2060546875,3360.6376953125
B-Sedan,6,2023-11-30,3,2024-02-29,DeepAR,2684.8,1854.048583984375,2077.824951171875,2260.48828125,2339.6474609375,2359.7529296875,2428.89794921875,2475.145263671875,2532.65625,2601.589599609375,2676.161376953125,2688.704833984375,2702.762939453125,2737.638427734375,2800.137939453125,2857.049072265625,2873.2041015625,2932.25048828125,2983.54052734375,3032.6103515625
B-Sedan,6,2023-11-30,4,2024-03-31,DeepAR,2446.2,2019.1099853515625,2220.693603515625,2287.11279296875,2315.56494140625,2391.416259765625,2449.28564453125,2481.533203125,2498.210693359375,2537.7880859375,2588.66357421875,2612.56396484375,2676.21435546875,2721.455322265625,2760.75927734375,2795.507568359375,2835.69921875,2882.798583984375,2962.561279296875,2996.333740234375
B-Sedan,6,2023-11-30,5,2024-04-30,DeepAR,2425.6,1809.023681640625,1957.706787109375,2170.27734375,2289.332763671875,2324.549560546875,2397.390625,2474.724609375,2513.84130859375,2545.2880859375,2582.6611328125,2622.802734375,2660.633544921875,2735.3720703125,2773.08544921875,2814.4921875,2863.345703125,2916.536865234375,3029.8408203125,3241.54541015625
B-Sedan,6,2023-11-30,6,2024-05-31,DeepAR,2553.6,1946.804931640625,2091.7490234375,2261.552001953125,2342.273681640625,2422.8779296875,2494.657470703125,2530.162109375,2568.1142578125,2617.3515625,2628.32373046875,2639.743408203125,2682.28271484375,2759.6923828125,2783.272216796875,2826.442138671875,2851.86279296875,2913.953125,3056.982177734375,3339.522705078125
B-Sedan,6,2023-11-30,7,2024-06-30,DeepAR,2312.7,1827.619873046875,2056.798095703125,2217.024169921875,2314.07763671875,2414.88134765625,2449.20947265625,2500.378662109375,2529.70361328125,2580.85302734375,2624.425537109375,2667.8828125,2728.75,2750.890625,2784.372314453125,2847.873291015625,2911.20068359375,2993.931640625,3124.54345703125,3390.624755859375
B-Sedan,6,2023-11-30,8,2024-07-31,DeepAR,1952.3,1826.2550048828125,1985.9327392578125,2199.031494140625,2325.92822265625,2370.78076171875,2422.12939453125,2459.151611328125,2505.93359375,2516.3759765625,2558.224365234375,2610.70068359375,2673.403076171875,2716.347412109375,2787.59521484375,2866.917724609375,2926.838623046875,3019.666259765625,3065.267333984375,3255.057373046875
B-Sedan,6,2023-11-30,9,2024-08-31,DeepAR,2164.7,1435.6258544921875,1994.661865234375,2186.697021484375,2355.118896484375,2394.817138671875,2461.781494140625,2564.33056640625,2601.93115234375,2612.7958984375,2668.40869140625,2707.63916015625,2744.655029296875,2815.07958984375,2868.508056640625,2915.104736328125,2975.983642578125,3008.0478515625,3134.119873046875,3335.031982421875
B-Sedan,6,2023-11-30,10,2024-09-30,DeepAR,1732.5,1768.7659912109375,2000.72509765625,2159.254638671875,2297.740234375,2384.30126953125,2423.050048828125,2437.62841796875,2477.06298828125,2501.614990234375,2534.4765625,2561.098876953125,2579.922607421875,2636.564453125,2715.167724609375,2771.405517578125,2814.90625,2837.3720703125,2943.333984375,3081.768798828125
B-Sedan,6,2023-11-30,11,2024-10-31,DeepAR,2113.9,2048.694580078125,2131.23095703125,2194.612548828125,2270.392822265625,2326.201171875,2353.40185546875,2386.45166015625,2437.6767578125,2485.9873046875,2529.76220703125,2590.073486328125,2608.63232421875,2674.27978515625,2704.401123046875,2748.951171875,2790.02294921875,2926.203369140625,3019.645751953125,3247.510009765625
B-Sedan,6,2023-11-30,12,2024-11-30,DeepAR,2288.7,1963.050537109375,2094.064697265625,2159.68603515625,2288.244140625,2376.197509765625,2445.684326171875,2485.527099609375,2520.58349609375,2558.61279296875,2613.8056640625,2640.9443359375,2660.929443359375,2696.3681640625,2737.836669921875,2819.537109375,2885.953125,2953.860595703125,3033.8671875,3218.548095703125
B-Sedan,7,2024-02-29,1,2024-03-31,SeasonalNaive,2446.2,1488.5650000000003,1609.5100000000002,1711.145,1759.5600000000002,1860.125,1926.43,1985.0000000000005,2027.7200000000003,2105.675,2156.75,2207.82,2296.3199999999997,2345.9550000000004,2424.12,2490.2250000000004,2572.94,2661.21,2825.44,3087.645
B-Sedan,7,2024-02-29,2,2024-04-30,SeasonalNaive,2425.6,2068.865,2189.81,2291.4449999999997,2339.8599999999997,2440.4249999999997,2506.73,2565.3,2608.02,2685.975,2737.05,2788.12,2876.6199999999994,2926.255,3004.4199999999996,3070.5249999999996,3153.24,3241.5099999999998,3405.74,3667.9449999999997
B-Sedan,7,2024-02-29,3,2024-05-31,SeasonalNaive,2553.6,2097.0650000000005,2218.01,2319.645,2368.06,2468.625,2534.9300000000003,2593.5000000000005,2636.2200000000003,2714.175,2765.25,2816.32,2904.8199999999997,2954.4550000000004,3032.62,3098.7250000000004,3181.44,3269.71,3433.94,3696.145
B-Sedan,7,2024-02-29,4,2024-06-30,SeasonalNaive,2312.7,1824.865,1945.81,2047.4449999999997,2095.8599999999997,2196.4249999999997,2262.73,2321.3,2364.02,2441.975,2493.05,2544.12,2632.6199999999994,2682.255,2760.4199999999996,2826.5249999999996,2909.24,2997.5099999999998,3161.74,3423.9449999999997
B-Sedan,7,2024-02-29,5,2024-07-31,SeasonalNaive,1952.3,1037.265,1158.21,1259.8449999999998,1308.26,1408.8249999999998,1475.1299999999999,1533.7000000000003,1576.42,1654.375,1705.45,1756.52,1845.0199999999998,1894.6550000000002,1972.8199999999997,2038.925,2121.64,2209.91,2374.14,2636.345
B-Sedan,7,2024-02-29,6,2024-08-31,SeasonalNaive,2164.7,1309.3650000000002,1430.31,1531.945,1580.3600000000001,1680.9249999999997,1747.23,1805.8000000000002,1848.5200000000002,1926.4750000000001,1977.5500000000002,2028.6200000000001,2117.12,2166.755,2244.9199999999996,2311.025,2393.7400000000002,2482.01,2646.24,2908.445
B-Sedan,7,2024-02-29,7,2024-09-30,SeasonalNaive,1732.5,1376.4650000000004,1497.4100000000003,1599.045,1647.4600000000003,1748.025,1814.3300000000002,1872.9000000000005,1915.6200000000003,1993.5750000000003,2044.6500000000003,2095.7200000000003,2184.22,2233.8550000000005,2312.02,2378.125,2460.84,2549.11,2713.34,2975.545
B-Sedan,7,2024-02-29,8,2024-10-31,SeasonalNaive,2113.9,2131.365,2252.31,2353.9449999999997,2402.3599999999997,2502.9249999999997,2569.23,2627.8,2670.52,2748.475,2799.55,2850.62,2939.1199999999994,2988.755,3066.9199999999996,3133.0249999999996,3215.74,3304.0099999999998,3468.24,3730.4449999999997
B-Sedan,7,2024-02-29,9,2024-11-30,SeasonalNaive,2288.7,1227.765,1348.71,1450.3449999999998,1498.76,1599.3249999999998,1665.6299999999999,1724.2000000000003,1766.92,1844.875,1895.95,1947.02,2035.5199999999998,2085.155,2163.3199999999997,2229.425,2312.14,2400.41,2564.64,2826.845
B-Sedan,7,2024-02-29,10,2024-12-31,SeasonalNaive,2611.7,1513.5650000000003,1634.5100000000002,1736.145,1784.5600000000002,1885.125,1951.43,2010.0000000000005,2052.7200000000003,2130.675,2181.75,2232.82,2321.3199999999997,2370.9550000000004,2449.12,2515.2250000000004,2597.94,2686.21,2850.44,3112.645
B-Sedan,7,2024-02-29,11,2025-01-31,SeasonalNaive,2735.0,2320.5650000000005,2441.51,2543.145,2591.56,2692.125,2758.4300000000003,2817.0000000000005,2859.7200000000003,2937.675,2988.75,3039.82,3128.3199999999997,3177.9550000000004,3256.12,3322.2250000000004,3404.94,3493.21,3657.44,3919.645
B-Sedan,7,2024-02-29,12,2025-02-28,SeasonalNaive,2756.1,1984.9650000000004,2105.9100000000003,2207.545,2255.96,2356.525,2422.8300000000004,2481.4000000000005,2524.1200000000003,2602.0750000000003,2653.1500000000005,2704.2200000000003,2792.72,2842.3550000000005,2920.52,2986.625,3069.34,3157.61,3321.84,3584.045
B-Sedan,7,2024-02-29,1,2024-03-31,DeepAR,2446.2,1900.5177001953125,2078.3134765625,2208.492431640625,2320.85986328125,2390.14892578125,2439.982177734375,2460.752685546875,2509.187255859375,2542.118896484375,2561.060546875,2595.974365234375,2647.0556640625,2668.164794921875,2694.515380859375,2739.85400390625,2769.567138671875,2847.3837890625,3043.72607421875,3159.71875
B-Sedan,7,2024-02-29,2,2024-04-30,DeepAR,2425.6,1911.4959716796875,2038.42529296875,2159.114990234375,2263.770751953125,2321.19384765625,2409.255859375,2459.159912109375,2475.873779296875,2533.557373046875,2570.323974609375,2587.76904296875,2614.0576171875,2670.517333984375,2718.21484375,2740.837890625,2821.36572265625,2889.337646484375,2977.288818359375,3286.543212890625
B-Sedan,7,2024-02-29,3,2024-05-31,DeepAR,2553.6,1809.6634521484375,2028.7012939453125,2207.36279296875,2284.932861328125,2304.623046875,2372.1689453125,2417.395751953125,2473.7646484375,2541.10888671875,2614.068115234375,2626.344970703125,2640.029296875,2674.16015625,2735.329345703125,2790.964599609375,2806.824951171875,2864.577392578125,2914.833251953125,2962.773681640625
B-Sedan,7,2024-02-29,4,2024-06-30,DeepAR,2312.7,1958.5096435546875,2156.4814453125,2221.61865234375,2249.85400390625,2324.076416015625,2380.995361328125,2412.7216796875,2429.0458984375,2467.947998046875,2517.881591796875,2541.37109375,2603.885498046875,2648.30078125,2686.867919921875,2721.0556640625,2760.51220703125,2806.71826171875,2885.25244140625,2918.40087890625
B-Sedan,7,2024-02-29,5,2024-07-31,DeepAR,1952.3,1749.1199951171875,1895.1961669921875,2104.116943359375,2221.071533203125,2255.72216796875,2327.295166015625,2403.426025390625,2441.833251953125,2472.72265625,2509.5615234375,2548.831787109375,2585.981689453125,2659.5849609375,2696.585205078125,2737.155029296875,2785.23876953125,2837.387939453125,2949.037841796875,3157.0078125
B-Sedan,7,2024-02-29,6,2024-08-31,DeepAR,2164.7,1879.9375,2022.17529296875,2189.9052734375,2269.450439453125,2348.689453125,2418.788818359375,2454.123779296875,2491.535400390625,2539.83203125,2550.806396484375,2562.10546875,2603.7216796875,2679.96044921875,2703.3916015625,2745.87890625,2770.67138671875,2831.946044921875,2972.977294921875,3251.35693359375
B-Sedan,7,2024-02-29,7,2024-09-30,DeepAR,1732.5,1773.0955810546875,1998.6182861328125,2155.678466796875,2251.264404296875,2350.27685546875,2383.841552734375,2434.282470703125,2462.908935546875,2513.20556640625,2556.018310546875,2598.711669921875,2658.452880859375,2680.17529296875,2712.99072265625,2775.420166015625,2837.48681640625,2918.8994140625,3047.249267578125,3308.64990234375
B-Sedan,7,2024-02-29,8,2024-10-31,DeepAR,2113.9,1774.579833984375,1931.5712890625,2141.677490234375,2265.486572265625,2309.849853515625,2360.2802734375,2396.411865234375,2442.491943359375,2452.608642578125,2493.843505859375,2545.304931640625,2606.79931640625,2648.92626953125,2718.826171875,2796.712890625,2855.581298828125,2946.966552734375,2991.207275390625,3177.958251953125
B-Sedan,7,2024-02-29,9,2024-11-30,DeepAR,2288.7,1396.0140380859375,1944.5401611328125,2132.806640625,2297.5888671875,2336.343505859375,2401.880859375,2502.453857421875,2539.31298828125,2549.948974609375,2604.34814453125,2642.6982421875,2679.031005859375,2748.175537109375,2800.376953125,2846.145751953125,2905.5673828125,2936.904296875,3060.804931640625,3257.96826171875
B-Sedan,7,2024-02-29,10,2024-12-31,DeepAR,2611.7,1718.733642578125,1946.427978515625,2101.58251953125,2237.390625,2321.893798828125,2360.13525390625,2374.419921875,2413.077880859375,2437.1904296875,2469.38720703125,2495.724853515625,2513.962158203125,2569.582763671875,2646.459228515625,2701.750732421875,2744.25927734375,2766.52734375,2870.296142578125,3005.93212890625
B-Sedan,7,2024-02-29,11,2025-01-31,DeepAR,2735.0,2008.4195556640625,2088.8671875,2150.908203125,2224.75634765625,2279.4912109375,2306.1787109375,2338.21484375,2388.561279296875,2435.434814453125,2478.262451171875,2537.16259765625,2555.395263671875,2619.447021484375,2649.203369140625,2692.075927734375,2732.837890625,2865.760498046875,2957.052978515625,3179.644775390625
B-Sedan,7,2024-02-29,12,2025-02-28,DeepAR,2756.1,1929.5992431640625,2057.739013671875,2121.646484375,2247.208740234375,2333.06884765625,2401.141845703125,2439.6806640625,2474.086181640625,2510.97900390625,2564.918212890625,2591.36865234375,2611.02587890625,2645.3916015625,2685.960693359375,2765.689697265625,2830.656005859375,2896.61767578125,2974.825439453125,3155.163818359375
B-Sedan,8,2024-05-31,1,2024-06-30,SeasonalNaive,2312.7,1828.0,1950.1,2048.2999999999997,2111.9999999999995,2195.8999999999996,2261.1,2302.2999999999997,2351.3,2440.9999999999995,2477.9,2540.9,2627.8999999999996,2681.1,2762.7999999999997,2818.7999999999997,2907.2,2985.0,3153.7,3422.7
B-Sedan,8,2024-05-31,2,2024-07-31,SeasonalNaive,1952.3,1040.4,1162.5,1260.6999999999998,1324.3999999999996,1408.2999999999997,1473.5,1514.6999999999998,1563.7,1653.3999999999996,1690.3000000000002,1753.3000000000002,1840.2999999999997,1893.5,1975.1999999999998,2031.1999999999998,2119.6,2197.4,2366.1,2635.1
B-Sedan,8,2024-05-31,3,2024-08-31,SeasonalNaive,2164.7,1312.5000000000002,1434.6000000000001,1532.8,1596.4999999999998,1680.3999999999999,1745.6000000000001,1786.8,1835.8000000000002,1925.4999999999998,1962.4000000000003,2025.4000000000003,2112.3999999999996,2165.6000000000004,2247.3,2303.3,2391.7,2469.5,2638.2,2907.2
B-Sedan,8,2024-05-31,4,2024-09-30,SeasonalNaive,1732.5,1379.6000000000004,1501.7000000000003,1599.9,1663.6,1747.5,1812.7000000000003,1853.9,1902.9000000000003,1992.6,2029.5000000000005,2092.5000000000005,2179.5,2232.7000000000003,2314.4,2370.4,2458.8,2536.6000000000004,2705.3,2974.3
B-Sedan,8,2024-05-31,5,2024-10-31,SeasonalNaive,2113.9,2134.5,2256.6,2354.7999999999997,2418.4999999999995,2502.3999999999996,2567.6,2608.7999999999997,2657.8,2747.4999999999995,2784.4,2847.4,2934.3999999999996,2987.6,3069.2999999999997,3125.2999999999997,3213.7,3291.5,3460.2,3729.2
B-Sedan,8,2024-05-31,6,2024-11-30,SeasonalNaive,2288.7,1230.9,1353.0,1451.1999999999998,1514.8999999999996,1598.7999999999997,1664.0,1705.1999999999998,1754.2,1843.8999999999996,1880.8000000000002,1943.8000000000002,2030.7999999999997,2084.0,2165.7,2221.7,2310.1,2387.9,2556.6,2825.6
B-Sedan,8,2024-05-31,7,2024-12-31,SeasonalNaive,2611.7,1516.7000000000003,1638.8000000000002,1737.0,1800.6999999999998,1884.6,1949.8000000000002,1991.0,2040.0000000000002,2129.7,2166.6000000000004,2229.6000000000004,2316.6,2369.8,2451.5,2507.5,2595.9,2673.7000000000003,2842.4,3111.4
B-Sedan,8,2024-05-31,8,2025-01-31,SeasonalNaive,2735.0,2323.7000000000003,2445.8,2544.0,2607.7,2691.6,2756.8,2798.0,2847.0,2936.7,2973.6000000000004,3036.6000000000004,3123.6,3176.8,3258.5,3314.5,3402.9,3480.7000000000003,3649.4,3918.4
B-Sedan,8,2024-05-31,9,2025-02-28,SeasonalNaive,2756.1,1988.1000000000004,2110.2000000000003,2208.4,2272.1,2356.0,2421.2000000000003,2462.4,2511.4000000000005,2601.1,2638.0000000000005,2701.0000000000005,2788.0,2841.2000000000003,2922.9,2978.9,3067.3,3145.1000000000004,3313.8,3582.8
B-Sedan,8,2024-05-31,10,2025-03-31,SeasonalNaive,2723.1,1749.5,1871.6,1969.7999999999997,2033.4999999999995,2117.3999999999996,2182.6,2223.7999999999997,2272.8,2362.4999999999995,2399.4,2462.4,2549.3999999999996,2602.6,2684.2999999999997,2740.2999999999997,2828.7,2906.5,3075.2,3344.2
B-Sedan,8,2024-05-31,11,2025-04-30,SeasonalNaive,2696.3,1728.9,1851.0,1949.1999999999998,2012.8999999999996,2096.7999999999997,2162.0,2203.2,2252.2,2341.8999999999996,2378.8,2441.8,2528.7999999999997,2582.0,2663.7,2719.7,2808.1,2885.9,3054.6,3323.6
B-Sedan,8,2024-05-31,12,2025-05-31,SeasonalNaive,2274.2,1856.9,1979.0,2077.2,2140.8999999999996,2224.7999999999997,2290.0,2331.2,2380.2,2469.8999999999996,2506.8,2569.8,2656.7999999999997,2710.0,2791.7,2847.7,2936.1,3013.9,3182.6,3451.6
B-Sedan,8,2024-05-31,1,2024-06-30,DeepAR,2312.7,1806.2889404296875,1982.589111328125,2111.461181640625,2222.77880859375,2291.4150390625,2340.905517578125,2361.3671875,2409.380615234375,2441.99072265625,2460.75732421875,2495.35498046875,2545.969482421875,2566.8759765625,2592.979736328125,2637.79931640625,2667.31787109375,2744.469482421875,2938.882080078125,3053.89892578125
B-Sedan,8,2024-05-31,2,2024-07-31,DeepAR,1952.3,1813.825439453125,1940.2452392578125,2059.59130859375,2163.060302734375,2220.052490234375,2307.405029296875,2356.973876953125,2373.460693359375,2430.680908203125,2467.141845703125,2484.4404296875,2510.50048828125,2566.443603515625,2613.8232421875,2636.26513671875,2716.008056640625,2783.584228515625,2870.52294921875,3177.212890625
B-Sedan,8,2024-05-31,3,2024-08-31,DeepAR,2164.7,1711.074462890625,1928.409912109375,2105.75244140625,2182.884033203125,2202.36669921875,2269.420166015625,2314.287841796875,2370.115234375,2437.039306640625,2509.4658203125,2521.678466796875,2535.223876953125,2569.07666015625,2629.730224609375,2685.00341796875,2700.746826171875,2758.1953125,2807.886474609375,2855.572265625
B-Sedan,8,2024-05-31,4,2024-09-30,DeepAR,1732.5,1867.197265625,2063.34814453125,2127.94580078125,2155.67919921875,2229.24072265625,2285.5576171875,2316.98046875,2333.216796875,2371.73486328125,2421.165283203125,2444.389892578125,2506.39453125,2550.27734375,2588.432373046875,2622.344482421875,2661.59716796875,2707.268798828125,2785.022216796875,2817.79248046875
B-Sedan,8,2024-05-31,5,2024-10-31,DeepAR,2113.9,1663.55517578125,1808.171875,2015.0369873046875,2130.730224609375,2165.01806640625,2235.82861328125,2311.109130859375,2349.070068359375,2379.799560546875,2416.2392578125,2455.158935546875,2491.8974609375,2564.645263671875,2601.38427734375,2641.467041015625,2689.12353515625,2740.759033203125,2851.047119140625,3057.040771484375
B-Sedan,8,2024-05-31,6,2024-11-30,DeepAR,2288.7,1795.091064453125,1935.7733154296875,2101.239990234375,2179.900390625,2258.099609375,2327.503662109375,2362.371337890625,2399.223388671875,2447.135498046875,2457.769287109375,2469.009765625,2510.0751953125,2585.462158203125,2608.462158203125,2650.4931640625,2675.00830078125,2735.466796875,2874.65234375,3149.627197265625
B-Sedan,8,2024-05-31,7,2024-12-31,DeepAR,2611.7,1685.8175048828125,1909.115234375,2064.32470703125,2158.7919921875,2256.68017578125,2289.74853515625,2339.578857421875,2367.865478515625,2417.69921875,2460.053466796875,2502.349365234375,2561.351318359375,2582.87646484375,2615.18017578125,2677.015380859375,2738.394775390625,2818.962646484375,2945.940185546875,3204.21435546875
B-Sedan,8,2024-05-31,8,2025-01-31,DeepAR,2735.0,1703.6441650390625,1858.18603515625,2064.87255859375,2186.68994140625,2230.653076171875,2280.3037109375,2315.932861328125,2361.319091796875,2371.325927734375,2411.9541015625,2462.643310546875,2523.24951171875,2564.782958984375,2633.8037109375,2710.556396484375,2768.482666015625,2858.45654296875,2902.321533203125,3085.84423828125
B-Sedan,8,2024-05-31,9,2025-02-28,DeepAR,2756.1,1338.2108154296875,1876.6346435546875,2061.663330078125,2223.988525390625,2262.20556640625,2326.63720703125,2425.591064453125,2462.03759765625,2472.430419921875,2525.97705078125,2563.58056640625,2599.61962890625,2667.453369140625,2718.699462890625,2763.93212890625,2822.590576171875,2853.4033203125,2975.731201171875,3168.447509765625
B-Sedan,8,2024-05-31,10,2025-03-31,DeepAR,2723.1,1658.2117919921875,1880.8348388671875,2033.8360595703125,2167.058349609375,2250.760498046875,2288.4638671875,2301.993408203125,2340.008544921875,2363.720458984375,2395.330322265625,2421.094970703125,2439.037353515625,2493.616455078125,2569.400390625,2623.713134765625,2665.359375,2687.208251953125,2789.180419921875,2922.7783203125
B-Sedan,8,2024-05-31,11,2025-04-30,DeepAR,2696.3,1929.6982421875,2009.82421875,2069.936767578125,2143.4150390625,2197.029052734375,2223.337158203125,2254.814697265625,2304.206298828125,2350.853271484375,2392.91259765625,2451.114501953125,2468.7470703125,2532.19287109375,2561.201416015625,2603.918212890625,2643.785400390625,2774.75927734375,2864.6142578125,3084.288818359375
B-Sedan,8,2024-05-31,12,2025-05-31,DeepAR,2274.2,1847.3927001953125,1973.304443359375,2036.63525390625,2160.52099609375,2245.13134765625,2312.27197265625,2350.58203125,2384.431396484375,2420.857177734375,2473.956298828125,2500.11279296875,2519.554443359375,2553.194091796875,2593.68212890625,2672.326416015625,2736.1943359375,2801.412109375,2878.6376953125,3056.12158203125
B_HB,1,2022-08-31,1,2022-09-30,SeasonalNaive,1908.8,1611.935,1676.19,1812.06,1912.8200000000002,1925.8000000000002,1971.31,2032.7350000000001,2115.64,2161.505,2196.05,2257.305,2299.7400000000002,2341.82,2390.4299999999994,2485.2749999999996,2630.58,2729.205,2814.770000000001,3042.69
B_HB,1,2022-08-31,2,2022-10-31,SeasonalNaive,2056.8,1889.5349999999999,1953.79,2089.66,2190.42,2203.4,2248.91,2310.335,2393.24,2439.105,2473.6499999999996,2534.9049999999997,2577.34,2619.42,2668.0299999999997,2762.8749999999995,2908.18,3006.8049999999994,3092.370000000001,3320.29
B_HB,1,2022-08-31,3,2022-11-30,SeasonalNaive,1834.0,921.435,985.69,1121.56,1222.3200000000002,1235.3000000000002,1280.81,1342.2350000000001,1425.14,1471.005,1505.55,1566.805,1609.24,1651.3200000000002,1699.9299999999996,1794.7749999999996,1940.08,2038.7049999999997,2124.270000000001,2352.19
B_HB,1,2022-08-31,4,2022-12-31,SeasonalNaive,1875.8,1747.7350000000001,1811.9900000000002,1947.8600000000001,2048.6200000000003,2061.6000000000004,2107.11,2168.5350000000003,2251.44,2297.3050000000003,2331.8500000000004,2393.105,2435.5400000000004,2477.6200000000003,2526.2299999999996,2621.075,2766.38,2865.005,2950.570000000001,3178.4900000000002
B_HB,1,2022-08-31,5,2023-01-31,SeasonalNaive,2323.2,2373.335,2437.59,2573.46,2674.2200000000003,2687.2000000000003,2732.71,2794.135,2877.04,2922.905,2957.45,3018.705,3061.1400000000003,3103.2200000000003,3151.83,3246.6749999999997,3391.98,3490.6049999999996,3576.170000000001,3804.09
B_HB,1,2022-08-31,6,2023-02-28,SeasonalNaive,2464.8,1846.7350000000001,1910.9900000000002,2046.8600000000001,2147.6200000000003,2160.6000000000004,2206.11,2267.5350000000003,2350.44,2396.3050000000003,2430.8500000000004,2492.105,2534.5400000000004,2576.6200000000003,2625.2299999999996,2720.075,2865.38,2964.005,3049.570000000001,3277.4900000000002
B_HB,1,2022-08-31,7,2023-03-31,SeasonalNaive,2396.0,2201.435,2265.69,2401.56,2502.32,2515.3,2560.81,2622.235,2705.14,2751.005,2785.55,2846.805,2889.2400000000002,2931.32,2979.9299999999994,3074.7749999999996,3220.08,3318.705,3404.270000000001,3632.19
B_HB,1,2022-08-31,8,2023-04-30,SeasonalNaive,2511.8,1680.2350000000001,1744.4900000000002,1880.3600000000001,1981.1200000000003,1994.1000000000004,2039.6100000000001,2101.0350000000003,2183.94,2229.8050000000003,2264.3500000000004,2325.605,2368.0400000000004,2410.1200000000003,2458.7299999999996,2553.575,2698.88,2797.505,2883.070000000001,3110.9900000000002
B_HB,1,2022-08-31,9,2023-05-31,SeasonalNaive,2281.4,1787.6349999999998,1851.8899999999999,1987.7599999999998,2088.52,2101.5,2147.0099999999998,2208.435,2291.3399999999997,2337.205,2371.75,2433.0049999999997,2475.44,2517.52,2566.129999999999,2660.9749999999995,2806.2799999999997,2904.9049999999997,2990.4700000000007,3218.39
B_HB,1,2022-08-31,10,2023-06-30,SeasonalNaive,2271.7,1408.235,1472.49,1608.36,1709.1200000000001,1722.1000000000004,1767.61,1829.035,1911.94,1957.805,1992.35,2053.605,2096.04,2138.12,2186.7299999999996,2281.575,2426.88,2525.5049999999997,2611.0700000000006,2838.99
B_HB,1,2022-08-31,11,2023-07-31,SeasonalNaive,2408.9,860.935,925.19,1061.06,1161.8200000000002,1174.8000000000002,1220.31,1281.7350000000001,1364.64,1410.505,1445.05,1506.305,1548.74,1590.8200000000002,1639.4299999999996,1734.2749999999996,1879.58,1978.2049999999997,2063.770000000001,2291.69
B_HB,1,2022-08-31,12,2023-08-31,SeasonalNaive,1532.9,1647.5349999999999,1711.79,1847.6599999999999,1948.42,1961.4,2006.9099999999999,2068.335,2151.24,2197.105,2231.6499999999996,2292.9049999999997,2335.34,2377.42,2426.0299999999997,2520.8749999999995,2666.18,2764.8049999999994,2850.370000000001,3078.29
B_HB,1,2022-08-31,1,2022-09-30,DeepAR,1908.8,1655.887451171875,1828.38671875,1955.1456298828125,2064.39208984375,2131.76806640625,2179.951416015625,2200.393310546875,2247.4150390625,2279.46142578125,2297.873046875,2331.795166015625,2381.482421875,2401.969970703125,2427.58935546875,2471.87548828125,2500.58349609375,2576.10498046875,2767.198974609375,2879.73583984375
B_HB,1,2022-08-31,2,2022-10-31,DeepAR,2056.8,1667.142333984375,1790.372314453125,1908.10205078125,2009.5264892578125,2066.033447265625,2151.616455078125,2200.35302734375,2216.27490234375,2272.260498046875,2307.900634765625,2324.625,2350.083984375,2405.228515625,2451.993896484375,2473.812255859375,2552.440673828125,2618.299560546875,2704.4013671875,3005.176513671875
B_HB,1,2022-08-31,3,2022-11-30,DeepAR,1834.0,1575.9757080078125,1788.059814453125,1961.095947265625,2037.763427734375,2056.540771484375,2121.637939453125,2164.96533203125,2218.940185546875,2284.58544921875,2355.303466796875,2367.16015625,2380.140869140625,2412.933837890625,2471.78662109375,2525.777099609375,2541.368408203125,2598.236572265625,2645.642578125,2692.64697265625
B_HB,1,2022-08-31,4,2022-12-31,DeepAR,1875.8,1728.5394287109375,1920.2431640625,1983.48486328125,2010.2275390625,2081.601318359375,2135.992431640625,2166.623046875,2182.903564453125,2220.600830078125,2268.916015625,2291.02880859375,2352.0078125,2394.240478515625,2431.23193359375,2464.338623046875,2503.459716796875,2547.792724609375,2623.606689453125,2655.521728515625
B_HB,1,2022-08-31,5,2023-01-31,DeepAR,2323.2,1542.40966796875,1681.81640625,1881.01318359375,1996.3529052734375,2030.1502685546875,2098.95361328125,2172.0263671875,2208.87060546875,2238.193603515625,2274.5986328125,2311.832763671875,2347.968994140625,2418.73095703125,2454.380126953125,2492.863037109375,2539.385986328125,2589.534423828125,2696.70703125,2896.96240234375
B_HB,1,2022-08-31,6,2023-02-28,DeepAR,2464.8,1673.700927734375,1809.4931640625,1971.0452880859375,2048.92919921875,2123.95458984375,2190.44140625,2224.466552734375,2260.723388671875,2306.958251953125,2317.358642578125,2328.4951171875,2366.833740234375,2440.1474609375,2464.027587890625,2504.14697265625,2527.97607421875,2587.191650390625,2722.411865234375,2989.10205078125
B_HB,1,2022-08-31,7,2023-03-31,DeepAR,2396.0,1569.1844482421875,1787.325439453125,1937.18212890625,2029.9625244140625,2124.592041015625,2156.15625,2205.6884765625,2232.583740234375,2280.758544921875,2322.109130859375,2362.541259765625,2420.16357421875,2441.67431640625,2471.631103515625,2532.77294921875,2592.277099609375,2670.9306640625,2794.497802734375,3044.684326171875
B_HB,1,2022-08-31,8,2023-04-30,DeepAR,2511.8,1574.0428466796875,1723.9176025390625,1924.48095703125,2044.041015625,2086.4091796875,2135.437744140625,2170.27734375,2213.717529296875,2224.415283203125,2264.045654296875,2312.792724609375,2372.054443359375,2412.33154296875,2479.39794921875,2553.61279296875,2609.664306640625,2698.289794921875,2740.12451171875,2918.677490234375
B_HB,1,2022-08-31,9,2023-05-31,DeepAR,2281.4,1209.013427734375,1732.67529296875,1913.74658203125,2072.85205078125,2110.77685546875,2173.3486328125,2268.989990234375,2304.8447265625,2315.857177734375,2367.357177734375,2404.120361328125,2439.449951171875,2505.55224609375,2554.76025390625,2599.375,2656.87353515625,2687.30615234375,2805.848388671875,2994.556640625
B_HB,1,2022-08-31,10,2023-06-30,DeepAR,2271.7,1511.8572998046875,1730.083984375,1879.8663330078125,2009.799072265625,2092.3330078125,2128.247802734375,2142.828369140625,2180.321044921875,2203.110107421875,2233.456787109375,2259.226318359375,2277.520263671875,2330.5185546875,2403.863525390625,2457.799560546875,2499.125244140625,2520.094970703125,2621.051025390625,2749.927734375
B_HB,1,2022-08-31,11,2023-07-31,DeepAR,2408.9,1774.4361572265625,1851.6737060546875,1912.3740234375,1983.4796142578125,2035.497802734375,2060.226318359375,2092.986572265625,2140.64501953125,2185.767333984375,2227.233154296875,2283.40380859375,2303.331787109375,2362.71875,2392.055908203125,2433.612060546875,2472.47119140625,2601.7626953125,2689.91064453125,2904.200927734375
B_HB,1,2022-08-31,12,2023-08-31,DeepAR,1532.9,1691.7462158203125,1816.601806640625,1878.943115234375,1999.350341796875,2083.527587890625,2148.7294921875,2185.79443359375,2219.2275390625,2254.443115234375,2307.988037109375,2332.31982421875,2351.675048828125,2387.005615234375,2424.677490234375,2501.82421875,2564.430419921875,2628.70703125,2704.59228515625,2878.26611328125
B_HB,2,2022-11-30,1,2022-12-31,SeasonalNaive,1875.8,1752.0400000000002,1815.5800000000004,1927.9000000000003,2043.7,2057.1500000000005,2086.98,2144.0000000000005,2238.5400000000004,2294.4300000000003,2331.4,2388.59,2435.1200000000003,2475.5600000000004,2529.9399999999996,2626.95,2748.76,2863.01,2933.12,3176.26
B_HB,2,2022-11-30,2,2023-01-31,SeasonalNaive,2323.2,2377.6400000000003,2441.1800000000003,2553.5,2669.2999999999997,2682.75,2712.58,2769.6000000000004,2864.1400000000003,2920.03,2957.0,3014.19,3060.7200000000003,3101.1600000000003,3155.54,3252.5499999999997,3374.3600000000006,3488.6099999999997,3558.72,3801.86
B_HB,2,2022-11-30,3,2023-02-28,SeasonalNaive,2464.8,1851.0400000000002,1914.5800000000004,2026.9000000000003,2142.7,2156.1500000000005,2185.98,2243.0000000000005,2337.5400000000004,2393.4300000000003,2430.4,2487.59,2534.1200000000003,2574.5600000000004,2628.9399999999996,2725.95,2847.76,2962.01,3032.12,3275.26
B_HB,2,2022-11-30,4,2023-03-31,SeasonalNaive,2396.0,2205.74,2269.28,2381.6000000000004,2497.3999999999996,2510.8500000000004,2540.68,2597.7000000000003,2692.2400000000002,2748.13,2785.1,2842.29,2888.82,2929.26,2983.6399999999994,3080.6499999999996,3202.46,3316.71,3386.8199999999997,3629.96
B_HB,2,2022-11-30,5,2023-04-30,SeasonalNaive,2511.8,1684.5400000000002,1748.0800000000004,1860.4000000000003,1976.2,1989.6500000000003,2019.4800000000002,2076.5000000000005,2171.0400000000004,2226.9300000000003,2263.9,2321.09,2367.6200000000003,2408.0600000000004,2462.4399999999996,2559.45,2681.26,2795.51,2865.62,3108.76
B_HB,2,2022-11-30,6,2023-05-31,SeasonalNaive,2281.4,1791.9399999999998,1855.48,1967.8,2083.5999999999995,2097.05,2126.8799999999997,2183.9,2278.44,2334.33,2371.2999999999997,2428.49,2475.02,2515.46,2569.8399999999992,2666.8499999999995,2788.66,2902.91,2973.0199999999995,3216.16
B_HB,2,2022-11-30,7,2023-06-30,SeasonalNaive,2271.7,1412.54,1476.08,1588.4,1704.1999999999998,1717.65,1747.48,1804.5,1899.0400000000002,1954.93,1991.8999999999999,2049.09,2095.62,2136.0600000000004,2190.4399999999996,2287.45,2409.26,2523.5099999999998,2593.62,2836.76
B_HB,2,2022-11-30,8,2023-07-31,SeasonalNaive,2408.9,865.24,928.7800000000001,1041.1000000000001,1156.8999999999999,1170.3500000000001,1200.18,1257.2,1351.7400000000002,1407.63,1444.6,1501.79,1548.3200000000002,1588.7600000000002,1643.1399999999996,1740.1499999999996,1861.9600000000003,1976.2099999999998,2046.3199999999997,2289.46
B_HB,2,2022-11-30,9,2023-08-31,SeasonalNaive,1532.9,1651.84,1715.38,1827.7,1943.4999999999998,1956.95,1986.78,2043.8,2138.34,2194.23,2231.2,2288.39,2334.92,2375.36,2429.74,2526.7499999999995,2648.5600000000004,2762.8099999999995,2832.9199999999996,3076.06
B_HB,2,2022-11-30,10,2023-09-30,SeasonalNaive,1838.7,1320.54,1384.08,1496.4,1612.1999999999998,1625.65,1655.48,1712.5,1807.0400000000002,1862.93,1899.8999999999999,1957.09,2003.6200000000001,2044.0600000000002,2098.4399999999996,2195.45,2317.26,2431.5099999999998,2501.62,2744.76
B_HB,2,2022-11-30,11,2023-10-31,SeasonalNaive,2301.9,1468.5400000000002,1532.0800000000004,1644.4000000000003,1760.2,1773.6500000000003,1803.4800000000002,1860.5000000000002,1955.0400000000004,2010.9300000000003,2047.9,2105.09,2151.6200000000003,2192.0600000000004,2246.4399999999996,2343.45,2465.26,2579.51,2649.62,2892.76
B_HB,2,2022-11-30,12,2023-11-30,SeasonalNaive,2321.5,1245.74,1309.2800000000002,1421.6000000000001,1537.3999999999999,1550.8500000000001,1580.68,1637.7,1732.2400000000002,1788.13,1825.1,1882.29,1928.8200000000002,1969.2600000000002,2023.6399999999996,2120.6499999999996,2242.46,2356.71,2426.8199999999997,2669.96
B_HB,2,2022-11-30,1,2022-12-31,DeepAR,1875.8,1580.9354248046875,1752.411865234375,1878.75927734375,1987.5257568359375,2054.614013671875,2102.388427734375,2122.925048828125,2169.68994140625,2201.61767578125,2219.945556640625,2253.70263671875,2303.246337890625,2323.560791015625,2349.068603515625,2393.3134765625,2421.761962890625,2496.852783203125,2687.259765625,2799.129150390625
B_HB,2,2022-11-30,2,2023-01-31,DeepAR,2323.2,1602.9151611328125,1725.2620849609375,1842.347900390625,1942.921142578125,1999.350341796875,2084.342041015625,2132.850830078125,2148.513671875,2204.0791015625,2239.43017578125,2255.93359375,2281.173828125,2336.056884765625,2382.691650390625,2404.41650390625,2482.523193359375,2547.853271484375,2633.6171875,2932.42431640625
B_HB,2,2022-11-30,3,2023-02-28,DeepAR,2464.8,1509.780029296875,1720.765625,1892.7291259765625,1969.8353271484375,1988.3602294921875,2052.81298828125,2095.698486328125,2149.2626953125,2214.537109375,2284.888671875,2296.617431640625,2309.310302734375,2341.846435546875,2400.2119140625,2453.896728515625,2469.622802734375,2526.592041015625,2573.26318359375,2620.14453125
B_HB,2,2022-11-30,4,2023-03-31,DeepAR,2396.0,1660.9259033203125,1852.0595703125,1915.3870849609375,1940.548095703125,2012.481201171875,2066.187744140625,2096.509033203125,2113.20654296875,2150.920166015625,2199.06298828125,2220.765869140625,2281.763671875,2323.555419921875,2360.251220703125,2393.395751953125,2432.25439453125,2476.58935546875,2552.0595703125,2584.01904296875
B_HB,2,2022-11-30,5,2023-04-30,DeepAR,2511.8,1462.5615234375,1601.32421875,1799.510986328125,1914.94189453125,1948.981201171875,2017.534423828125,2090.79052734375,2127.1767578125,2156.598876953125,2193.154052734375,2229.593017578125,2266.150390625,2336.654541015625,2372.1767578125,2410.335205078125,2456.764404296875,2506.84814453125,2614.05517578125,2813.9326171875
B_HB,2,2022-11-30,6,2023-05-31,DeepAR,2281.4,1587.2615966796875,1722.8348388671875,1884.97900390625,1964.15576171875,2038.1298828125,2103.151123046875,2138.001953125,2174.908447265625,2220.6455078125,2231.235595703125,2242.7041015625,2279.638671875,2353.48974609375,2378.034912109375,2418.3173828125,2441.38623046875,2501.136962890625,2636.586181640625,2904.046142578125
B_HB,2,2022-11-30,7,2023-06-30,DeepAR,2271.7,1472.1983642578125,1692.7022705078125,1841.7833251953125,1935.8392333984375,2030.6351318359375,2061.69091796875,2111.30908203125,2139.48193359375,2186.961181640625,2228.091552734375,2267.8974609375,2326.594482421875,2348.486083984375,2377.50341796875,2439.69580078125,2499.08203125,2578.357666015625,2702.640380859375,2953.235595703125
B_HB,2,2022-11-30,8,2023-07-31,DeepAR,2408.9,1476.0496826171875,1626.6746826171875,1828.3648681640625,1948.10595703125,1990.9520263671875,2040.2955322265625,2075.899658203125,2117.770263671875,2129.8046875,2171.077392578125,2218.48193359375,2278.27001953125,2318.22119140625,2385.421142578125,2459.51513671875,2515.823486328125,2605.7822265625,2646.65576171875,2825.687744140625
B_HB,2,2022-11-30,9,2023-08-31,DeepAR,1532.9,1111.1014404296875,1637.960205078125,1820.1478271484375,1980.165771484375,2018.0509033203125,2080.524658203125,2177.21044921875,2213.34423828125,2224.3525390625,2275.4404296875,2312.399169921875,2348.14794921875,2414.6669921875,2463.332275390625,2508.960205078125,2566.310302734375,2596.98828125,2715.701416015625,2906.81396484375
B_HB,2,2022-11-30,10,2023-09-30,DeepAR,1838.7,1429.3414306640625,1648.127685546875,1797.6995849609375,1927.2313232421875,2009.6248779296875,2045.32568359375,2060.013916015625,2097.177001953125,2120.24072265625,2151.105712890625,2176.938232421875,2195.0078125,2247.320556640625,2321.3076171875,2375.309814453125,2416.568359375,2437.96435546875,2538.446044921875,2667.207275390625
B_HB,2,2022-11-30,11,2023-10-31,DeepAR,2301.9,1691.872802734375,1768.30029296875,1829.75244140625,1901.07666015625,1953.1561279296875,1977.6949462890625,2010.341552734375,2058.893798828125,2102.7958984375,2144.77001953125,2201.110595703125,2220.970703125,2280.29638671875,2309.956298828125,2350.785888671875,2390.549560546875,2519.17626953125,2607.42138671875,2821.2705078125
B_HB,2,2022-11-30,12,2023-11-30,DeepAR,2321.5,1608.0858154296875,1733.8756103515625,1795.5980224609375,1915.739501953125,1999.453857421875,2064.0703125,2101.83740234375,2135.51953125,2169.96142578125,2222.9697265625,2248.462890625,2267.6015625,2304.353271484375,2340.2490234375,2417.121337890625,2479.67333984375,2544.183349609375,2620.55859375,2793.489501953125
B_HB,3,2023-02-28,1,2023-03-31,SeasonalNaive,2396.0,2182.325,2262.45,2340.45,2483.0,2507.2250000000004,2517.05,2574.8999999999996,2645.2000000000003,2747.675,2781.6,2821.75,2884.3,2905.5750000000003,2968.45,3058.6749999999997,3185.9,3316.575,3381.6,3628.7
B_HB,3,2023-02-28,2,2023-04-30,SeasonalNaive,2511.8,1661.1250000000002,1741.2500000000002,1819.25,1961.8000000000002,1986.0250000000005,1995.8500000000004,2053.7,2124.0000000000005,2226.4750000000004,2260.4,2300.55,2363.1000000000004,2384.3750000000005,2447.25,2537.475,2664.7000000000003,2795.375,2860.4,3107.5
B_HB,3,2023-02-28,3,2023-05-31,SeasonalNaive,2281.4,1768.5249999999999,1848.6499999999999,1926.6499999999996,2069.2,2093.425,2103.25,2161.0999999999995,2231.4,2333.875,2367.7999999999997,2407.95,2470.5,2491.775,2554.6499999999996,2644.8749999999995,2772.1,2902.7749999999996,2967.7999999999997,3214.8999999999996
B_HB,3,2023-02-28,4,2023-06-30,SeasonalNaive,2271.7,1389.125,1469.25,1547.2499999999998,1689.8,1714.025,1723.85,1781.6999999999998,1852.0000000000002,1954.475,1988.3999999999999,2028.55,2091.1000000000004,2112.375,2175.25,2265.4749999999995,2392.7,2523.375,2588.3999999999996,2835.5
B_HB,3,2023-02-28,5,2023-07-31,SeasonalNaive,2408.9,841.825,921.95,999.9499999999998,1142.5,1166.7250000000004,1176.5500000000002,1234.3999999999999,1304.7000000000003,1407.175,1441.1,1481.25,1543.8000000000002,1565.0750000000003,1627.9499999999998,1718.1749999999997,1845.4,1976.0749999999998,2041.1,2288.2
B_HB,3,2023-02-28,6,2023-08-31,SeasonalNaive,1532.9,1628.425,1708.55,1786.5499999999997,1929.1,1953.3250000000003,1963.15,2020.9999999999998,2091.3,2193.775,2227.7,2267.85,2330.4,2351.675,2414.5499999999997,2504.7749999999996,2632.0,2762.6749999999997,2827.7,3074.8
B_HB,3,2023-02-28,7,2023-09-30,SeasonalNaive,1838.7,1297.125,1377.25,1455.2499999999998,1597.8,1622.025,1631.85,1689.6999999999998,1760.0000000000002,1862.475,1896.3999999999999,1936.55,1999.1000000000001,2020.375,2083.25,2173.4749999999995,2300.7,2431.375,2496.3999999999996,2743.5
B_HB,3,2023-02-28,8,2023-10-31,SeasonalNaive,2301.9,1445.1250000000002,1525.2500000000002,1603.25,1745.8000000000002,1770.0250000000005,1779.8500000000004,1837.7,1908.0000000000005,2010.4750000000001,2044.4,2084.55,2147.1000000000004,2168.3750000000005,2231.25,2321.475,2448.7000000000003,2579.375,2644.4,2891.5
B_HB,3,2023-02-28,9,2023-11-30,SeasonalNaive,2321.5,1222.325,1302.45,1380.4499999999998,1523.0,1547.2250000000004,1557.0500000000002,1614.8999999999999,1685.2000000000003,1787.675,1821.6,1861.75,1924.3000000000002,1945.5750000000003,2008.4499999999998,2098.6749999999997,2225.9,2356.575,2421.6,2668.7
B_HB,3,2023-02-28,10,2023-12-31,SeasonalNaive,1666.7,1264.125,1344.25,1422.2499999999998,1564.8,1589.025,1598.85,1656.6999999999998,1727.0000000000002,1829.475,1863.3999999999999,1903.55,1966.1000000000001,1987.375,2050.25,2140.4749999999995,2267.7,2398.375,2463.3999999999996,2710.5
B_HB,3,2023-02-28,11,2024-01-31,SeasonalNaive,2191.6,1711.5249999999999,1791.6499999999999,1869.6499999999996,2012.1999999999998,2036.4250000000002,2046.25,2104.0999999999995,2174.4,2276.875,2310.7999999999997,2350.95,2413.5,2434.775,2497.6499999999996,2587.8749999999995,2715.1,2845.7749999999996,2910.7999999999997,3157.8999999999996
B_HB,3,2023-02-28,12,2024-02-29,SeasonalNaive,2590.3,1853.1250000000002,1933.2500000000002,2011.25,2153.8,2178.0250000000005,2187.8500000000004,2245.7,2316.0000000000005,2418.4750000000004,2452.4,2492.55,2555.1000000000004,2576.3750000000005,2639.25,2729.475,2856.7000000000003,2987.375,3052.4,3299.5
B_HB,3,2023-02-28,1,2023-03-31,DeepAR,2396.0,1611.5513916015625,1776.5760498046875,1897.990478515625,2002.576171875,2067.081298828125,2113.123291015625,2132.7734375,2177.767333984375,2208.4560546875,2226.0810546875,2258.549072265625,2306.149169921875,2325.72607421875,2350.253173828125,2392.716796875,2420.141845703125,2492.398681640625,2675.406494140625,2783.06689453125
B_HB,3,2023-02-28,2,2023-04-30,DeepAR,2511.8,1620.330810546875,1738.289794921875,1851.0223388671875,1947.94091796875,2002.225830078125,2084.12548828125,2130.843505859375,2145.9716796875,2199.526123046875,2233.602294921875,2249.535400390625,2273.866943359375,2326.70947265625,2371.60205078125,2392.51904296875,2467.76171875,2530.758544921875,2613.28857421875,2901.1962890625
B_HB,3,2023-02-28,3,2023-05-31,DeepAR,2281.4,1521.1068115234375,1725.247802734375,1891.6326904296875,1966.140625,1984.114501953125,2046.467529296875,2087.91943359375,2139.7451171875,2202.925537109375,2270.969970703125,2282.31640625,2294.654052734375,2326.10205078125,2382.595947265625,2434.494384765625,2449.658447265625,2504.694091796875,2549.9130859375,2595.252197265625
B_HB,3,2023-02-28,4,2023-06-30,DeepAR,2271.7,1657.975341796875,1843.3349609375,1904.8157958984375,1929.2203369140625,1998.8646240234375,2051.125,2080.59228515625,2096.704833984375,2133.30859375,2179.914306640625,2201.068115234375,2260.207763671875,2300.75439453125,2336.30126953125,2368.594482421875,2406.252685546875,2449.115478515625,2522.572021484375,2553.531494140625
B_HB,3,2023-02-28,5,2023-07-31,DeepAR,2408.9,1465.6533203125,1600.335693359375,1792.8212890625,1904.7784423828125,1937.8529052734375,2004.39697265625,2075.523193359375,2110.920654296875,2139.374267578125,2175.021484375,2210.35595703125,2245.6240234375,2314.31396484375,2348.732177734375,2385.607421875,2430.8095703125,2479.22119140625,2583.5517578125,2777.45556640625
B_HB,3,2023-02-28,6,2023-08-31,DeepAR,1532.9,1590.2291259765625,1721.117919921875,1879.2425537109375,1955.337646484375,2027.6767578125,2090.854248046875,2124.600830078125,2160.18603515625,2205.033935546875,2215.114990234375,2226.2646484375,2262.5185546875,2333.95166015625,2357.609375,2396.611083984375,2419.18701171875,2476.99658203125,2608.751953125,2868.328125
B_HB,3,2023-02-28,7,2023-09-30,DeepAR,1838.7,1492.7257080078125,1705.24072265625,1849.685546875,1940.0582275390625,2031.6397705078125,2061.962158203125,2110.18017578125,2136.64306640625,2182.699951171875,2222.818115234375,2262.10791015625,2317.8037109375,2338.45263671875,2367.353271484375,2426.768310546875,2484.190673828125,2560.576171875,2680.700439453125,2922.8388671875
B_HB,3,2023-02-28,8,2023-10-31,DeepAR,2301.9,1494.0452880859375,1639.8453369140625,1835.748779296875,1950.393310546875,1992.2305908203125,2039.7728271484375,2073.439453125,2115.476806640625,2125.85107421875,2165.334228515625,2211.8818359375,2269.3310546875,2308.16552734375,2373.075439453125,2444.865966796875,2499.296142578125,2586.0439453125,2625.4931640625,2799.19677734375
B_HB,3,2023-02-28,9,2023-11-30,DeepAR,2321.5,1140.023193359375,1649.4390869140625,1825.0318603515625,1979.4583740234375,2016.0001220703125,2076.1787109375,2169.37548828125,2204.109375,2214.9443359375,2264.58740234375,2299.877685546875,2334.33642578125,2398.514404296875,2445.829345703125,2489.798095703125,2545.02783203125,2574.392333984375,2689.90087890625,2874.0703125
B_HB,3,2023-02-28,10,2023-12-31,DeepAR,1666.7,1446.0418701171875,1657.531005859375,1801.4508056640625,1927.1761474609375,2006.0257568359375,2041.077880859375,2055.275634765625,2091.443359375,2113.563232421875,2142.854736328125,2168.311767578125,2185.54931640625,2237.056640625,2307.406982421875,2359.935546875,2399.39453125,2420.320068359375,2517.28076171875,2642.007080078125
B_HB,3,2023-02-28,11,2024-01-31,DeepAR,2191.6,1718.7474365234375,1792.08056640625,1850.751220703125,1919.6495361328125,1969.285888671875,1993.6177978515625,2024.137451171875,2070.858642578125,2113.40283203125,2153.377685546875,2207.3720703125,2226.536865234375,2283.728759765625,2312.484130859375,2350.997314453125,2390.282470703125,2513.722900390625,2598.44482421875,2804.288330078125
B_HB,3,2023-02-28,12,2024-02-29,DeepAR,2590.3,1644.1807861328125,1764.7069091796875,1823.6773681640625,1939.339111328125,2019.8670654296875,2082.15234375,2117.760498046875,2149.788818359375,2183.69189453125,2233.817626953125,2258.467529296875,2276.93994140625,2311.294677734375,2346.18896484375,2420.284423828125,2480.457275390625,2542.097900390625,2615.1044921875,2781.25830078125
B_HB,4,2023-05-31,1,2023-06-30,SeasonalNaive,2271.7,1393.2199999999998,1471.6799999999998,1555.82,1663.2,1714.0000000000002,1723.8400000000001,1782.0599999999997,1862.0000000000005,1951.1399999999999,1984.8999999999999,2027.5,2086.76,2111.6200000000003,2175.3199999999997,2239.8,2380.16,2510.74,2583.18,2834.24
B_HB,4,2023-05-31,2,2023-07-31,SeasonalNaive,2408.9,845.92,924.38,1008.52,1115.9,1166.7000000000003,1176.54,1234.7599999999998,1314.7000000000005,1403.84,1437.6,1480.2,1539.46,1564.3200000000002,1628.0199999999998,1692.5,1832.8600000000001,1963.4399999999998,2035.8799999999999,2286.94
B_HB,4,2023-05-31,3,2023-08-31,SeasonalNaive,1532.9,1632.52,1710.98,1795.12,1902.5,1953.3000000000002,1963.1399999999999,2021.3599999999997,2101.3,2190.44,2224.2,2266.7999999999997,2326.06,2350.92,2414.62,2479.1,2619.46,2750.04,2822.4799999999996,3073.54
B_HB,4,2023-05-31,4,2023-09-30,SeasonalNaive,1838.7,1301.2199999999998,1379.6799999999998,1463.82,1571.2,1622.0000000000002,1631.8400000000001,1690.0599999999997,1770.0000000000005,1859.1399999999999,1892.8999999999999,1935.5,1994.76,2019.6200000000001,2083.3199999999997,2147.8,2288.16,2418.74,2491.18,2742.24
B_HB,4,2023-05-31,5,2023-10-31,SeasonalNaive,2301.9,1449.2200000000003,1527.6800000000003,1611.8200000000002,1719.2000000000003,1770.0000000000005,1779.8400000000001,1838.06,1918.0000000000007,2007.14,2040.9,2083.5,2142.76,2167.6200000000003,2231.32,2295.8,2436.1600000000003,2566.7400000000002,2639.1800000000003,2890.2400000000002
B_HB,4,2023-05-31,6,2023-11-30,SeasonalNaive,2321.5,1226.42,1304.88,1389.02,1496.4,1547.2000000000003,1557.04,1615.2599999999998,1695.2000000000005,1784.34,1818.1,1860.7,1919.96,1944.8200000000002,2008.5199999999998,2073.0,2213.36,2343.94,2416.38,2667.44
B_HB,4,2023-05-31,7,2023-12-31,SeasonalNaive,1666.7,1268.2199999999998,1346.6799999999998,1430.82,1538.2,1589.0000000000002,1598.8400000000001,1657.0599999999997,1737.0000000000005,1826.1399999999999,1859.8999999999999,1902.5,1961.76,1986.6200000000001,2050.3199999999997,2114.8,2255.16,2385.74,2458.18,2709.24
B_HB,4,2023-05-31,8,2024-01-31,SeasonalNaive,2191.6,1715.62,1794.08,1878.2199999999998,1985.6,2036.4,2046.2399999999998,2104.4599999999996,2184.4,2273.54,2307.2999999999997,2349.8999999999996,2409.16,2434.02,2497.72,2562.2,2702.56,2833.14,2905.58,3156.64
B_HB,4,2023-05-31,9,2024-02-29,SeasonalNaive,2590.3,1857.2200000000003,1935.6800000000003,2019.8200000000002,2127.2000000000003,2178.0000000000005,2187.84,2246.06,2326.0000000000005,2415.1400000000003,2448.9,2491.5,2550.76,2575.6200000000003,2639.32,2703.8,2844.1600000000003,2974.7400000000002,3047.1800000000003,3298.2400000000002
B_HB,4,2023-05-31,10,2024-03-31,SeasonalNaive,2144.2,1788.42,1866.88,1951.02,2058.4,2109.2000000000003,2119.04,2177.2599999999998,2257.2000000000003,2346.34,2380.1,2422.7,2481.96,2506.82,2570.52,2635.0,2775.36,2905.94,2978.38,3229.44
B_HB,4,2023-05-31,11,2024-04-30,SeasonalNaive,2146.2,1904.2200000000003,1982.6800000000003,2066.82,2174.2000000000003,2225.0000000000005,2234.84,2293.06,2373.0000000000005,2462.1400000000003,2495.9,2538.5,2597.76,2622.6200000000003,2686.32,2750.8,2891.1600000000003,3021.7400000000002,3094.1800000000003,3345.2400000000002
B_HB,4,2023-05-31,12,2024-05-31,SeasonalNaive,2107.8,1673.8200000000002,1752.2800000000002,1836.42,1943.8000000000002,1994.6000000000004,2004.44,2062.66,2142.6000000000004,2231.7400000000002,2265.5,2308.1,2367.36,2392.2200000000003,2455.92,2520.4,2660.76,2791.34,2863.7799999999997,3114.84
B_HB,4,2023-05-31,1,2023-06-30,DeepAR,2271.7,1561.67529296875,1729.063720703125,1852.783935546875,1959.1470947265625,2024.7628173828125,2071.258544921875,2091.550048828125,2137.22509765625,2168.472412109375,2186.39208984375,2219.385009765625,2267.918701171875,2287.690673828125,2312.6357421875,2356.076904296875,2383.74560546875,2457.065673828125,2643.4375,2752.6396484375
B_HB,4,2023-05-31,2,2023-07-31,DeepAR,2408.9,1567.7611083984375,1686.2916259765625,1802.14794921875,1901.7379150390625,1956.9744873046875,2040.3062744140625,2087.671875,2103.302001953125,2157.782958984375,2192.4765625,2208.69140625,2233.495361328125,2287.47509765625,2332.968505859375,2354.2822265625,2431.235595703125,2494.83642578125,2579.783203125,2872.871826171875
B_HB,4,2023-05-31,3,2023-08-31,DeepAR,1532.9,1470.5755615234375,1678.9376220703125,1848.5521240234375,1924.5264892578125,1943.0078125,2006.39013671875,2048.463134765625,2101.474609375,2165.826171875,2235.142822265625,2246.690185546875,2259.34423828125,2291.322265625,2349.041259765625,2401.74365234375,2417.154296875,2473.011474609375,2519.429931640625,2565.479248046875
B_HB,4,2023-05-31,4,2023-09-30,DeepAR,1838.7,1625.52734375,1813.076904296875,1875.3560791015625,1901.3184814453125,1970.8455810546875,2024.205322265625,2054.271240234375,2070.117431640625,2107.1083984375,2154.366455078125,2175.97705078125,2235.64990234375,2276.95263671875,2313.0732421875,2345.5732421875,2383.696044921875,2427.10400390625,2501.701171875,2532.978515625
B_HB,4,2023-05-31,5,2023-10-31,DeepAR,2301.9,1430.96875,1567.43994140625,1762.6083984375,1876.04833984375,1909.24560546875,1977.03759765625,2048.921142578125,2084.86083984375,2113.623046875,2149.33935546875,2185.595458984375,2221.218017578125,2290.54736328125,2325.43603515625,2363.152099609375,2408.7255859375,2457.6572265625,2563.92333984375,2759.693115234375
B_HB,4,2023-05-31,6,2023-11-30,DeepAR,2321.5,1555.4583740234375,1687.6640625,1847.7867431640625,1924.3095703125,1997.84423828125,2061.847412109375,2095.84326171875,2132.026123046875,2177.19580078125,2187.5439453125,2198.51806640625,2235.71240234375,2307.684326171875,2331.5537109375,2371.00927734375,2394.016845703125,2452.3505859375,2585.693603515625,2848.572265625
B_HB,4,2023-05-31,7,2023-12-31,DeepAR,1666.7,1454.1373291015625,1669.026123046875,1815.318115234375,1907.038818359375,1999.7657470703125,2030.4229736328125,2079.76611328125,2105.886962890625,2152.744384765625,2193.533203125,2233.43017578125,2289.55322265625,2310.434326171875,2339.781494140625,2399.8349609375,2457.843505859375,2535.423095703125,2656.75048828125,2902.381103515625
B_HB,4,2023-05-31,8,2024-01-31,DeepAR,2191.6,1475.0330810546875,1621.861572265625,1820.1812744140625,1935.225830078125,1977.6431884765625,2025.5335693359375,2058.962158203125,2101.818115234375,2112.05712890625,2151.405029296875,2198.78125,2256.336669921875,2295.84765625,2361.1494140625,2433.705322265625,2488.5771484375,2575.932861328125,2615.521484375,2791.144775390625
B_HB,4,2023-05-31,9,2024-02-29,DeepAR,2590.3,1128.7869873046875,1641.30712890625,1817.4112548828125,1972.69189453125,2009.22802734375,2069.98779296875,2163.365966796875,2198.31103515625,2209.091552734375,2259.452880859375,2294.627685546875,2329.409423828125,2393.9326171875,2441.794189453125,2485.7265625,2541.18310546875,2570.571044921875,2686.66796875,2871.762451171875
B_HB,4,2023-05-31,10,2024-03-31,DeepAR,2144.2,1434.082763671875,1646.554931640625,1791.2144775390625,1918.130615234375,1996.956787109375,2032.651611328125,2046.935302734375,2083.464599609375,2105.425537109375,2134.54833984375,2160.047607421875,2177.248779296875,2229.96142578125,2299.98779296875,2352.70361328125,2392.30126953125,2413.2802734375,2510.9248046875,2636.502685546875
B_HB,4,2023-05-31,11,2024-04-30,DeepAR,2146.2,1690.5771484375,1764.87939453125,1824.3525390625,1893.67626953125,1943.604736328125,1968.4827880859375,1999.3404541015625,2046.1778564453125,2089.565673828125,2129.8564453125,2184.617919921875,2203.410400390625,2261.44482421875,2290.162109375,2329.337646484375,2368.52978515625,2493.34765625,2578.951416015625,2786.829345703125
B_HB,4,2023-05-31,12,2024-05-31,DeepAR,2107.8,1607.4246826171875,1729.4534912109375,1789.7249755859375,1906.481201171875,1988.482177734375,2051.5751953125,2087.1884765625,2120.13525390625,2154.3583984375,2205.087158203125,2229.86962890625,2248.51416015625,2283.16162109375,2318.665771484375,2393.873779296875,2454.95263671875,2517.18603515625,2591.186767578125,2760.177978515625
B_HB,5,2023-08-31,1,2023-09-30,SeasonalNaive,1838.7,1279.4099999999999,1374.01,1453.7899999999997,1544.6,1621.1250000000002,1631.83,1690.4199999999998,1780.0000000000002,1861.905,1896.3999999999999,1938.2250000000001,2001.5600000000002,2037.8799999999999,2109.5699999999993,2180.7,2296.52,2431.4049999999997,2503.3599999999997,2758.11
B_HB,5,2023-08-31,2,2023-10-31,SeasonalNaive,2301.9,1427.41,1522.0100000000002,1601.79,1692.6000000000001,1769.1250000000005,1779.8300000000002,1838.42,1928.0000000000005,2009.9050000000002,2044.4,2086.2250000000004,2149.5600000000004,2185.88,2257.5699999999997,2328.7,2444.5200000000004,2579.405,2651.36,2906.1100000000006
B_HB,5,2023-08-31,3,2023-11-30,SeasonalNaive,2321.5,1204.61,1299.21,1378.9899999999998,1469.8,1546.3250000000003,1557.03,1615.62,1705.2000000000003,1787.105,1821.6,1863.4250000000002,1926.7600000000002,1963.08,2034.7699999999995,2105.8999999999996,2221.7200000000003,2356.605,2428.56,2683.3100000000004
B_HB,5,2023-08-31,4,2023-12-31,SeasonalNaive,1666.7,1246.4099999999999,1341.01,1420.7899999999997,1511.6,1588.1250000000002,1598.83,1657.4199999999998,1747.0000000000002,1828.905,1863.3999999999999,1905.2250000000001,1968.5600000000002,2004.8799999999999,2076.5699999999993,2147.7,2263.52,2398.4049999999997,2470.3599999999997,2725.11
B_HB,5,2023-08-31,5,2024-01-31,SeasonalNaive,2191.6,1693.8099999999997,1788.4099999999999,1868.1899999999996,1958.9999999999998,2035.525,2046.2299999999998,2104.8199999999997,2194.4,2276.305,2310.7999999999997,2352.625,2415.96,2452.2799999999997,2523.9699999999993,2595.0999999999995,2710.92,2845.805,2917.7599999999998,3172.51
B_HB,5,2023-08-31,6,2024-02-29,SeasonalNaive,2590.3,1835.41,1930.0100000000002,2009.79,2100.6000000000004,2177.1250000000005,2187.8300000000004,2246.42,2336.0000000000005,2417.905,2452.4,2494.2250000000004,2557.5600000000004,2593.88,2665.5699999999997,2736.7,2852.5200000000004,2987.405,3059.36,3314.1100000000006
B_HB,5,2023-08-31,7,2024-03-31,SeasonalNaive,2144.2,1766.61,1861.21,1940.9899999999998,2031.8,2108.3250000000003,2119.03,2177.62,2267.2000000000003,2349.105,2383.6,2425.425,2488.76,2525.08,2596.7699999999995,2667.8999999999996,2783.7200000000003,2918.605,2990.56,3245.3100000000004
B_HB,5,2023-08-31,8,2024-04-30,SeasonalNaive,2146.2,1882.41,1977.0100000000002,2056.79,2147.6000000000004,2224.1250000000005,2234.8300000000004,2293.42,2383.0000000000005,2464.905,2499.4,2541.2250000000004,2604.5600000000004,2640.88,2712.5699999999997,2783.7,2899.5200000000004,3034.405,3106.36,3361.1100000000006
B_HB,5,2023-08-31,9,2024-05-31,SeasonalNaive,2107.8,1652.01,1746.6100000000001,1826.3899999999999,1917.2,1993.7250000000004,2004.43,2063.02,2152.6000000000004,2234.505,2269.0,2310.8250000000003,2374.1600000000003,2410.48,2482.1699999999996,2553.2999999999997,2669.12,2804.005,2875.96,3130.71
B_HB,5,2023-08-31,10,2024-06-30,SeasonalNaive,1757.6,1642.3099999999997,1736.9099999999999,1816.6899999999996,1907.4999999999998,1984.025,1994.7299999999998,2053.3199999999997,2142.9,2224.805,2259.2999999999997,2301.125,2364.46,2400.7799999999997,2472.4699999999993,2543.5999999999995,2659.42,2794.305,2866.2599999999998,3121.01
B_HB,5,2023-08-31,11,2024-07-31,SeasonalNaive,1957.4,1779.51,1874.1100000000001,1953.8899999999999,2044.7,2121.2250000000004,2131.9300000000003,2190.52,2280.1000000000004,2362.005,2396.5,2438.3250000000003,2501.6600000000003,2537.98,2609.6699999999996,2680.7999999999997,2796.62,2931.505,3003.46,3258.21
B_HB,5,2023-08-31,12,2024-08-31,SeasonalNaive,1638.9,903.51,998.1100000000001,1077.8899999999999,1168.7,1245.2250000000004,1255.93,1314.52,1404.1000000000004,1486.005,1520.5,1562.3250000000003,1625.6600000000003,1661.98,1733.6699999999996,1804.8,1920.6200000000001,2055.505,2127.46,2382.21
B_HB,5,2023-08-31,1,2023-09-30,DeepAR,1838.7,1628.736572265625,1799.802978515625,1926.487548828125,2035.30908203125,2102.44775390625,2149.87548828125,2170.76953125,2217.4638671875,2249.44921875,2267.78125,2301.52490234375,2351.23486328125,2371.40380859375,2396.92578125,2441.48193359375,2469.693603515625,2544.637451171875,2735.4267578125,2847.0283203125
B_HB,5,2023-08-31,2,2023-10-31,DeepAR,2301.9,1636.5103759765625,1756.8685302734375,1875.761474609375,1978.0660400390625,2034.3836669921875,2119.527587890625,2167.798095703125,2183.943603515625,2239.61669921875,2275.091064453125,2291.6962890625,2317.077392578125,2372.29345703125,2418.62158203125,2440.3955078125,2519.209716796875,2583.981201171875,2671.165283203125,2970.69189453125
B_HB,5,2023-08-31,3,2023-11-30,DeepAR,2321.5,1537.262451171875,1749.9896240234375,1923.10693359375,2000.5260009765625,2019.45263671875,2084.127685546875,2127.05517578125,2181.247802734375,2246.88720703125,2317.617431640625,2329.406005859375,2342.35888671875,2374.98974609375,2433.955078125,2487.685791015625,2503.3837890625,2560.279541015625,2607.80224609375,2654.728271484375
B_HB,5,2023-08-31,4,2023-12-31,DeepAR,1666.7,1695.9046630859375,1887.265869140625,1950.8763427734375,1977.501708984375,2048.275146484375,2102.806884765625,2133.55712890625,2149.65966796875,2187.3701171875,2235.61181640625,2257.660888671875,2318.54931640625,2360.689697265625,2397.548828125,2430.677734375,2469.73681640625,2513.920166015625,2590.14111328125,2622.016845703125
B_HB,5,2023-08-31,5,2024-01-31,DeepAR,2191.6,1515.0201416015625,1653.938232421875,1852.6195068359375,1967.3072509765625,2000.9747314453125,2069.819091796875,2142.734375,2179.3330078125,2208.660400390625,2244.836669921875,2281.91796875,2317.818603515625,2388.330078125,2423.8515625,2462.14013671875,2508.5322265625,2558.180908203125,2665.940673828125,2864.961669921875
B_HB,5,2023-08-31,6,2024-02-29,DeepAR,2590.3,1650.061767578125,1784.2884521484375,1946.35107421875,2023.1566162109375,2098.363037109375,2164.058837890625,2198.44287109375,2234.4052734375,2280.603271484375,2290.922119140625,2301.94873046875,2340.39990234375,2413.133544921875,2436.895751953125,2476.855224609375,2500.584228515625,2559.4140625,2694.573486328125,2960.704345703125
B_HB,5,2023-08-31,7,2024-03-31,DeepAR,2144.2,1543.4307861328125,1760.4697265625,1909.630859375,2002.239013671875,2096.371826171875,2127.832763671875,2177.5751953125,2203.959228515625,2251.687255859375,2292.974609375,2333.8818359375,2390.654541015625,2411.614501953125,2441.712646484375,2502.44873046875,2561.40478515625,2639.9765625,2762.934814453125,3012.0888671875
B_HB,5,2023-08-31,8,2024-04-30,DeepAR,2146.2,1546.3375244140625,1696.0919189453125,1898.134765625,2015.3826904296875,2058.48193359375,2107.35888671875,2141.18505859375,2185.181396484375,2195.404296875,2235.173095703125,2283.899658203125,2342.517333984375,2382.756591796875,2449.320556640625,2523.31494140625,2579.245849609375,2668.055908203125,2708.6611328125,2887.7421875
B_HB,5,2023-08-31,9,2024-05-31,DeepAR,2107.8,1182.6861572265625,1707.43408203125,1887.9827880859375,2046.30859375,2083.724853515625,2145.927490234375,2241.31298828125,2276.984619140625,2288.17333984375,2339.458251953125,2375.682861328125,2411.1328125,2477.172119140625,2526.2158203125,2570.89501953125,2627.575439453125,2657.63037109375,2776.7861328125,2966.161865234375
B_HB,5,2023-08-31,10,2024-06-30,DeepAR,1757.6,1490.3856201171875,1708.2591552734375,1856.1904296875,1986.046142578125,2066.662353515625,2103.109375,2117.971435546875,2155.361328125,2177.80615234375,2207.64306640625,2233.92529296875,2251.509521484375,2305.51953125,2377.083984375,2431.129150390625,2471.6591796875,2493.216064453125,2593.13232421875,2721.67529296875
B_HB,5,2023-08-31,11,2024-07-31,DeepAR,1957.4,1750.5552978515625,1826.16357421875,1887.791259765625,1958.4508056640625,2009.564697265625,2035.5545654296875,2066.91357421875,2114.87548828125,2159.335205078125,2200.510009765625,2256.335205078125,2275.943603515625,2335.368408203125,2364.7666015625,2405.185546875,2445.41748046875,2573.2333984375,2660.966796875,2873.91357421875
B_HB,5,2023-08-31,12,2024-08-31,DeepAR,1638.9,1668.5428466796875,1793.8526611328125,1854.9073486328125,1975.0079345703125,2058.735595703125,2123.487548828125,2159.91796875,2193.318603515625,2228.820068359375,2280.5615234375,2306.1708984375,2325.160888671875,2360.409912109375,2396.80859375,2473.796875,2536.60205078125,2600.409912109375,2675.7373046875,2849.3984375
B_HB,6,2023-11-30,1,2023-12-31,SeasonalNaive,1666.7,1250.04,1343.44,1428.36,1551.5,1589.0500000000002,1606.76,1685.5000000000002,1782.28,1829.51,1866.8999999999999,1917.25,1971.04,2040.4499999999998,2088.34,2148.7,2273.2200000000003,2394.7999999999997,2465.14,2720.94
B_HB,6,2023-11-30,2,2024-01-31,SeasonalNaive,2191.6,1697.4399999999996,1790.84,1875.7599999999998,1998.8999999999999,2036.45,2054.16,2132.9,2229.68,2276.91,2314.2999999999997,2364.65,2418.44,2487.85,2535.74,2596.0999999999995,2720.62,2842.1999999999994,2912.54,3168.3399999999997
B_HB,6,2023-11-30,3,2024-02-29,SeasonalNaive,2590.3,1839.04,1932.4400000000003,2017.3600000000001,2140.5,2178.05,2195.76,2274.5000000000005,2371.28,2418.51,2455.9,2506.2500000000005,2560.0400000000004,2629.4500000000003,2677.34,2737.7,2862.2200000000003,2983.7999999999997,3054.1400000000003,3309.94
B_HB,6,2023-11-30,4,2024-03-31,SeasonalNaive,2144.2,1770.2399999999998,1863.64,1948.56,2071.7,2109.25,2126.96,2205.7000000000003,2302.48,2349.71,2387.1,2437.4500000000003,2491.2400000000002,2560.65,2608.54,2668.8999999999996,2793.42,2914.9999999999995,2985.34,3241.14
B_HB,6,2023-11-30,5,2024-04-30,SeasonalNaive,2146.2,1886.04,1979.4400000000003,2064.36,2187.5,2225.05,2242.76,2321.5000000000005,2418.28,2465.51,2502.9,2553.2500000000005,2607.0400000000004,2676.4500000000003,2724.34,2784.7,2909.2200000000003,3030.7999999999997,3101.1400000000003,3356.94
B_HB,6,2023-11-30,6,2024-05-31,SeasonalNaive,2107.8,1655.6399999999999,1749.0400000000002,1833.96,1957.1000000000001,1994.6500000000003,2012.3600000000001,2091.1000000000004,2187.88,2235.11,2272.5,2322.8500000000004,2376.6400000000003,2446.05,2493.94,2554.2999999999997,2678.82,2800.3999999999996,2870.74,3126.54
B_HB,6,2023-11-30,7,2024-06-30,SeasonalNaive,1757.6,1645.9399999999996,1739.34,1824.2599999999998,1947.3999999999999,1984.95,2002.6599999999999,2081.4,2178.18,2225.41,2262.7999999999997,2313.15,2366.94,2436.35,2484.24,2544.5999999999995,2669.12,2790.6999999999994,2861.04,3116.8399999999997
B_HB,6,2023-11-30,8,2024-07-31,SeasonalNaive,1957.4,1783.1399999999999,1876.5400000000002,1961.46,2084.6000000000004,2122.1500000000005,2139.86,2218.6000000000004,2315.38,2362.61,2400.0,2450.3500000000004,2504.1400000000003,2573.55,2621.44,2681.7999999999997,2806.32,2927.8999999999996,2998.24,3254.04
B_HB,6,2023-11-30,9,2024-08-31,SeasonalNaive,1638.9,907.14,1000.5400000000002,1085.46,1208.6000000000001,1246.1500000000003,1263.8600000000001,1342.6000000000004,1439.38,1486.6100000000001,1524.0,1574.3500000000001,1628.14,1697.55,1745.44,1805.7999999999997,1930.3200000000002,2051.8999999999996,2122.24,2378.04
B_HB,6,2023-11-30,10,2024-09-30,SeasonalNaive,1805.6,1212.94,1306.3400000000001,1391.26,1514.4,1551.9500000000003,1569.66,1648.4000000000003,1745.18,1792.41,1829.8,1880.15,1933.94,2003.35,2051.24,2111.6,2236.1200000000003,2357.7,2428.04,2683.84
B_HB,6,2023-11-30,11,2024-10-31,SeasonalNaive,1797.5,1676.1399999999999,1769.5400000000002,1854.46,1977.6000000000001,2015.1500000000003,2032.8600000000001,2111.6000000000004,2208.38,2255.61,2293.0,2343.3500000000004,2397.1400000000003,2466.55,2514.44,2574.7999999999997,2699.32,2820.8999999999996,2891.24,3147.04
B_HB,6,2023-11-30,12,2024-11-30,SeasonalNaive,1794.0,1695.7399999999998,1789.14,1874.06,1997.2,2034.7500000000002,2052.46,2131.2000000000003,2227.98,2275.21,2312.6,2362.9500000000003,2416.7400000000002,2486.15,2534.04,2594.3999999999996,2718.92,2840.4999999999995,2910.84,3166.64
B_HB,6,2023-11-30,1,2023-12-31,DeepAR,1666.7,1608.5765380859375,1781.2906494140625,1909.3421630859375,2019.2845458984375,2087.1181640625,2134.94921875,2156.13818359375,2203.2919921875,2235.615966796875,2254.135498046875,2288.219970703125,2338.473876953125,2358.81494140625,2384.60009765625,2429.68115234375,2458.1259765625,2533.799072265625,2726.618408203125,2839.294921875
B_HB,6,2023-11-30,2,2024-01-31,DeepAR,2191.6,1636.0853271484375,1757.7232666015625,1876.7908935546875,1979.26171875,2035.87841796875,2121.493408203125,2170.091064453125,2186.239013671875,2242.226318359375,2277.8896484375,2294.589599609375,2320.0927734375,2375.52197265625,2422.171630859375,2444.048828125,2523.135986328125,2588.472900390625,2675.724365234375,2976.837158203125
B_HB,6,2023-11-30,3,2024-02-29,DeepAR,2590.3,1543.361572265625,1756.44921875,1930.0157470703125,2007.2498779296875,2026.2080078125,2091.24462890625,2134.467529296875,2188.765380859375,2254.569091796875,2325.4873046875,2337.340576171875,2350.341796875,2383.14306640625,2442.252197265625,2496.217529296875,2511.913818359375,2568.896240234375,2616.58349609375,2663.6376953125
B_HB,6,2023-11-30,4,2024-03-31,DeepAR,2144.2,1693.7247314453125,1886.02294921875,1949.88818359375,1976.655029296875,2048.0693359375,2102.73291015625,2133.45751953125,2149.757568359375,2187.71240234375,2236.2451171875,2258.4443359375,2319.536865234375,2362.07568359375,2399.212646484375,2432.461669921875,2471.39306640625,2515.984619140625,2592.32958984375,2624.5673828125
B_HB,6,2023-11-30,5,2024-04-30,DeepAR,2146.2,1494.8858642578125,1634.9949951171875,1835.239990234375,1951.4974365234375,1985.5135498046875,2055.025634765625,2128.738525390625,2165.7099609375,2195.1318359375,2231.71337890625,2269.003173828125,2305.484130859375,2376.686279296875,2412.423095703125,2451.216064453125,2497.916259765625,2548.165771484375,2657.052001953125,2857.946533203125
B_HB,6,2023-11-30,6,2024-05-31,DeepAR,2107.8,1623.5023193359375,1759.5704345703125,1923.5877685546875,2002.33642578125,2077.66064453125,2144.077880859375,2178.14892578125,2215.535400390625,2262.1318359375,2272.506591796875,2283.724853515625,2322.162109375,2396.13623046875,2420.5859375,2461.177490234375,2484.701416015625,2544.8408203125,2681.577392578125,2951.213623046875
B_HB,6,2023-11-30,7,2024-06-30,DeepAR,1757.6,1512.366455078125,1733.25830078125,1883.9365234375,1978.2379150390625,2073.699462890625,2105.28125,2155.81201171875,2183.025634765625,2231.027587890625,2272.71923828125,2313.8134765625,2371.753662109375,2393.2763671875,2423.25927734375,2485.216064453125,2544.869384765625,2624.705322265625,2749.419189453125,3001.938720703125
B_HB,6,2023-11-30,8,2024-07-31,DeepAR,1957.4,1511.4482421875,1663.4599609375,1868.47265625,1987.698486328125,2031.4527587890625,2080.72119140625,2115.605224609375,2159.714111328125,2170.383056640625,2211.236328125,2260.221923828125,2319.756103515625,2360.556640625,2427.9501953125,2502.871826171875,2559.9326171875,2650.0888671875,2691.057373046875,2872.756103515625
B_HB,6,2023-11-30,9,2024-08-31,DeepAR,1638.9,1143.137939453125,1675.9937744140625,1859.4666748046875,2019.923828125,2057.861083984375,2120.98779296875,2218.01318359375,2254.15966796875,2265.42041015625,2317.221923828125,2354.274658203125,2390.011962890625,2457.11669921875,2506.9208984375,2552.197509765625,2609.661865234375,2640.248779296875,2760.887939453125,2953.611572265625
B_HB,6,2023-11-30,10,2024-09-30,DeepAR,1805.6,1458.1156005859375,1679.5631103515625,1829.5303955078125,1961.302734375,2042.830810546875,2079.902587890625,2094.733642578125,2132.57568359375,2155.646728515625,2186.12451171875,2212.751708984375,2230.55859375,2284.20654296875,2357.89208984375,2412.63330078125,2453.874755859375,2475.702392578125,2577.0703125,2707.185546875
B_HB,6,2023-11-30,11,2024-10-31,DeepAR,1797.5,1726.5753173828125,1802.7945556640625,1865.7479248046875,1937.3548583984375,1988.968017578125,2015.102294921875,2047.1348876953125,2095.978515625,2140.5576171875,2182.5341796875,2239.307373046875,2259.117431640625,2319.234130859375,2348.95068359375,2389.68359375,2430.758544921875,2560.02880859375,2649.090087890625,2864.5458984375
B_HB,6,2023-11-30,12,2024-11-30,DeepAR,1794.0,1641.1466064453125,1768.740966796875,1830.351318359375,1951.9654541015625,2036.7879638671875,2102.197509765625,2139.228515625,2173.23583984375,2208.88037109375,2261.228271484375,2287.550537109375,2306.765380859375,2343.14208984375,2379.260009765625,2457.2197265625,2520.933349609375,2585.63623046875,2662.16650390625,2838.007568359375
B_HB,7,2024-02-29,1,2024-03-31,SeasonalNaive,2144.2,1773.87,1866.0700000000002,1959.63,2090.52,2111.0750000000003,2159.03,2207.61,2290.6400000000003,2346.735,2383.6,2430.975,2490.82,2523.4300000000003,2604.189999999999,2660.45,2779.5400000000004,2899.25,2980.12,3236.97
B_HB,7,2024-02-29,2,2024-04-30,SeasonalNaive,2146.2,1889.67,1981.8700000000003,2075.4300000000003,2206.32,2226.8750000000005,2274.8300000000004,2323.4100000000003,2406.4400000000005,2462.5350000000003,2499.4,2546.775,2606.6200000000003,2639.2300000000005,2719.9899999999993,2776.25,2895.3400000000006,3015.05,3095.92,3352.77
B_HB,7,2024-02-29,3,2024-05-31,SeasonalNaive,2107.8,1659.27,1751.4700000000003,1845.0300000000002,1975.92,1996.4750000000004,2044.43,2093.01,2176.0400000000004,2232.135,2269.0,2316.375,2376.2200000000003,2408.8300000000004,2489.5899999999992,2545.85,2664.9400000000005,2784.65,2865.52,3122.37
B_HB,7,2024-02-29,4,2024-06-30,SeasonalNaive,1757.6,1649.5699999999997,1741.77,1835.33,1966.2199999999998,1986.775,2034.7299999999998,2083.31,2166.34,2222.435,2259.2999999999997,2306.6749999999997,2366.52,2399.13,2479.889999999999,2536.1499999999996,2655.2400000000002,2774.95,2855.8199999999997,3112.6699999999996
B_HB,7,2024-02-29,5,2024-07-31,SeasonalNaive,1957.4,1786.77,1878.9700000000003,1972.5300000000002,2103.42,2123.9750000000004,2171.9300000000003,2220.51,2303.5400000000004,2359.635,2396.5,2443.875,2503.7200000000003,2536.3300000000004,2617.0899999999992,2673.35,2792.4400000000005,2912.15,2993.02,3249.87
B_HB,7,2024-02-29,6,2024-08-31,SeasonalNaive,1638.9,910.7700000000001,1002.9700000000001,1096.5300000000002,1227.42,1247.9750000000004,1295.93,1344.5100000000002,1427.5400000000004,1483.635,1520.5,1567.875,1627.7200000000003,1660.3300000000002,1741.0899999999995,1797.35,1916.4400000000003,2036.15,2117.02,2373.87
B_HB,7,2024-02-29,7,2024-09-30,SeasonalNaive,1805.6,1216.5700000000002,1308.77,1402.3300000000002,1533.22,1553.775,1601.73,1650.3100000000002,1733.3400000000004,1789.435,1826.3,1873.6750000000002,1933.5200000000002,1966.13,2046.8899999999994,2103.15,2222.2400000000002,2341.9500000000003,2422.8199999999997,2679.67
B_HB,7,2024-02-29,8,2024-10-31,SeasonalNaive,1797.5,1679.77,1771.9700000000003,1865.5300000000002,1996.42,2016.9750000000004,2064.9300000000003,2113.51,2196.5400000000004,2252.635,2289.5,2336.875,2396.7200000000003,2429.3300000000004,2510.0899999999992,2566.35,2685.4400000000005,2805.15,2886.02,3142.87
B_HB,7,2024-02-29,9,2024-11-30,SeasonalNaive,1794.0,1699.37,1791.5700000000002,1885.13,2016.02,2036.5750000000003,2084.53,2133.11,2216.1400000000003,2272.235,2309.1,2356.475,2416.32,2448.9300000000003,2529.689999999999,2585.95,2705.0400000000004,2824.75,2905.62,3162.47
B_HB,7,2024-02-29,10,2024-12-31,SeasonalNaive,2553.1,1044.5700000000002,1136.77,1230.3300000000002,1361.22,1381.775,1429.73,1478.3100000000002,1561.3400000000004,1617.435,1654.3,1701.6750000000002,1761.5200000000002,1794.13,1874.8899999999994,1931.1499999999999,2050.2400000000002,2169.9500000000003,2250.8199999999997,2507.67
B_HB,7,2024-02-29,11,2025-01-31,SeasonalNaive,3126.7,1569.4699999999998,1661.67,1755.23,1886.12,1906.6750000000002,1954.6299999999999,2003.21,2086.2400000000002,2142.335,2179.2,2226.575,2286.42,2319.03,2399.789999999999,2456.0499999999997,2575.1400000000003,2694.85,2775.72,3032.5699999999997
B_HB,7,2024-02-29,12,2025-02-28,SeasonalNaive,2103.5,1968.17,2060.3700000000003,2153.9300000000003,2284.82,2305.3750000000005,2353.3300000000004,2401.9100000000003,2484.9400000000005,2541.0350000000003,2577.9,2625.275,2685.1200000000003,2717.7300000000005,2798.4899999999993,2854.75,2973.8400000000006,3093.55,3174.42,3431.27
B_HB,7,2024-02-29,1,2024-03-31,DeepAR,2144.2,1567.9466552734375,1735.200439453125,1859.219970703125,1965.6942138671875,2031.3885498046875,2077.70166015625,2098.230712890625,2143.89501953125,2175.200439453125,2193.135498046875,2226.144287109375,2274.816650390625,2294.511962890625,2319.48388671875,2363.150146484375,2390.691650390625,2463.972900390625,2650.7177734375,2759.831787109375
B_HB,7,2024-02-29,2,2024-04-30,DeepAR,2146.2,1579.3433837890625,1696.834228515625,1813.150634765625,1913.3153076171875,1968.2860107421875,2051.521240234375,2098.656982421875,2114.51220703125,2168.9453125,2203.638427734375,2219.899658203125,2244.728271484375,2298.69970703125,2343.915771484375,2365.18896484375,2442.277099609375,2505.5595703125,2590.830078125,2883.63134765625
B_HB,7,2024-02-29,3,2024-05-31,DeepAR,2107.8,1479.9559326171875,1688.27490234375,1857.574951171875,1933.279052734375,1951.8253173828125,2015.0306396484375,2057.15673828125,2110.47265625,2174.434326171875,2243.653564453125,2255.20458984375,2267.76904296875,2299.805908203125,2357.594970703125,2410.121337890625,2425.568115234375,2481.085693359375,2527.91455078125,2573.6298828125
B_HB,7,2024-02-29,4,2024-06-30,DeepAR,1757.6,1623.5848388671875,1811.517578125,1874.170166015625,1899.958984375,1969.7579345703125,2023.239990234375,2053.40380859375,2069.308837890625,2106.332275390625,2153.80126953125,2175.3935546875,2235.15234375,2276.626220703125,2312.8759765625,2345.31298828125,2383.580078125,2427.069580078125,2501.8994140625,2533.329345703125
B_HB,7,2024-02-29,5,2024-07-31,DeepAR,1957.4,1425.4305419921875,1562.717041015625,1759.173583984375,1872.1219482421875,1905.3780517578125,1973.4129638671875,2045.6392822265625,2081.743408203125,2110.749267578125,2146.501708984375,2182.956787109375,2218.340576171875,2288.1884765625,2323.18603515625,2360.928955078125,2406.803955078125,2455.6640625,2562.66455078125,2759.053466796875
B_HB,7,2024-02-29,6,2024-08-31,DeepAR,1638.9,1552.8956298828125,1685.4771728515625,1846.4500732421875,1922.88037109375,1996.8057861328125,2061.431640625,2095.7119140625,2131.528076171875,2177.30712890625,2187.33740234375,2198.34375,2236.223876953125,2308.49365234375,2332.001220703125,2371.934326171875,2394.7783203125,2453.431884765625,2587.417724609375,2851.588623046875
B_HB,7,2024-02-29,7,2024-09-30,DeepAR,1805.6,1447.739990234375,1663.631591796875,1810.62841796875,1902.9588623046875,1996.277099609375,2027.015869140625,2076.667236328125,2102.862060546875,2150.009033203125,2190.891845703125,2230.986083984375,2287.44873046875,2308.420654296875,2337.965576171875,2398.25439453125,2456.408447265625,2534.542724609375,2656.213134765625,2903.484375
B_HB,7,2024-02-29,8,2024-10-31,DeepAR,1797.5,1449.7362060546875,1598.483642578125,1799.927001953125,1915.5103759765625,1958.4952392578125,2006.732666015625,2040.6221923828125,2083.80322265625,2094.04296875,2133.967529296875,2181.798095703125,2239.875,2279.702880859375,2345.462890625,2418.671875,2474.359375,2562.797119140625,2602.0654296875,2780.29833984375
B_HB,7,2024-02-29,9,2024-11-30,DeepAR,1794.0,1086.1826171875,1608.4957275390625,1787.5965576171875,1944.553466796875,1981.353271484375,2042.9443359375,2137.834716796875,2173.1953125,2184.201171875,2234.96875,2270.691650390625,2305.853759765625,2371.57275390625,2419.9306640625,2464.603759765625,2520.3232421875,2550.1318359375,2668.147216796875,2857.688232421875
B_HB,7,2024-02-29,10,2024-12-31,DeepAR,2553.1,1396.0999755859375,1613.031494140625,1758.7789306640625,1887.633544921875,1966.4915771484375,2002.7430419921875,2017.6517333984375,2054.51123046875,2076.98828125,2106.7373046875,2132.792724609375,2149.92529296875,2203.15185546875,2274.245361328125,2327.855712890625,2367.870849609375,2389.5947265625,2488.129638671875,2615.34423828125
B_HB,7,2024-02-29,11,2025-01-31,DeepAR,3126.7,1674.9669189453125,1748.8026123046875,1810.3614501953125,1879.756103515625,1930.1129150390625,1955.8123779296875,1986.4649658203125,2034.17529296875,2077.308837890625,2118.087646484375,2173.074951171875,2192.306884765625,2250.783935546875,2280.188232421875,2319.14794921875,2359.63427734375,2485.047607421875,2571.492431640625,2780.958740234375
B_HB,7,2024-02-29,12,2025-02-28,DeepAR,2103.5,1598.944091796875,1722.46875,1782.6552734375,1900.353271484375,1982.80908203125,2046.5733642578125,2082.11083984375,2115.139892578125,2149.81640625,2200.790771484375,2225.86669921875,2244.678955078125,2279.395263671875,2314.90625,2390.552978515625,2452.544921875,2514.880859375,2589.1162109375,2760.07373046875
B_HB,8,2024-05-31,1,2024-06-30,SeasonalNaive,1757.6,1653.1999999999998,1744.1999999999998,1846.4,1960.6999999999998,1985.0,2019.8999999999996,2062.6,2122.9,2201.6,2249.0,2297.2,2362.0,2394.6,2446.4999999999995,2516.7999999999997,2642.7,2759.2,2850.5999999999995,3108.5
B_HB,8,2024-05-31,2,2024-07-31,SeasonalNaive,1957.4,1790.4,1881.4,1983.6000000000004,2097.9,2122.2000000000003,2157.1,2199.8,2260.1000000000004,2338.8,2386.2000000000003,2434.4,2499.2000000000003,2531.8,2583.7,2654.0,2779.9,2896.4,2987.8,3245.7000000000003
B_HB,8,2024-05-31,3,2024-08-31,SeasonalNaive,1638.9,914.4000000000001,1005.4000000000001,1107.6000000000004,1221.9,1246.2000000000003,1281.1,1323.8000000000002,1384.1000000000004,1462.8000000000002,1510.2000000000003,1558.4,1623.2000000000003,1655.8000000000002,1707.6999999999998,1778.0,1903.9,2020.4,2111.8,2369.7000000000003
B_HB,8,2024-05-31,4,2024-09-30,SeasonalNaive,1805.6,1220.2,1311.2,1413.4000000000003,1527.7,1552.0000000000002,1586.8999999999999,1629.6000000000001,1689.9000000000003,1768.6000000000001,1816.0000000000002,1864.2,1929.0000000000002,1961.6000000000001,2013.4999999999998,2083.8,2209.7,2326.2,2417.6,2675.5
B_HB,8,2024-05-31,5,2024-10-31,SeasonalNaive,1797.5,1683.4,1774.4,1876.6000000000004,1990.9,2015.2000000000003,2050.1,2092.8,2153.1000000000004,2231.8,2279.2000000000003,2327.4,2392.2000000000003,2424.8,2476.7,2547.0,2672.9,2789.4,2880.8,3138.7000000000003
B_HB,8,2024-05-31,6,2024-11-30,SeasonalNaive,1794.0,1703.0,1794.0,1896.2000000000003,2010.5,2034.8000000000002,2069.7,2112.4,2172.7000000000003,2251.4,2298.8,2347.0,2411.8,2444.4,2496.2999999999997,2566.6,2692.5,2809.0,2900.3999999999996,3158.3
B_HB,8,2024-05-31,7,2024-12-31,SeasonalNaive,2553.1,1048.2,1139.2,1241.4000000000003,1355.7,1380.0000000000002,1414.8999999999999,1457.6000000000001,1517.9000000000003,1596.6000000000001,1644.0000000000002,1692.2,1757.0000000000002,1789.6000000000001,1841.4999999999998,1911.8,2037.7,2154.2,2245.6,2503.5
B_HB,8,2024-05-31,8,2025-01-31,SeasonalNaive,3126.7,1573.1,1664.1,1766.3000000000002,1880.6,1904.9,1939.7999999999997,1982.5,2042.8000000000002,2121.5,2168.9,2217.1,2281.9,2314.5,2366.3999999999996,2436.7,2562.6,2679.1,2770.5,3028.4
B_HB,8,2024-05-31,9,2025-02-28,SeasonalNaive,2103.5,1971.8000000000002,2062.8,2165.0000000000005,2279.3,2303.6000000000004,2338.5,2381.2000000000003,2441.5000000000005,2520.2000000000003,2567.6000000000004,2615.8,2680.6000000000004,2713.2000000000003,2765.1,2835.4,2961.3,3077.8,3169.2,3427.1000000000004
B_HB,8,2024-05-31,10,2025-03-31,SeasonalNaive,2698.2,1525.6999999999998,1616.6999999999998,1718.9,1833.1999999999998,1857.5,1892.3999999999996,1935.1,1995.4,2074.1,2121.5,2169.7,2234.5,2267.1,2318.9999999999995,2389.2999999999997,2515.2,2631.7,2723.0999999999995,2981.0
B_HB,8,2024-05-31,11,2025-04-30,SeasonalNaive,2246.6,1527.6999999999998,1618.6999999999998,1720.9,1835.1999999999998,1859.5,1894.3999999999996,1937.1,1997.4,2076.1,2123.5,2171.7,2236.5,2269.1,2320.9999999999995,2391.2999999999997,2517.2,2633.7,2725.0999999999995,2983.0
B_HB,8,2024-05-31,12,2025-05-31,SeasonalNaive,2375.8,1489.3000000000002,1580.3000000000002,1682.5000000000005,1796.8000000000002,1821.1000000000004,1856.0,1898.7000000000003,1959.0000000000005,2037.7000000000003,2085.1000000000004,2133.3,2198.1000000000004,2230.7000000000003,2282.6,2352.9,2478.8,2595.3,2686.7,2944.6000000000004
B_HB,8,2024-05-31,1,2024-06-30,DeepAR,1757.6,1520.4508056640625,1685.986328125,1808.26123046875,1913.4097900390625,1978.2742919921875,2024.2828369140625,2044.3016357421875,2089.466064453125,2120.3515625,2138.0673828125,2170.686767578125,2218.64990234375,2238.21435546875,2262.874267578125,2305.78515625,2333.16748046875,2405.67236328125,2589.882080078125,2697.87548828125
B_HB,8,2024-05-31,2,2024-07-31,DeepAR,1957.4,1525.7816162109375,1642.703369140625,1757.3038330078125,1856.16015625,1910.41015625,1992.8067626953125,2039.47119140625,2055.158447265625,2109.06591796875,2143.425537109375,2159.582763671875,2184.168701171875,2237.4482421875,2282.162109375,2303.17431640625,2379.324462890625,2442.192626953125,2526.086181640625,2815.782470703125
B_HB,8,2024-05-31,3,2024-08-31,DeepAR,1638.9,1430.8531494140625,1636.697509765625,1804.124267578125,1878.4437255859375,1896.80810546875,1959.5076904296875,2001.3741455078125,2054.15771484375,2117.34765625,2185.784423828125,2197.253662109375,2209.753662109375,2241.530517578125,2298.7431640625,2350.73779296875,2365.91015625,2420.586669921875,2467.154296875,2512.26513671875
B_HB,8,2024-05-31,4,2024-09-30,DeepAR,1805.6,1577.763671875,1763.252685546875,1824.9056396484375,1851.0401611328125,1919.73876953125,1972.6036376953125,2002.37890625,2017.89404296875,2054.4501953125,2101.38427734375,2122.791015625,2181.666748046875,2222.7919921875,2258.713134765625,2290.5556640625,2328.300537109375,2371.32275390625,2444.96923828125,2476.029052734375
B_HB,8,2024-05-31,5,2024-10-31,DeepAR,1797.5,1386.527099609375,1521.9962158203125,1715.777099609375,1827.1583251953125,1859.9185791015625,1927.000244140625,1998.1630859375,2033.86572265625,2062.38232421875,2097.547607421875,2133.645751953125,2168.60595703125,2237.42333984375,2271.925048828125,2309.33203125,2354.46240234375,2402.81640625,2508.044677734375,2701.8330078125
B_HB,8,2024-05-31,6,2024-11-30,DeepAR,1794.0,1508.4212646484375,1639.4149169921875,1798.0069580078125,1873.2591552734375,1946.4232177734375,2010.4393310546875,2044.1544189453125,2079.353515625,2124.612060546875,2134.5,2145.3427734375,2182.849365234375,2254.060546875,2277.1806640625,2316.463134765625,2339.294189453125,2396.958740234375,2529.07763671875,2789.5126953125
B_HB,8,2024-05-31,7,2024-12-31,DeepAR,2553.1,1404.0423583984375,1616.55419921875,1761.98095703125,1852.5634765625,1944.609619140625,1975.18505859375,2023.828369140625,2049.746337890625,2096.25830078125,2136.59375,2176.624267578125,2231.991455078125,2252.414794921875,2281.91552734375,2341.154052734375,2398.634033203125,2475.510009765625,2595.61962890625,2839.24755859375
B_HB,8,2024-05-31,8,2025-01-31,DeepAR,3126.7,1424.568359375,1570.3575439453125,1767.4893798828125,1881.1300048828125,1923.4593505859375,1970.61328125,2003.7314453125,2046.4384765625,2056.2646484375,2095.157470703125,2142.60595703125,2199.447509765625,2238.7783203125,2303.44140625,2375.50537109375,2430.246826171875,2516.441650390625,2555.86279296875,2730.276123046875
B_HB,8,2024-05-31,9,2025-02-28,DeepAR,2103.5,1079.7945556640625,1589.5445556640625,1764.3760986328125,1918.205322265625,1954.283203125,2014.739501953125,2107.53125,2142.157470703125,2152.7421875,2202.815673828125,2237.74951171875,2272.277099609375,2336.449951171875,2384.0966796875,2427.501708984375,2482.41845703125,2511.5107421875,2627.139404296875,2810.977783203125
B_HB,8,2024-05-31,10,2025-03-31,DeepAR,2698.2,1385.188720703125,1595.9771728515625,1739.0914306640625,1865.4066162109375,1942.9111328125,1978.5714111328125,1992.6177978515625,2028.859375,2050.58544921875,2079.46044921875,2104.685791015625,2121.55908203125,2173.6982421875,2243.508544921875,2295.658447265625,2334.703857421875,2355.645263671875,2452.121337890625,2577.149169921875
B_HB,8,2024-05-31,11,2025-04-30,DeepAR,2246.6,1641.14404296875,1714.6658935546875,1773.681640625,1841.949951171875,1891.626220703125,1916.8780517578125,1946.954345703125,1993.405517578125,2036.632080078125,2076.44384765625,2130.852783203125,2148.9228515625,2207.084716796875,2235.27099609375,2274.26953125,2313.109130859375,2436.64501953125,2521.52685546875,2727.731201171875
B_HB,8,2024-05-31,12,2025-05-31,DeepAR,2375.8,1560.148193359375,1680.6783447265625,1740.2811279296875,1856.21875,1937.2222900390625,2000.0050048828125,2035.0997314453125,2067.546630859375,2101.8603515625,2152.098388671875,2176.41015625,2194.840576171875,2228.352783203125,2264.159912109375,2338.697998046875,2399.379150390625,2460.799560546875,2533.796142578125,2701.6123046875
SUV-A,1,2022-08-31,1,2022-09-30,SeasonalNaive,1326.7,666.4499999999998,903.6999999999999,1082.3749999999998,1100.1,1205.85,1352.3,1420.925,1453.1999999999998,1500.7749999999999,1566.25,1599.875,1612.1999999999998,1626.0749999999998,1649.5499999999997,1675.05,1719.0,1808.8999999999999,1875.6499999999999,1969.525
SUV-A,1,2022-08-31,2,2022-10-31,SeasonalNaive,1220.1,185.3499999999999,422.6,601.2749999999999,618.9999999999999,724.7500000000001,871.2,939.825,972.0999999999999,1019.675,1085.15,1118.775,1131.1,1144.975,1168.4499999999998,1193.95,1237.9,1327.8,1394.55,1488.4250000000002
SUV-A,1,2022-08-31,3,2022-11-30,SeasonalNaive,1539.2,378.14999999999986,615.4,794.0749999999998,811.7999999999998,917.5500000000001,1064.0,1132.625,1164.8999999999999,1212.475,1277.95,1311.575,1323.9,1337.7749999999999,1361.25,1386.75,1430.6999999999998,1520.6,1587.35,1681.225
SUV-A,1,2022-08-31,4,2022-12-31,SeasonalNaive,1516.7,716.4499999999998,953.6999999999999,1132.3749999999998,1150.1,1255.85,1402.3,1470.925,1503.1999999999998,1550.7749999999999,1616.25,1649.875,1662.1999999999998,1676.0749999999998,1699.5499999999997,1725.05,1769.0,1858.8999999999999,1925.6499999999999,2019.525
SUV-A,1,2022-08-31,5,2023-01-31,SeasonalNaive,1534.0,669.1499999999999,906.4,1085.0749999999998,1102.7999999999997,1208.55,1355.0,1423.625,1455.8999999999999,1503.475,1568.95,1602.575,1614.9,1628.7749999999999,1652.25,1677.75,1721.6999999999998,1811.6,1878.35,1972.225
SUV-A,1,2022-08-31,6,2023-02-28,SeasonalNaive,1642.7,1043.75,1281.0,1459.675,1477.4,1583.15,1729.6000000000001,1798.2250000000001,1830.5,1878.075,1943.5500000000002,1977.1750000000002,1989.5,2003.375,2026.85,2052.35,2096.3,2186.2,2252.9500000000003,2346.8250000000003
SUV-A,1,2022-08-31,7,2023-03-31,SeasonalNaive,1729.4,635.9499999999998,873.1999999999999,1051.8749999999998,1069.6,1175.35,1321.8,1390.425,1422.6999999999998,1470.2749999999999,1535.75,1569.375,1581.6999999999998,1595.5749999999998,1619.0499999999997,1644.55,1688.5,1778.3999999999999,1845.1499999999999,1939.025
SUV-A,1,2022-08-31,8,2023-04-30,SeasonalNaive,1544.7,744.55,981.8000000000001,1160.475,1178.1999999999998,1283.95,1430.4,1499.025,1531.3,1578.875,1644.3500000000001,1677.9750000000001,1690.3000000000002,1704.175,1727.65,1753.15,1797.1,1887.0,1953.75,2047.625
SUV-A,1,2022-08-31,9,2023-05-31,SeasonalNaive,1403.1,654.05,891.3000000000001,1069.975,1087.6999999999998,1193.45,1339.9,1408.525,1440.8,1488.375,1553.8500000000001,1587.4750000000001,1599.8000000000002,1613.675,1637.15,1662.65,1706.6,1796.5,1863.25,1957.125
SUV-A,1,2022-08-31,10,2023-06-30,SeasonalNaive,1521.5,847.6499999999999,1084.9,1263.5749999999998,1281.2999999999997,1387.05,1533.5,1602.125,1634.3999999999999,1681.975,1747.45,1781.075,1793.4,1807.2749999999999,1830.75,1856.25,1900.1999999999998,1990.1,2056.85,2150.725
SUV-A,1,2022-08-31,11,2023-07-31,SeasonalNaive,1793.4,422.04999999999995,659.3000000000001,837.9749999999999,855.6999999999999,961.4500000000002,1107.9,1176.525,1208.8,1256.375,1321.8500000000001,1355.4750000000001,1367.8000000000002,1381.675,1405.15,1430.65,1474.6,1564.5,1631.25,1725.125
SUV-A,1,2022-08-31,12,2023-08-31,SeasonalNaive,895.0,499.3499999999999,736.6,915.2749999999999,932.9999999999999,1038.75,1185.2,1253.825,1286.1,1333.675,1399.15,1432.775,1445.1,1458.975,1482.4499999999998,1507.95,1551.9,1641.8,1708.55,1802.4250000000002
SUV-A,1,2022-08-31,1,2022-09-30,DeepAR,1326.7,757.4529418945312,902.4838256835938,1018.98779296875,1115.72607421875,1175.6328125,1215.1339111328125,1236.0296630859375,1276.2088623046875,1305.2332763671875,1321.453125,1351.0263671875,1396.361328125,1414.1585693359375,1435.6407470703125,1479.4136962890625,1499.876708984375,1564.8779296875,1738.5155029296875,1838.1978759765625
SUV-A,1,2022-08-31,2,2022-10-31,DeepAR,1220.1,758.6342163085938,862.8037109375,962.685791015625,1057.8472900390625,1114.293701171875,1185.9454345703125,1228.56201171875,1245.652099609375,1294.0748291015625,1325.258056640625,1339.6480712890625,1362.3302001953125,1412.2635498046875,1451.7550048828125,1471.2452392578125,1544.1968994140625,1595.248046875,1684.48583984375,1948.1514892578125
SUV-A,1,2022-08-31,3,2022-11-30,DeepAR,1539.2,666.0606689453125,859.9967041015625,1017.0454711914062,1085.5081787109375,1106.189697265625,1161.140869140625,1197.708740234375,1246.17333984375,1304.8150634765625,1367.6817626953125,1377.8143310546875,1389.53173828125,1417.3741455078125,1470.7760009765625,1521.1031494140625,1531.074462890625,1581.535888671875,1625.0780029296875,1666.1236572265625
SUV-A,1,2022-08-31,4,2022-12-31,DeepAR,1516.7,808.5994873046875,977.9320068359375,1037.7626953125,1058.5115966796875,1118.627197265625,1170.2008056640625,1199.628173828125,1213.1207275390625,1245.3876953125,1287.115234375,1307.2828369140625,1361.7222900390625,1397.8653564453125,1429.189453125,1460.3331298828125,1497.8597412109375,1533.4781494140625,1606.9189453125,1633.3861083984375
SUV-A,1,2022-08-31,5,2023-01-31,DeepAR,1534.0,639.6290283203125,764.349609375,944.7879028320312,1037.8765869140625,1071.621337890625,1134.605224609375,1201.473876953125,1231.8878173828125,1261.1527099609375,1292.1722412109375,1323.7950439453125,1355.0516357421875,1417.7093505859375,1450.118896484375,1482.5880126953125,1525.0130615234375,1566.41455078125,1670.0252685546875,1844.4273681640625
SUV-A,1,2022-08-31,6,2023-02-28,DeepAR,1642.7,754.550048828125,869.509033203125,1021.6627197265625,1087.5460205078125,1154.8330078125,1202.7059326171875,1242.135986328125,1275.1427001953125,1314.2159423828125,1325.634033203125,1337.101318359375,1368.0469970703125,1435.0296630859375,1454.998779296875,1494.22802734375,1511.288818359375,1565.3770751953125,1687.9537353515625,1933.4732666015625
SUV-A,1,2022-08-31,7,2023-03-31,DeepAR,1729.4,652.4065551757812,852.177001953125,978.3004760742188,1066.85888671875,1151.2261962890625,1176.8895263671875,1218.6015625,1247.3411865234375,1289.8651123046875,1325.06396484375,1361.0211181640625,1411.8046875,1431.0067138671875,1457.305419921875,1509.158203125,1563.1448974609375,1633.1973876953125,1746.1748046875,1972.1868896484375
SUV-A,1,2022-08-31,8,2023-04-30,DeepAR,1544.7,646.11572265625,783.5427856445312,970.8238525390625,1082.6326904296875,1115.8900146484375,1158.222900390625,1197.24853515625,1226.939208984375,1242.58203125,1279.3902587890625,1318.4217529296875,1373.7249755859375,1408.4508056640625,1466.1903076171875,1530.322998046875,1584.5455322265625,1668.158447265625,1695.3153076171875,1862.5506591796875
SUV-A,1,2022-08-31,9,2023-05-31,DeepAR,1403.1,309.804443359375,798.9343872070312,968.1115112304688,1107.527587890625,1139.0626220703125,1198.6798095703125,1286.45654296875,1314.1649169921875,1324.7515869140625,1368.65283203125,1405.8148193359375,1433.7935791015625,1497.05078125,1538.124755859375,1577.4176025390625,1626.0218505859375,1656.259033203125,1764.8779296875,1946.20703125
SUV-A,1,2022-08-31,10,2023-06-30,DeepAR,1521.5,604.084228515625,814.7007446289062,942.7214965820312,1058.1109619140625,1127.3365478515625,1157.676513671875,1173.6240234375,1204.7344970703125,1226.85400390625,1259.693603515625,1275.8582763671875,1293.23974609375,1340.0943603515625,1409.1845703125,1455.268798828125,1493.4539794921875,1510.7086181640625,1604.4791259765625,1714.3118896484375
SUV-A,1,2022-08-31,11,2023-07-31,DeepAR,1793.4,841.6495971679688,912.7449951171875,982.502685546875,1035.2615966796875,1083.6236572265625,1108.48486328125,1142.1004638671875,1179.71826171875,1214.455810546875,1257.2996826171875,1304.0665283203125,1323.666259765625,1375.45263671875,1397.845947265625,1445.40869140625,1467.8426513671875,1584.2227783203125,1664.7623291015625,1847.34765625
SUV-A,1,2022-08-31,12,2023-08-31,DeepAR,895.0,779.6112670898438,888.0719604492188,948.2628784179688,1050.919189453125,1128.5943603515625,1182.42333984375,1220.214599609375,1255.3985595703125,1276.81396484375,1317.391357421875,1347.38232421875,1368.7744140625,1396.7564697265625,1433.5579833984375,1498.1400146484375,1554.882080078125,1608.9677734375,1676.5662841796875,1841.17919921875
SUV-A,2,2022-11-30,1,2022-12-31,SeasonalNaive,1516.7,717.9199999999998,970.0799999999999,1142.05,1151.7199999999998,1333.05,1401.9999999999998,1472.05,1512.06,1551.7799999999997,1633.0,1658.39,1663.0,1676.7699999999998,1700.42,1744.7999999999997,1777.52,1868.54,1913.38,2013.2099999999996
SUV-A,2,2022-11-30,2,2023-01-31,SeasonalNaive,1534.0,670.6199999999999,922.78,1094.75,1104.4199999999998,1285.75,1354.6999999999998,1424.75,1464.76,1504.48,1585.6999999999998,1611.0900000000001,1615.7,1629.4699999999998,1653.12,1697.5,1730.22,1821.2399999999998,1866.0800000000002,1965.9099999999999
SUV-A,2,2022-11-30,3,2023-02-28,SeasonalNaive,1642.7,1045.22,1297.38,1469.3500000000001,1479.02,1660.3500000000001,1729.3,1799.3500000000001,1839.3600000000001,1879.08,1960.3000000000002,1985.6900000000003,1990.3000000000002,2004.07,2027.7200000000003,2072.1,2104.82,2195.84,2240.6800000000003,2340.5099999999998
SUV-A,2,2022-11-30,4,2023-03-31,SeasonalNaive,1729.4,637.4199999999998,889.5799999999999,1061.55,1071.2199999999998,1252.55,1321.4999999999998,1391.55,1431.56,1471.2799999999997,1552.5,1577.89,1582.5,1596.2699999999998,1619.92,1664.2999999999997,1697.02,1788.04,1832.88,1932.7099999999996
SUV-A,2,2022-11-30,5,2023-04-30,SeasonalNaive,1544.7,746.02,998.1800000000001,1170.15,1179.82,1361.15,1430.1,1500.15,1540.16,1579.88,1661.1,1686.4900000000002,1691.1000000000001,1704.87,1728.52,1772.9,1805.6200000000001,1896.6399999999999,1941.4800000000002,2041.31
SUV-A,2,2022-11-30,6,2023-05-31,SeasonalNaive,1403.1,655.52,907.6800000000001,1079.65,1089.32,1270.65,1339.6,1409.65,1449.66,1489.38,1570.6,1595.9900000000002,1600.6000000000001,1614.37,1638.02,1682.4,1715.1200000000001,1806.1399999999999,1850.9800000000002,1950.81
SUV-A,2,2022-11-30,7,2023-06-30,SeasonalNaive,1521.5,849.1199999999999,1101.28,1273.25,1282.9199999999998,1464.25,1533.1999999999998,1603.25,1643.26,1682.98,1764.1999999999998,1789.5900000000001,1794.2,1807.9699999999998,1831.62,1876.0,1908.72,1999.7399999999998,2044.5800000000002,2144.41
SUV-A,2,2022-11-30,8,2023-07-31,SeasonalNaive,1793.4,423.52,675.6800000000001,847.6500000000001,857.3199999999999,1038.65,1107.6,1177.65,1217.66,1257.38,1338.6,1363.9900000000002,1368.6000000000001,1382.37,1406.02,1450.4,1483.1200000000001,1574.1399999999999,1618.9800000000002,1718.81
SUV-A,2,2022-11-30,9,2023-08-31,SeasonalNaive,895.0,500.81999999999994,752.98,924.95,934.6199999999999,1115.95,1184.8999999999999,1254.95,1294.96,1334.6799999999998,1415.9,1441.2900000000002,1445.9,1459.6699999999998,1483.3200000000002,1527.6999999999998,1560.42,1651.44,1696.2800000000002,1796.1099999999997
SUV-A,2,2022-11-30,10,2023-09-30,SeasonalNaive,1465.4,613.52,865.6800000000001,1037.65,1047.32,1228.65,1297.6,1367.65,1407.66,1447.38,1528.6,1553.9900000000002,1558.6000000000001,1572.37,1596.02,1640.4,1673.1200000000001,1764.1399999999999,1808.9800000000002,1908.81
SUV-A,2,2022-11-30,11,2023-10-31,SeasonalNaive,921.6,506.91999999999985,759.0799999999999,931.05,940.7199999999998,1122.05,1190.9999999999998,1261.05,1301.06,1340.7799999999997,1422.0,1447.39,1452.0,1465.7699999999998,1489.42,1533.7999999999997,1566.52,1657.54,1702.38,1802.2099999999996
SUV-A,2,2022-11-30,12,2023-11-30,SeasonalNaive,1447.6,826.02,1078.18,1250.15,1259.82,1441.15,1510.1,1580.15,1620.16,1659.88,1741.1,1766.4900000000002,1771.1000000000001,1784.87,1808.52,1852.9,1885.6200000000001,1976.6399999999999,2021.4800000000002,2121.31
SUV-A,2,2022-11-30,1,2022-12-31,DeepAR,1516.7,766.2371215820312,913.6826782226562,1032.1712646484375,1130.5421142578125,1191.4609375,1231.6219482421875,1252.87548828125,1293.7265625,1323.24365234375,1339.7369384765625,1369.8072509765625,1415.9053955078125,1434.005126953125,1455.8487548828125,1500.3802490234375,1521.1630859375,1587.2572021484375,1763.84423828125,1865.3056640625
SUV-A,2,2022-11-30,2,2023-01-31,DeepAR,1534.0,778.807373046875,884.7549438476562,986.6055908203125,1083.096923828125,1140.5078125,1213.5030517578125,1256.83251953125,1274.1746826171875,1323.464111328125,1355.201171875,1369.8668212890625,1392.9437255859375,1443.712890625,1483.866943359375,1503.6741943359375,1577.8782958984375,1629.9068603515625,1720.3172607421875,1988.5164794921875
SUV-A,2,2022-11-30,3,2023-02-28,DeepAR,1642.7,677.9199829101562,875.7265014648438,1035.7186279296875,1105.43212890625,1126.4095458984375,1182.4298095703125,1219.642822265625,1269.6002197265625,1329.1285400390625,1393.3350830078125,1403.6158447265625,1415.4822998046875,1443.99169921875,1498.5443115234375,1549.6678466796875,1560.01318359375,1611.2401123046875,1655.7275390625,1697.649169921875
SUV-A,2,2022-11-30,4,2023-03-31,DeepAR,1729.4,821.9494018554688,994.4409790039062,1055.7960205078125,1077.108642578125,1138.3929443359375,1190.7894287109375,1220.69921875,1234.3935546875,1267.261474609375,1310.123779296875,1330.5673828125,1385.82861328125,1423.0364990234375,1455.255126953125,1486.5015869140625,1524.548583984375,1561.1839599609375,1635.59375,1662.856689453125
SUV-A,2,2022-11-30,5,2023-04-30,DeepAR,1544.7,644.173828125,771.66748046875,955.9349975585938,1051.61572265625,1085.790283203125,1150.325927734375,1218.7767333984375,1250.08740234375,1279.5091552734375,1311.2388916015625,1343.5809326171875,1375.637939453125,1439.8907470703125,1472.6929931640625,1506.235595703125,1549.3331298828125,1591.720458984375,1698.108642578125,1876.010009765625
SUV-A,2,2022-11-30,6,2023-05-31,DeepAR,1403.1,766.5653076171875,883.450439453125,1038.1480712890625,1105.21875,1173.685546875,1223.031982421875,1262.4202880859375,1296.3465576171875,1336.17626953125,1347.52880859375,1358.8194580078125,1390.917724609375,1458.7205810546875,1479.0772705078125,1518.85595703125,1536.670654296875,1591.39599609375,1716.0601806640625,1965.841064453125
SUV-A,2,2022-11-30,7,2023-06-30,DeepAR,1521.5,665.7485961914062,868.2593994140625,997.52099609375,1087.450439453125,1173.3511962890625,1199.7049560546875,1243.1295166015625,1270.8375244140625,1314.6571044921875,1350.94189453125,1386.6441650390625,1439.137939453125,1458.4886474609375,1485.708251953125,1538.531005859375,1593.145751953125,1664.7337646484375,1779.093017578125,2009.82470703125
SUV-A,2,2022-11-30,8,2023-07-31,DeepAR,1793.4,660.6756591796875,800.150634765625,991.428955078125,1103.5626220703125,1137.8980712890625,1181.4071044921875,1219.197509765625,1251.5947265625,1265.8258056640625,1302.3416748046875,1343.306884765625,1398.925048828125,1434.684326171875,1493.30078125,1559.0313720703125,1613.644775390625,1698.177734375,1726.561767578125,1896.75537109375
SUV-A,2,2022-11-30,9,2023-08-31,DeepAR,895.0,320.38641357421875,817.13427734375,988.8428955078125,1131.0885009765625,1162.9241943359375,1223.0953369140625,1311.7340087890625,1341.8697509765625,1350.8177490234375,1396.7177734375,1433.0452880859375,1461.2921142578125,1525.45849609375,1568.3714599609375,1608.4012451171875,1657.4847412109375,1687.5797119140625,1798.9432373046875,1982.2783203125
SUV-A,2,2022-11-30,10,2023-09-30,DeepAR,1465.4,619.0835571289062,832.7907104492188,962.4142456054688,1080.8331298828125,1150.1490478515625,1181.4366455078125,1198.2032470703125,1230.4368896484375,1252.416259765625,1284.7569580078125,1302.8251953125,1320.606201171875,1367.2381591796875,1437.5819091796875,1483.86083984375,1523.17626953125,1540.5517578125,1635.28857421875,1747.475341796875
SUV-A,2,2022-11-30,11,2023-10-31,DeepAR,921.6,860.3355712890625,930.0980224609375,1001.21484375,1056.3809814453125,1104.20947265625,1129.8990478515625,1163.268310546875,1201.9896240234375,1238.0958251953125,1280.832763671875,1328.925048828125,1348.0086669921875,1400.871826171875,1423.980712890625,1471.11279296875,1495.6424560546875,1613.534912109375,1695.16162109375,1881.5849609375
SUV-A,2,2022-11-30,12,2023-11-30,DeepAR,1447.6,789.4085693359375,901.4042358398438,961.6630249023438,1066.9859619140625,1145.4437255859375,1202.1341552734375,1238.9169921875,1273.9349365234375,1297.715087890625,1344.8038330078125,1369.288818359375,1390.705078125,1419.733642578125,1456.37939453125,1522.792724609375,1581.344970703125,1636.2364501953125,1704.9462890625,1873.581298828125
SUV-A,3,2023-02-28,1,2023-03-31,SeasonalNaive,1729.4,646.9899999999999,911.3500000000001,1068.225,1072.7799999999997,1250.225,1321.1999999999998,1392.675,1428.1,1470.245,1509.9,1563.4899999999998,1581.6599999999999,1595.3249999999998,1619.11,1653.4499999999998,1685.6999999999998,1780.7199999999998,1822.08,1928.295
SUV-A,3,2023-02-28,2,2023-04-30,SeasonalNaive,1544.7,755.59,1019.9500000000003,1176.8250000000003,1181.38,1358.825,1429.8,1501.275,1536.7,1578.845,1618.5,1672.09,1690.26,1703.925,1727.71,1762.05,1794.3000000000002,1889.32,1930.68,2036.895
SUV-A,3,2023-02-28,3,2023-05-31,SeasonalNaive,1403.1,665.09,929.4500000000003,1086.3250000000003,1090.88,1268.325,1339.3,1410.775,1446.2,1488.345,1528.0,1581.59,1599.76,1613.425,1637.21,1671.55,1703.8000000000002,1798.82,1840.18,1946.395
SUV-A,3,2023-02-28,4,2023-06-30,SeasonalNaive,1521.5,858.6899999999999,1123.0500000000002,1279.9250000000002,1284.48,1461.925,1532.8999999999999,1604.375,1639.8,1681.945,1721.6,1775.1899999999998,1793.36,1807.0249999999999,1830.81,1865.1499999999999,1897.4,1992.4199999999998,2033.78,2139.995
SUV-A,3,2023-02-28,5,2023-07-31,SeasonalNaive,1793.4,433.09000000000003,697.4500000000003,854.3250000000002,858.88,1036.325,1107.3,1178.775,1214.2,1256.345,1296.0,1349.59,1367.76,1381.425,1405.21,1439.55,1471.8000000000002,1566.82,1608.18,1714.395
SUV-A,3,2023-02-28,6,2023-08-31,SeasonalNaive,895.0,510.39,774.7500000000002,931.6250000000001,936.18,1113.625,1184.6,1256.075,1291.5,1333.645,1373.3000000000002,1426.8899999999999,1445.06,1458.725,1482.51,1516.85,1549.1,1644.12,1685.48,1791.6950000000002
SUV-A,3,2023-02-28,7,2023-09-30,SeasonalNaive,1465.4,623.09,887.4500000000003,1044.3250000000003,1048.88,1226.325,1297.3,1368.775,1404.2,1446.345,1486.0,1539.59,1557.76,1571.425,1595.21,1629.55,1661.8000000000002,1756.82,1798.18,1904.395
SUV-A,3,2023-02-28,8,2023-10-31,SeasonalNaive,921.6,516.4899999999999,780.8500000000001,937.725,942.2799999999999,1119.725,1190.6999999999998,1262.175,1297.6,1339.745,1379.4,1432.9899999999998,1451.1599999999999,1464.8249999999998,1488.61,1522.9499999999998,1555.1999999999998,1650.2199999999998,1691.58,1797.795
SUV-A,3,2023-02-28,9,2023-11-30,SeasonalNaive,1447.6,835.59,1099.9500000000003,1256.8250000000003,1261.38,1438.825,1509.8,1581.275,1616.7,1658.845,1698.5,1752.09,1770.26,1783.925,1807.71,1842.05,1874.3000000000002,1969.32,2010.68,2116.895
SUV-A,3,2023-02-28,10,2023-12-31,SeasonalNaive,1806.3,813.09,1077.4500000000003,1234.3250000000003,1238.88,1416.325,1487.3,1558.775,1594.2,1636.345,1676.0,1729.59,1747.76,1761.425,1785.21,1819.55,1851.8000000000002,1946.82,1988.18,2094.395
SUV-A,3,2023-02-28,11,2024-01-31,SeasonalNaive,1716.3,830.39,1094.7500000000002,1251.625,1256.1799999999998,1433.625,1504.6,1576.075,1611.5,1653.645,1693.3000000000002,1746.8899999999999,1765.06,1778.725,1802.51,1836.85,1869.1,1964.12,2005.48,2111.695
SUV-A,3,2023-02-28,12,2024-02-29,SeasonalNaive,1632.1,939.09,1203.4500000000003,1360.3250000000003,1364.88,1542.325,1613.3,1684.775,1720.2,1762.345,1802.0,1855.59,1873.76,1887.425,1911.21,1945.55,1977.8000000000002,2072.82,2114.18,2220.395
SUV-A,3,2023-02-28,1,2023-03-31,DeepAR,1729.4,814.205322265625,964.4711303710938,1085.2540283203125,1185.5201416015625,1247.6134033203125,1288.5440673828125,1310.210205078125,1351.844482421875,1381.9320068359375,1398.74267578125,1429.39111328125,1476.3763427734375,1494.826171875,1517.0899658203125,1562.49169921875,1583.6590576171875,1651.0242919921875,1831.0252685546875,1934.50146484375
SUV-A,3,2023-02-28,2,2023-04-30,DeepAR,1544.7,820.3743896484375,928.640380859375,1032.655029296875,1131.66015625,1190.3839111328125,1264.921142578125,1309.2767333984375,1326.9815673828125,1377.3280029296875,1409.7412109375,1424.6650390625,1448.2391357421875,1500.2552490234375,1541.36572265625,1561.658447265625,1637.503662109375,1690.6009521484375,1783.506103515625,2057.550537109375
SUV-A,3,2023-02-28,3,2023-05-31,DeepAR,1403.1,720.6836547851562,922.237548828125,1085.3079833984375,1156.1505126953125,1177.829345703125,1234.723388671875,1272.666748046875,1323.4615478515625,1384.00634765625,1449.407958984375,1459.8529052734375,1471.828369140625,1500.844482421875,1556.366943359375,1608.6383056640625,1619.060546875,1671.343017578125,1716.725830078125,1759.2557373046875
SUV-A,3,2023-02-28,4,2023-06-30,DeepAR,1521.5,871.294921875,1047.17626953125,1109.937255859375,1131.7122802734375,1194.0767822265625,1247.5931396484375,1278.1422119140625,1292.0467529296875,1325.528076171875,1369.2860107421875,1390.149169921875,1446.4564208984375,1484.4677734375,1517.3629150390625,1549.162353515625,1587.97021484375,1625.339111328125,1701.274658203125,1729.0953369140625
SUV-A,3,2023-02-28,5,2023-07-31,DeepAR,1793.4,693.1522216796875,822.6783447265625,1009.896240234375,1107.1895751953125,1141.83154296875,1207.5579833984375,1277.058349609375,1308.83056640625,1338.8443603515625,1370.7679443359375,1403.8331298828125,1436.508544921875,1501.532958984375,1534.9178466796875,1569.2625732421875,1612.884765625,1656.0462646484375,1764.2760009765625,1944.87744140625
SUV-A,3,2023-02-28,6,2023-08-31,DeepAR,895.0,819.8167114257812,938.85693359375,1095.701416015625,1162.983642578125,1233.335693359375,1283.7352294921875,1323.5281982421875,1358.20263671875,1398.3770751953125,1410.23828125,1421.3677978515625,1454.681396484375,1523.27978515625,1543.609375,1584.05029296875,1602.1551513671875,1657.783447265625,1784.378662109375,2038.2662353515625
SUV-A,3,2023-02-28,7,2023-09-30,DeepAR,1465.4,715.00732421875,920.6022338867188,1052.4112548828125,1143.8739013671875,1231.3548583984375,1258.144287109375,1301.8125,1330.4404296875,1375.0689697265625,1411.657470703125,1448.3145751953125,1501.75048828125,1521.44482421875,1548.9619140625,1603.2386474609375,1658.311279296875,1731.36279296875,1847.2127685546875,2082.20458984375
SUV-A,3,2023-02-28,8,2023-10-31,DeepAR,921.6,706.9716186523438,849.0416870117188,1044.213134765625,1157.810791015625,1192.8427734375,1237.8101806640625,1275.505126953125,1308.5704345703125,1323.2447509765625,1360.491455078125,1402.2613525390625,1458.8143310546875,1495.0582275390625,1554.755859375,1621.6553955078125,1677.2608642578125,1763.4588623046875,1792.1290283203125,1965.5059814453125
SUV-A,3,2023-02-28,9,2023-11-30,DeepAR,1447.6,353.75201416015625,861.958984375,1037.951904296875,1182.6390380859375,1215.008544921875,1276.351318359375,1366.8699951171875,1397.8297119140625,1407.0340576171875,1453.4632568359375,1490.663818359375,1519.7109375,1585.0472412109375,1628.8052978515625,1669.8798828125,1719.732666015625,1750.4356689453125,1864.3612060546875,2052.27197265625
SUV-A,3,2023-02-28,10,2023-12-31,DeepAR,1806.3,659.864501953125,878.4119873046875,1010.3425903320312,1131.28173828125,1201.06494140625,1233.27392578125,1250.3912353515625,1283.0086669921875,1305.6982421875,1338.7177734375,1358.6884765625,1375.4847412109375,1422.777587890625,1494.271484375,1541.6031494140625,1581.7628173828125,1599.404052734375,1695.6942138671875,1810.1783447265625
SUV-A,3,2023-02-28,11,2024-01-31,DeepAR,1716.3,912.6703491210938,984.39208984375,1056.1497802734375,1113.600830078125,1161.8450927734375,1188.1087646484375,1221.1220703125,1261.5625,1298.4423828125,1341.341796875,1390.6248779296875,1409.4976806640625,1463.6365966796875,1487.6580810546875,1534.397705078125,1560.5601806640625,1680.013916015625,1763.0384521484375,1952.9725341796875
SUV-A,3,2023-02-28,12,2024-02-29,DeepAR,1632.1,844.199462890625,958.2048950195312,1019.4149169921875,1126.6480712890625,1205.9461669921875,1263.640869140625,1301.712890625,1336.8671875,1361.268310546875,1409.7803955078125,1433.9141845703125,1456.037841796875,1485.7918701171875,1522.4998779296875,1590.1231689453125,1649.537109375,1705.5994873046875,1775.8707275390625,1946.96923828125
SUV-A,4,2023-05-31,1,2023-06-30,SeasonalNaive,1521.5,884.4599999999999,1155.6000000000001,1280.6,1285.92,1507.9,1540.3,1605.62,1642.44,1681.26,1712.5,1773.1599999999999,1793.34,1806.8999999999999,1830.84,1869.6,1904.46,1981.98,2025.92,2139.38
SUV-A,4,2023-05-31,2,2023-07-31,SeasonalNaive,1793.4,458.86,730.0000000000002,855.0000000000001,860.3200000000002,1082.3000000000002,1114.7,1180.02,1216.8400000000001,1255.66,1286.9,1347.56,1367.74,1381.3,1405.24,1444.0,1478.8600000000001,1556.38,1600.3200000000002,1713.7800000000002
SUV-A,4,2023-05-31,3,2023-08-31,SeasonalNaive,895.0,536.16,807.3000000000002,932.3000000000001,937.6200000000001,1159.6000000000001,1192.0,1257.32,1294.1399999999999,1332.96,1364.2,1424.86,1445.04,1458.6,1482.54,1521.3,1556.16,1633.68,1677.6200000000001,1791.08
SUV-A,4,2023-05-31,4,2023-09-30,SeasonalNaive,1465.4,648.86,920.0000000000002,1045.0,1050.3200000000002,1272.3000000000002,1304.7,1370.02,1406.8400000000001,1445.66,1476.9,1537.56,1557.74,1571.3,1595.24,1634.0,1668.8600000000001,1746.38,1790.3200000000002,1903.7800000000002
SUV-A,4,2023-05-31,5,2023-10-31,SeasonalNaive,921.6,542.2599999999999,813.4000000000001,938.4,943.72,1165.7,1198.1,1263.4199999999998,1300.2399999999998,1339.06,1370.3,1430.9599999999998,1451.1399999999999,1464.6999999999998,1488.6399999999999,1527.3999999999999,1562.26,1639.78,1683.72,1797.1799999999998
SUV-A,4,2023-05-31,6,2023-11-30,SeasonalNaive,1447.6,861.36,1132.5000000000002,1257.5,1262.8200000000002,1484.8000000000002,1517.2,1582.52,1619.3400000000001,1658.16,1689.4,1750.06,1770.24,1783.8,1807.74,1846.5,1881.3600000000001,1958.88,2002.8200000000002,2116.28
SUV-A,4,2023-05-31,7,2023-12-31,SeasonalNaive,1806.3,838.86,1110.0000000000002,1235.0,1240.3200000000002,1462.3000000000002,1494.7,1560.02,1596.8400000000001,1635.66,1666.9,1727.56,1747.74,1761.3,1785.24,1824.0,1858.8600000000001,1936.38,1980.3200000000002,2093.78
SUV-A,4,2023-05-31,8,2024-01-31,SeasonalNaive,1716.3,856.16,1127.3000000000002,1252.3000000000002,1257.6200000000001,1479.6000000000001,1512.0,1577.32,1614.1399999999999,1652.96,1684.2,1744.86,1765.04,1778.6,1802.54,1841.3,1876.16,1953.68,1997.6200000000001,2111.08
SUV-A,4,2023-05-31,9,2024-02-29,SeasonalNaive,1632.1,964.86,1236.0000000000002,1361.0,1366.3200000000002,1588.3000000000002,1620.7,1686.02,1722.8400000000001,1761.66,1792.9,1853.56,1873.74,1887.3,1911.24,1950.0,1984.8600000000001,2062.38,2106.32,2219.78
SUV-A,4,2023-05-31,10,2024-03-31,SeasonalNaive,1292.1,1051.56,1322.7000000000003,1447.7000000000003,1453.0200000000002,1675.0000000000002,1707.4,1772.72,1809.54,1848.3600000000001,1879.6000000000001,1940.26,1960.44,1974.0,1997.94,2036.7,2071.56,2149.08,2193.02,2306.48
SUV-A,4,2023-05-31,11,2024-04-30,SeasonalNaive,1505.0,866.86,1138.0000000000002,1263.0,1268.3200000000002,1490.3000000000002,1522.7,1588.02,1624.8400000000001,1663.66,1694.9,1755.56,1775.74,1789.3,1813.24,1852.0,1886.8600000000001,1964.38,2008.3200000000002,2121.78
SUV-A,4,2023-05-31,12,2024-05-31,SeasonalNaive,1488.9,725.2599999999999,996.4000000000001,1121.4,1126.72,1348.7,1381.1,1446.4199999999998,1483.2399999999998,1522.06,1553.3,1613.9599999999998,1634.1399999999999,1647.6999999999998,1671.6399999999999,1710.3999999999999,1745.26,1822.78,1866.72,1980.1799999999998
SUV-A,4,2023-05-31,1,2023-06-30,DeepAR,1521.5,844.225830078125,999.3194580078125,1123.455078125,1226.683349609375,1290.598876953125,1332.8175048828125,1355.0634765625,1398.0010986328125,1428.944580078125,1446.25634765625,1477.833251953125,1526.2303466796875,1545.19873046875,1568.1337890625,1614.642822265625,1636.737548828125,1706.1380615234375,1891.2349853515625,1996.6302490234375
SUV-A,4,2023-05-31,2,2023-07-31,DeepAR,1793.4,852.0792846679688,963.2718505859375,1070.2598876953125,1171.17578125,1231.39013671875,1308.070556640625,1353.498291015625,1371.6702880859375,1423.4171142578125,1456.736083984375,1472.169189453125,1496.392333984375,1549.5899658203125,1591.6875,1612.4443359375,1690.2930908203125,1744.978271484375,1839.4410400390625,2120.825439453125
SUV-A,4,2023-05-31,3,2023-08-31,DeepAR,895.0,753.3258666992188,959.7051391601562,1126.4967041015625,1199.5921630859375,1220.9124755859375,1279.750244140625,1318.53125,1371.122802734375,1433.2847900390625,1500.337890625,1511.1435546875,1523.669921875,1553.5736083984375,1610.651611328125,1663.6422119140625,1674.794189453125,1727.9486083984375,1774.8685302734375,1818.498291015625
SUV-A,4,2023-05-31,4,2023-09-30,DeepAR,1465.4,905.6441040039062,1086.0845947265625,1150.658203125,1173.3260498046875,1237.5384521484375,1292.2115478515625,1323.327880859375,1337.6256103515625,1372.03662109375,1417.2806396484375,1438.655029296875,1496.151611328125,1535.6927490234375,1569.82373046875,1601.8973388671875,1641.0147705078125,1680.15771484375,1757.2994384765625,1786.3809814453125
SUV-A,4,2023-05-31,5,2023-10-31,DeepAR,921.6,719.1713256835938,851.885498046875,1043.8084716796875,1145.40283203125,1180.40576171875,1248.1246337890625,1318.914794921875,1351.897216796875,1382.30517578125,1415.1826171875,1449.835693359375,1483.160400390625,1549.7593994140625,1584.1409912109375,1619.61669921875,1664.3729248046875,1708.71923828125,1819.554443359375,2004.7625732421875
SUV-A,4,2023-05-31,6,2023-11-30,DeepAR,1447.6,843.5414428710938,966.01904296875,1127.7706298828125,1197.2835693359375,1269.7264404296875,1322.618896484375,1362.926025390625,1398.431640625,1440.3369140625,1452.0928955078125,1463.390869140625,1498.2835693359375,1568.626708984375,1589.8026123046875,1631.1502685546875,1650.6583251953125,1707.2744140625,1838.004150390625,2099.201416015625
SUV-A,4,2023-05-31,7,2023-12-31,DeepAR,1806.3,736.0591430664062,947.1424560546875,1083.3831787109375,1176.9947509765625,1266.984375,1294.6937255859375,1340.1546630859375,1368.7562255859375,1414.7606201171875,1452.7073974609375,1489.810791015625,1545.4324951171875,1565.4039306640625,1594.0416259765625,1650.06640625,1706.2735595703125,1781.6715087890625,1900.2742919921875,2142.1103515625
SUV-A,4,2023-05-31,8,2024-01-31,DeepAR,1716.3,737.6503295898438,883.555908203125,1084.5509033203125,1199.42578125,1236.5772705078125,1283.0477294921875,1320.0494384765625,1356.0650634765625,1369.7777099609375,1407.692626953125,1451.5439453125,1509.060302734375,1546.5662841796875,1608.04638671875,1677.2518310546875,1734.0107421875,1822.10693359375,1852.2374267578125,2030.306884765625
SUV-A,4,2023-05-31,9,2024-02-29,DeepAR,1632.1,381.74725341796875,902.9095458984375,1081.7872314453125,1230.287109375,1263.6683349609375,1326.02685546875,1418.6566162109375,1450.9197998046875,1460.30029296875,1508.202392578125,1545.7259521484375,1575.5946044921875,1642.4638671875,1688.015625,1730.1285400390625,1781.3895263671875,1812.401611328125,1929.8489990234375,2121.131103515625
SUV-A,4,2023-05-31,10,2024-03-31,DeepAR,1292.1,695.98095703125,918.32177734375,1053.9835205078125,1178.423828125,1249.9049072265625,1282.809326171875,1300.5523681640625,1334.373291015625,1357.5499267578125,1390.6510009765625,1411.658447265625,1429.107421875,1477.52587890625,1550.393798828125,1599.23828125,1640.2618408203125,1658.434814453125,1756.8699951171875,1874.787109375
SUV-A,4,2023-05-31,11,2024-04-30,DeepAR,1505.0,945.6603393554688,1018.6041259765625,1092.019775390625,1152.0859375,1200.6666259765625,1228.175537109375,1261.55859375,1303.30908203125,1341.611572265625,1385.3836669921875,1436.6146240234375,1455.468505859375,1511.4697265625,1536.137451171875,1583.491943359375,1611.3916015625,1733.8582763671875,1819.308349609375,2014.9794921875
SUV-A,4,2023-05-31,12,2024-05-31,DeepAR,1488.9,875.7815551757812,992.5441284179688,1055.586181640625,1165.873291015625,1246.6824951171875,1306.9404296875,1345.349609375,1380.6175537109375,1406.941650390625,1459.8876953125,1480.9879150390625,1503.370361328125,1533.62353515625,1571.7596435546875,1641.6353759765625,1702.8284912109375,1760.32763671875,1832.1444091796875,2007.330078125
SUV-A,5,2023-08-31,1,2023-09-30,SeasonalNaive,1465.4,674.63,952.5500000000002,1044.1750000000002,1049.3600000000001,1256.9750000000001,1296.7,1360.99,1395.82,1443.58,1466.5500000000002,1535.23,1557.72,1571.175,1595.27,1637.2,1677.38,1759.1399999999999,1813.0700000000002,1931.9650000000001
SUV-A,5,2023-08-31,2,2023-10-31,SeasonalNaive,921.6,568.0299999999999,845.95,937.575,942.76,1150.375,1190.1,1254.3899999999999,1289.2199999999998,1336.9799999999998,1359.9499999999998,1428.6299999999997,1451.12,1464.5749999999998,1488.6699999999998,1530.6,1570.78,1652.5399999999997,1706.47,1825.3649999999998
SUV-A,5,2023-08-31,3,2023-11-30,SeasonalNaive,1447.6,887.13,1165.0500000000002,1256.6750000000002,1261.8600000000001,1469.4750000000001,1509.2,1573.49,1608.32,1656.08,1679.0500000000002,1747.73,1770.22,1783.675,1807.77,1849.7,1889.88,1971.6399999999999,2025.5700000000002,2144.465
SUV-A,5,2023-08-31,4,2023-12-31,SeasonalNaive,1806.3,864.63,1142.5500000000002,1234.1750000000002,1239.3600000000001,1446.9750000000001,1486.7,1550.99,1585.82,1633.58,1656.5500000000002,1725.23,1747.72,1761.175,1785.27,1827.2,1867.38,1949.1399999999999,2003.0700000000002,2121.965
SUV-A,5,2023-08-31,5,2024-01-31,SeasonalNaive,1716.3,881.93,1159.8500000000001,1251.4750000000001,1256.66,1464.275,1504.0,1568.29,1603.12,1650.8799999999999,1673.85,1742.5299999999997,1765.02,1778.475,1802.57,1844.5,1884.68,1966.4399999999998,2020.3700000000001,2139.265
SUV-A,5,2023-08-31,6,2024-02-29,SeasonalNaive,1632.1,990.63,1268.5500000000002,1360.1750000000002,1365.3600000000001,1572.9750000000001,1612.7,1676.99,1711.82,1759.58,1782.5500000000002,1851.23,1873.72,1887.175,1911.27,1953.2,1993.38,2075.14,2129.07,2247.965
SUV-A,5,2023-08-31,7,2024-03-31,SeasonalNaive,1292.1,1077.33,1355.2500000000002,1446.8750000000002,1452.0600000000002,1659.6750000000002,1699.4,1763.69,1798.52,1846.28,1869.25,1937.9299999999998,1960.42,1973.875,1997.97,2039.9,2080.08,2161.84,2215.7700000000004,2334.665
SUV-A,5,2023-08-31,8,2024-04-30,SeasonalNaive,1505.0,892.63,1170.5500000000002,1262.1750000000002,1267.3600000000001,1474.9750000000001,1514.7,1578.99,1613.82,1661.58,1684.5500000000002,1753.23,1775.72,1789.175,1813.27,1855.2,1895.38,1977.1399999999999,2031.0700000000002,2149.965
SUV-A,5,2023-08-31,9,2024-05-31,SeasonalNaive,1488.9,751.0299999999999,1028.95,1120.575,1125.76,1333.375,1373.1,1437.3899999999999,1472.2199999999998,1519.9799999999998,1542.9499999999998,1611.6299999999997,1634.12,1647.5749999999998,1671.6699999999998,1713.6,1753.78,1835.5399999999997,1889.47,2008.3649999999998
SUV-A,5,2023-08-31,10,2024-06-30,SeasonalNaive,1141.0,869.43,1147.3500000000001,1238.9750000000001,1244.16,1451.775,1491.5,1555.79,1590.62,1638.3799999999999,1661.35,1730.0299999999997,1752.52,1765.975,1790.07,1832.0,1872.18,1953.9399999999998,2007.8700000000001,2126.765
SUV-A,5,2023-08-31,11,2024-07-31,SeasonalNaive,1295.3,1141.33,1419.2500000000002,1510.8750000000002,1516.0600000000002,1723.6750000000002,1763.4,1827.69,1862.52,1910.28,1933.25,2001.9299999999998,2024.42,2037.875,2061.9700000000003,2103.9,2144.08,2225.84,2279.7700000000004,2398.665
SUV-A,5,2023-08-31,12,2024-08-31,SeasonalNaive,1291.0,242.92999999999995,520.8500000000001,612.4750000000001,617.6600000000001,825.2750000000001,864.9999999999999,929.29,964.1199999999999,1011.8799999999999,1034.85,1103.5299999999997,1126.02,1139.475,1163.57,1205.5,1245.68,1327.4399999999998,1381.3700000000001,1500.2649999999999
SUV-A,5,2023-08-31,1,2023-09-30,DeepAR,1465.4,873.68408203125,1028.7386474609375,1152.8974609375,1256.126708984375,1320.0438232421875,1362.2547607421875,1384.5072021484375,1427.4376220703125,1458.3848876953125,1475.6961669921875,1507.2708740234375,1555.6658935546875,1574.63720703125,1597.5709228515625,1644.104736328125,1666.1683349609375,1735.564697265625,1920.6861572265625,2026.19970703125
SUV-A,5,2023-08-31,2,2023-10-31,DeepAR,921.6,878.9468994140625,990.2066650390625,1096.8170166015625,1197.9139404296875,1258.095947265625,1334.6417236328125,1380.0294189453125,1398.3243408203125,1450.0487060546875,1483.3699951171875,1498.833984375,1523.070556640625,1576.1558837890625,1618.200439453125,1638.9334716796875,1716.802978515625,1771.3751220703125,1865.990966796875,2147.21533203125
SUV-A,5,2023-08-31,3,2023-11-30,DeepAR,1447.6,773.6609497070312,980.8599243164062,1148.27685546875,1221.4478759765625,1242.7952880859375,1301.6717529296875,1340.45654296875,1393.584716796875,1455.7353515625,1522.962158203125,1533.802001953125,1546.349365234375,1576.37109375,1633.73974609375,1686.676513671875,1697.9464111328125,1751.0361328125,1798.4486083984375,1841.9964599609375
SUV-A,5,2023-08-31,4,2023-12-31,DeepAR,1806.3,929.6511840820312,1110.01220703125,1174.91162109375,1197.8746337890625,1261.702392578125,1316.5291748046875,1347.7247314453125,1361.8607177734375,1396.2030029296875,1441.531982421875,1462.968017578125,1520.3345947265625,1560.0443115234375,1594.2611083984375,1626.2015380859375,1665.3192138671875,1704.4451904296875,1781.6478271484375,1810.7568359375
SUV-A,5,2023-08-31,5,2024-01-31,DeepAR,1716.3,749.6942749023438,882.3333740234375,1074.129638671875,1175.899658203125,1210.3951416015625,1278.2176513671875,1348.74072265625,1381.7921142578125,1412.1478271484375,1444.7001953125,1479.709228515625,1512.87744140625,1579.255859375,1613.6346435546875,1649.32861328125,1693.9127197265625,1738.2259521484375,1848.95263671875,2033.826904296875
SUV-A,5,2023-08-31,6,2024-02-29,DeepAR,1632.1,879.6734008789062,1002.320068359375,1163.314697265625,1232.5003662109375,1305.0672607421875,1358.4580078125,1398.7691650390625,1433.7535400390625,1475.54443359375,1487.2889404296875,1498.339599609375,1533.6494140625,1603.7293701171875,1624.7406005859375,1665.9908447265625,1685.559326171875,1741.9500732421875,1872.4708251953125,2133.06884765625
SUV-A,5,2023-08-31,7,2024-03-31,DeepAR,1292.1,771.5488891601562,981.3788452148438,1117.867919921875,1211.0068359375,1300.909423828125,1328.79833984375,1374.063720703125,1402.2713623046875,1448.551025390625,1486.3909912109375,1523.31396484375,1578.94091796875,1598.8765869140625,1627.6646728515625,1683.7052001953125,1739.5892333984375,1814.69482421875,1932.853759765625,2174.391357421875
SUV-A,5,2023-08-31,8,2024-04-30,DeepAR,1505.0,764.0119018554688,910.0936279296875,1110.9071044921875,1226.74169921875,1263.1864013671875,1310.0859375,1347.016845703125,1382.9710693359375,1396.975830078125,1433.916015625,1478.3214111328125,1536.270751953125,1573.6561279296875,1635.415283203125,1704.843017578125,1761.2239990234375,1849.5426025390625,1879.828857421875,2058.384765625
SUV-A,5,2023-08-31,9,2024-05-31,DeepAR,1488.9,407.922607421875,928.622314453125,1108.077880859375,1256.702392578125,1289.9755859375,1352.6612548828125,1445.0059814453125,1477.5999755859375,1486.4632568359375,1534.8880615234375,1572.305419921875,1601.853271484375,1668.771728515625,1714.6434326171875,1756.6077880859375,1807.8524169921875,1838.85302734375,1956.3905029296875,2147.5
SUV-A,5,2023-08-31,10,2024-06-30,DeepAR,1141.0,722.9573974609375,945.4332885742188,1081.0047607421875,1205.9046630859375,1277.2161865234375,1310.3004150390625,1328.2269287109375,1362.142578125,1385.1422119140625,1418.1016845703125,1438.8218994140625,1456.399169921875,1504.8994140625,1577.8177490234375,1626.59228515625,1667.9715576171875,1686.13427734375,1784.458740234375,1902.52392578125
SUV-A,5,2023-08-31,11,2024-07-31,DeepAR,1295.3,967.152099609375,1040.3006591796875,1114.2677001953125,1175.0009765625,1223.2359619140625,1250.52197265625,1284.3890380859375,1326.102294921875,1364.795166015625,1408.5845947265625,1460.1884765625,1478.654052734375,1534.982177734375,1559.51025390625,1606.9664306640625,1634.679443359375,1757.61328125,1843.38623046875,2039.40283203125
SUV-A,5,2023-08-31,12,2024-08-31,DeepAR,1291.0,898.7860107421875,1015.3955078125,1078.6026611328125,1189.2540283203125,1270.3258056640625,1331.0413818359375,1369.1566162109375,1404.6279296875,1430.89990234375,1484.343017578125,1504.997802734375,1527.4901123046875,1557.3411865234375,1595.9678955078125,1665.962158203125,1727.3809814453125,1784.8404541015625,1856.489990234375,2032.632080078125
SUV-A,6,2023-11-30,1,2023-12-31,SeasonalNaive,1806.3,890.4,1175.1000000000001,1226.15,1238.4,1413.05,1478.5,1533.4,1573.9,1617.7,1646.2,1701.8500000000001,1745.3000000000002,1754.3,1785.0,1815.1,1854.6,1938.7,1990.8000000000002,2115.65
SUV-A,6,2023-11-30,2,2024-01-31,SeasonalNaive,1716.3,907.6999999999999,1192.4,1243.45,1255.6999999999998,1430.35,1495.8,1550.7,1591.2,1635.0,1663.5,1719.15,1762.6000000000001,1771.6,1802.3,1832.4,1871.9,1956.0,2008.1,2132.95
SUV-A,6,2023-11-30,3,2024-02-29,SeasonalNaive,1632.1,1016.4,1301.1000000000001,1352.15,1364.4,1539.05,1604.5,1659.4,1699.9,1743.7,1772.2,1827.8500000000001,1871.3000000000002,1880.3,1911.0,1941.1,1980.6,2064.7,2116.8,2241.65
SUV-A,6,2023-11-30,4,2024-03-31,SeasonalNaive,1292.1,1103.1,1387.8000000000002,1438.8500000000001,1451.1,1625.75,1691.2,1746.1000000000001,1786.6000000000001,1830.4,1858.9,1914.5500000000002,1958.0000000000002,1967.0,1997.7,2027.8000000000002,2067.3,2151.4,2203.5,2328.3500000000004
SUV-A,6,2023-11-30,5,2024-04-30,SeasonalNaive,1505.0,918.4,1203.1000000000001,1254.15,1266.4,1441.05,1506.5,1561.4,1601.9,1645.7,1674.2,1729.8500000000001,1773.3000000000002,1782.3,1813.0,1843.1,1882.6,1966.7,2018.8000000000002,2143.65
SUV-A,6,2023-11-30,6,2024-05-31,SeasonalNaive,1488.9,776.7999999999998,1061.5,1112.55,1124.7999999999997,1299.4499999999998,1364.8999999999999,1419.8,1460.3,1504.1,1532.6,1588.25,1631.7,1640.6999999999998,1671.3999999999999,1701.5,1741.0,1825.1,1877.1999999999998,2002.05
SUV-A,6,2023-11-30,7,2024-06-30,SeasonalNaive,1141.0,895.1999999999999,1179.9,1230.95,1243.1999999999998,1417.85,1483.3,1538.2,1578.7,1622.5,1651.0,1706.65,1750.1000000000001,1759.1,1789.8,1819.9,1859.4,1943.5,1995.6,2120.45
SUV-A,6,2023-11-30,8,2024-07-31,SeasonalNaive,1295.3,1167.1,1451.8000000000002,1502.8500000000001,1515.1,1689.75,1755.2,1810.1000000000001,1850.6000000000001,1894.4,1922.9,1978.5500000000002,2022.0000000000002,2031.0,2061.7,2091.8,2131.3,2215.4,2267.5,2392.3500000000004
SUV-A,6,2023-11-30,9,2024-08-31,SeasonalNaive,1291.0,268.69999999999993,553.4000000000001,604.45,616.6999999999999,791.3499999999999,856.8,911.7,952.2,996.0,1024.5,1080.15,1123.6000000000001,1132.6,1163.3,1193.4,1232.9,1317.0,1369.1,1493.95
SUV-A,6,2023-11-30,10,2024-09-30,SeasonalNaive,1140.1,839.1,1123.8000000000002,1174.8500000000001,1187.1,1361.75,1427.2,1482.1000000000001,1522.6000000000001,1566.4,1594.9,1650.5500000000002,1694.0000000000002,1703.0,1733.7,1763.8000000000002,1803.3000000000002,1887.4,1939.5,2064.3500000000004
SUV-A,6,2023-11-30,11,2024-10-31,SeasonalNaive,1109.1,295.29999999999995,580.0000000000001,631.0500000000002,643.3,817.9499999999999,883.4,938.3000000000001,978.8000000000001,1022.6,1051.1,1106.75,1150.2000000000003,1159.2,1189.9,1220.0,1259.5,1343.6,1395.7,1520.5500000000002
SUV-A,6,2023-11-30,12,2024-11-30,SeasonalNaive,1115.3,821.2999999999998,1106.0,1157.05,1169.2999999999997,1343.9499999999998,1409.3999999999999,1464.3,1504.8,1548.6,1577.1,1632.75,1676.2,1685.1999999999998,1715.8999999999999,1746.0,1785.5,1869.6,1921.6999999999998,2046.55
SUV-A,6,2023-11-30,1,2023-12-31,DeepAR,1806.3,936.2955322265625,1090.706298828125,1213.142578125,1315.35009765625,1378.60693359375,1420.580810546875,1442.4749755859375,1485.1485595703125,1515.7142333984375,1532.86376953125,1564.179443359375,1612.1502685546875,1630.87255859375,1653.6103515625,1699.14892578125,1721.685302734375,1790.4986572265625,1973.2786865234375,2075.155517578125
SUV-A,6,2023-11-30,2,2024-01-31,DeepAR,1716.3,950.9131469726562,1060.9248046875,1167.45068359375,1265.71826171875,1325.1693115234375,1401.4599609375,1446.2408447265625,1464.05224609375,1515.365966796875,1548.3917236328125,1563.81982421875,1587.7955322265625,1640.1807861328125,1681.6959228515625,1702.1240234375,1779.0501708984375,1833.6170654296875,1925.19482421875,2203.49755859375
SUV-A,6,2023-11-30,3,2024-02-29,DeepAR,1632.1,857.2418823242188,1060.661865234375,1224.643310546875,1297.165771484375,1317.711669921875,1376.325439453125,1414.7044677734375,1467.1495361328125,1528.493408203125,1594.7843017578125,1605.5596923828125,1617.9500732421875,1647.764892578125,1704.1552734375,1756.3455810546875,1767.7255859375,1820.1251220703125,1866.60546875,1909.7276611328125
SUV-A,6,2023-11-30,4,2024-03-31,DeepAR,1292.1,1002.0186767578125,1180.189453125,1243.3609619140625,1267.3734130859375,1330.1495361328125,1384.0240478515625,1414.6435546875,1428.46875,1462.54638671875,1507.3184814453125,1528.54150390625,1585.174560546875,1624.4361572265625,1658.347412109375,1689.7420654296875,1728.4976806640625,1767.1788330078125,1842.676025390625,1871.3876953125
SUV-A,6,2023-11-30,5,2024-04-30,DeepAR,1505.0,816.4781494140625,948.1720581054688,1138.2667236328125,1239.7879638671875,1273.3204345703125,1340.10009765625,1409.96533203125,1443.0408935546875,1472.82568359375,1505.2991943359375,1540.0400390625,1572.85693359375,1639.005126953125,1672.9373779296875,1708.4010009765625,1752.59130859375,1796.862548828125,1905.445556640625,2089.433837890625
SUV-A,6,2023-11-30,6,2024-05-31,DeepAR,1488.9,942.4009399414062,1064.4490966796875,1223.047119140625,1290.89111328125,1363.548095703125,1418.054931640625,1456.4014892578125,1490.8997802734375,1532.8367919921875,1544.32470703125,1555.1588134765625,1591.0323486328125,1660.0997314453125,1680.546875,1721.0108642578125,1741.15869140625,1795.954833984375,1925.5882568359375,2182.39990234375
SUV-A,6,2023-11-30,7,2024-06-30,DeepAR,1141.0,841.6959838867188,1048.4908447265625,1184.8096923828125,1276.21142578125,1365.2913818359375,1393.4217529296875,1438.147216796875,1465.6939697265625,1511.74072265625,1549.4320068359375,1585.6025390625,1641.1614990234375,1660.8323974609375,1689.680908203125,1745.5931396484375,1800.62744140625,1874.8155517578125,1991.61083984375,2230.60791015625
SUV-A,6,2023-11-30,8,2024-07-31,DeepAR,1295.3,829.108642578125,973.5275268554688,1171.769287109375,1286.6163330078125,1322.9613037109375,1369.531005859375,1405.642578125,1442.28857421875,1455.494140625,1491.990478515625,1536.4697265625,1593.6165771484375,1631.00537109375,1692.3778076171875,1761.315185546875,1817.098876953125,1904.113037109375,1935.16796875,2111.6962890625
SUV-A,6,2023-11-30,9,2024-08-31,DeepAR,1291.0,478.8836669921875,993.9714965820312,1169.254638671875,1316.9952392578125,1350.2027587890625,1412.225830078125,1503.4915771484375,1536.2767333984375,1544.7861328125,1593.0201416015625,1629.859375,1659.5433349609375,1725.4664306640625,1771.2017822265625,1812.455810546875,1863.70263671875,1894.220458984375,2010.676513671875,2198.049072265625
SUV-A,6,2023-11-30,10,2024-09-30,DeepAR,1140.1,785.3216552734375,1004.84619140625,1139.72900390625,1263.6209716796875,1335.0318603515625,1367.397705078125,1385.345458984375,1419.2423095703125,1441.9698486328125,1474.0421142578125,1494.5211181640625,1512.446533203125,1560.3634033203125,1632.7252197265625,1681.5555419921875,1721.990966796875,1740.6533203125,1837.62939453125,1955.4234619140625
SUV-A,6,2023-11-30,11,2024-10-31,DeepAR,1109.1,1038.986328125,1109.370849609375,1181.30029296875,1241.474365234375,1289.3133544921875,1316.3480224609375,1349.2337646484375,1390.260986328125,1429.3602294921875,1472.0738525390625,1522.8050537109375,1541.1751708984375,1597.1856689453125,1621.654541015625,1668.188720703125,1696.39208984375,1817.738037109375,1902.10205078125,2096.89404296875
SUV-A,6,2023-11-30,12,2024-11-30,DeepAR,1115.3,966.8307495117188,1082.0455322265625,1144.3406982421875,1254.3662109375,1333.951904296875,1394.8165283203125,1431.7886962890625,1466.233154296875,1493.810302734375,1548.3016357421875,1566.710205078125,1588.0362548828125,1617.6380615234375,1656.349365234375,1726.14404296875,1786.7432861328125,1844.3314208984375,1914.6585693359375,2087.9384765625
SUV-A,7,2024-02-29,1,2024-03-31,SeasonalNaive,1292.1,1128.8700000000001,1394.5800000000002,1446.005,1452.5400000000002,1647.1,1698.31,1747.8500000000001,1789.5800000000002,1841.18,1863.5,1914.64,1955.38,1966.45,1997.73,2018.975,2058.9,2140.96,2195.6400000000003,2322.035
SUV-A,7,2024-02-29,2,2024-04-30,SeasonalNaive,1505.0,944.1700000000001,1209.88,1261.305,1267.8400000000001,1462.4,1513.61,1563.15,1604.88,1656.48,1678.8000000000002,1729.94,1770.68,1781.75,1813.03,1834.275,1874.2,1956.26,2010.94,2137.335
SUV-A,7,2024-02-29,3,2024-05-31,SeasonalNaive,1488.9,802.5699999999999,1068.28,1119.705,1126.24,1320.7999999999997,1372.0099999999998,1421.55,1463.28,1514.8799999999999,1537.1999999999998,1588.34,1629.08,1640.1499999999999,1671.4299999999998,1692.6749999999997,1732.6,1814.6599999999999,1869.34,1995.7349999999997
SUV-A,7,2024-02-29,4,2024-06-30,SeasonalNaive,1141.0,920.97,1186.68,1238.105,1244.64,1439.1999999999998,1490.4099999999999,1539.95,1581.68,1633.28,1655.6,1706.74,1747.48,1758.55,1789.83,1811.0749999999998,1851.0,1933.06,1987.74,2114.1349999999998
SUV-A,7,2024-02-29,5,2024-07-31,SeasonalNaive,1295.3,1192.8700000000001,1458.5800000000002,1510.005,1516.5400000000002,1711.1,1762.31,1811.8500000000001,1853.5800000000002,1905.18,1927.5,1978.64,2019.38,2030.45,2061.73,2082.975,2122.9,2204.96,2259.6400000000003,2386.035
SUV-A,7,2024-02-29,6,2024-08-31,SeasonalNaive,1291.0,294.47,560.1800000000001,611.605,618.1400000000001,812.6999999999999,863.91,913.4499999999999,955.1800000000001,1006.78,1029.1,1080.24,1120.98,1132.05,1163.33,1184.5749999999998,1224.5,1306.56,1361.24,1487.6349999999998
SUV-A,7,2024-02-29,7,2024-09-30,SeasonalNaive,1140.1,864.8700000000001,1130.5800000000002,1182.005,1188.5400000000002,1383.1,1434.31,1483.8500000000001,1525.5800000000002,1577.18,1599.5,1650.64,1691.38,1702.45,1733.73,1754.975,1794.9,1876.96,1931.64,2058.035
SUV-A,7,2024-02-29,8,2024-10-31,SeasonalNaive,1109.1,321.07000000000005,586.7800000000001,638.2050000000002,644.74,839.3,890.51,940.05,981.7800000000001,1033.3799999999999,1055.7,1106.8400000000001,1147.5800000000002,1158.65,1189.9299999999998,1211.175,1251.1,1333.16,1387.8400000000001,1514.2349999999997
SUV-A,7,2024-02-29,9,2024-11-30,SeasonalNaive,1115.3,847.0699999999999,1112.78,1164.205,1170.74,1365.2999999999997,1416.5099999999998,1466.05,1507.78,1559.3799999999999,1581.6999999999998,1632.84,1673.58,1684.6499999999999,1715.9299999999998,1737.1749999999997,1777.1,1859.1599999999999,1913.84,2040.2349999999997
SUV-A,7,2024-02-29,10,2024-12-31,SeasonalNaive,1901.0,1205.77,1471.48,1522.905,1529.44,1724.0,1775.2099999999998,1824.75,1866.48,1918.08,1940.4,1991.54,2032.28,2043.35,2074.63,2095.875,2135.8,2217.86,2272.54,2398.9349999999995
SUV-A,7,2024-02-29,11,2025-01-31,SeasonalNaive,1932.8,1115.77,1381.48,1432.905,1439.44,1634.0,1685.2099999999998,1734.75,1776.48,1828.08,1850.4,1901.54,1942.28,1953.35,1984.6299999999999,2005.875,2045.8,2127.86,2182.54,2308.9349999999995
SUV-A,7,2024-02-29,12,2025-02-28,SeasonalNaive,1976.7,1031.57,1297.28,1348.705,1355.24,1549.7999999999997,1601.0099999999998,1650.55,1692.28,1743.8799999999999,1766.1999999999998,1817.34,1858.08,1869.1499999999999,1900.4299999999998,1921.6749999999997,1961.6,2043.6599999999999,2098.34,2224.7349999999997
SUV-A,7,2024-02-29,1,2024-03-31,DeepAR,1292.1,920.9442749023438,1076.9805908203125,1201.2606201171875,1304.8167724609375,1368.9210205078125,1411.3651123046875,1433.612060546875,1476.77099609375,1507.7747802734375,1525.1461181640625,1556.8504638671875,1605.428955078125,1624.4266357421875,1647.449951171875,1693.83642578125,1716.3507080078125,1786.0240478515625,1971.451416015625,2075.86865234375
SUV-A,7,2024-02-29,2,2024-04-30,DeepAR,1505.0,925.8182373046875,1037.866455078125,1145.41943359375,1246.56298828125,1307.0970458984375,1384.3218994140625,1429.9381103515625,1448.32080078125,1500.4482421875,1534.0289306640625,1549.6832275390625,1574.0987548828125,1627.3988037109375,1669.654052734375,1690.47265625,1768.8463134765625,1823.9622802734375,1918.431884765625,2201.47998046875
SUV-A,7,2024-02-29,3,2024-05-31,DeepAR,1488.9,824.6633911132812,1032.3868408203125,1199.90185546875,1273.5225830078125,1294.355224609375,1353.7642822265625,1392.5943603515625,1446.6656494140625,1508.8330078125,1576.298583984375,1587.2652587890625,1599.9173583984375,1630.27294921875,1687.985107421875,1740.6619873046875,1752.4053955078125,1805.27392578125,1853.4271240234375,1896.8916015625
SUV-A,7,2024-02-29,4,2024-06-30,DeepAR,1141.0,981.0640869140625,1162.1461181640625,1227.601806640625,1251.5208740234375,1315.38720703125,1370.4061279296875,1401.58154296875,1415.6339111328125,1450.1502685546875,1496.0089111328125,1517.6417236328125,1574.9049072265625,1615.418212890625,1650.195556640625,1681.755859375,1720.40966796875,1760.3682861328125,1837.268310546875,1866.93896484375
SUV-A,7,2024-02-29,5,2024-07-31,DeepAR,1295.3,788.9730834960938,922.7072143554688,1115.9139404296875,1219.7421875,1254.1966552734375,1322.91015625,1394.0,1427.587890625,1457.767578125,1490.5068359375,1526.1160888671875,1559.8511962890625,1626.7164306640625,1661.2427978515625,1697.7947998046875,1742.44189453125,1787.3917236328125,1899.3353271484375,2085.583984375
SUV-A,7,2024-02-29,6,2024-08-31,DeepAR,1291.0,919.9727783203125,1043.5821533203125,1205.579345703125,1274.631103515625,1348.3568115234375,1403.4722900390625,1442.6737060546875,1478.1064453125,1520.5916748046875,1532.2003173828125,1542.9652099609375,1579.6539306640625,1649.8114013671875,1670.804443359375,1712.155029296875,1732.4576416015625,1788.674072265625,1920.4400634765625,2182.508056640625
SUV-A,7,2024-02-29,7,2024-09-30,DeepAR,1140.1,811.05126953125,1021.8457641601562,1160.30126953125,1254.0523681640625,1344.762939453125,1372.9500732421875,1418.7769775390625,1446.8682861328125,1493.7578125,1532.0341796875,1568.78515625,1625.556884765625,1645.6307373046875,1674.7205810546875,1731.6029052734375,1787.5472412109375,1863.71728515625,1981.9893798828125,2226.272705078125
SUV-A,7,2024-02-29,8,2024-10-31,DeepAR,1109.1,805.15966796875,952.2029418945312,1154.56689453125,1270.72021484375,1307.7373046875,1354.5858154296875,1391.17041015625,1428.96533203125,1441.767822265625,1478.882568359375,1523.898681640625,1581.6063232421875,1619.838623046875,1681.8433837890625,1752.0845947265625,1808.8482666015625,1897.1396484375,1928.136474609375,2108.259521484375
SUV-A,7,2024-02-29,9,2024-11-30,DeepAR,1115.3,444.6314392089844,969.7113647460938,1150.6121826171875,1300.1917724609375,1333.605224609375,1396.94482421875,1489.468994140625,1522.9798583984375,1531.462646484375,1580.6923828125,1618.0091552734375,1648.19921875,1714.9542236328125,1761.859619140625,1804.0511474609375,1855.5938720703125,1886.6158447265625,2005.5980224609375,2197.798828125
SUV-A,7,2024-02-29,10,2024-12-31,DeepAR,1901.0,759.71533203125,983.8831787109375,1120.205810546875,1245.3192138671875,1317.717041015625,1351.5279541015625,1369.90185546875,1404.2515869140625,1427.2987060546875,1459.9248046875,1480.4891357421875,1498.307861328125,1547.5440673828125,1620.835205078125,1670.278076171875,1712.0089111328125,1730.7503662109375,1828.94775390625,1948.554931640625
SUV-A,7,2024-02-29,11,2025-01-31,DeepAR,1932.8,1021.1271362304688,1092.8878173828125,1166.7576904296875,1229.399169921875,1276.3914794921875,1304.140869140625,1337.170654296875,1379.7236328125,1419.3448486328125,1462.4765625,1514.75146484375,1532.4451904296875,1589.7471923828125,1614.6915283203125,1660.7647705078125,1690.3533935546875,1813.265380859375,1899.372802734375,2096.868408203125
SUV-A,7,2024-02-29,12,2025-02-28,DeepAR,1976.7,950.2652587890625,1067.76220703125,1130.6881103515625,1242.6319580078125,1323.562255859375,1385.2860107421875,1422.906005859375,1457.421142578125,1485.7099609375,1543.0968017578125,1559.415283203125,1581.9122314453125,1611.730224609375,1650.30224609375,1721.289794921875,1783.0828857421875,1841.095458984375,1913.110107421875,2089.48974609375
SUV-A,8,2024-05-31,1,2024-06-30,SeasonalNaive,1141.0,946.74,1141.62,1229.3600000000001,1243.6799999999998,1429.8999999999999,1483.0,1516.78,1578.4,1607.14,1641.1999999999998,1686.2600000000002,1734.6799999999998,1753.0,1771.7199999999998,1811.0,1844.6399999999999,1919.26,1979.88,2107.82
SUV-A,8,2024-05-31,2,2024-07-31,SeasonalNaive,1295.3,1218.64,1413.52,1501.2600000000002,1515.58,1701.8,1754.9,1788.68,1850.3000000000002,1879.0400000000002,1913.1,1958.1600000000003,2006.58,2024.9,2043.62,2082.9,2116.54,2191.16,2251.78,2379.7200000000003
SUV-A,8,2024-05-31,3,2024-08-31,SeasonalNaive,1291.0,320.24,515.12,602.8600000000001,617.18,803.3999999999999,856.5,890.28,951.9,980.6400000000001,1014.6999999999999,1059.7600000000002,1108.1799999999998,1126.5,1145.2199999999998,1184.5,1218.1399999999999,1292.76,1353.38,1481.3200000000002
SUV-A,8,2024-05-31,4,2024-09-30,SeasonalNaive,1140.1,890.6400000000001,1085.52,1173.2600000000002,1187.58,1373.8,1426.9,1460.68,1522.3000000000002,1551.0400000000002,1585.1,1630.1600000000003,1678.58,1696.9,1715.62,1754.9,1788.54,1863.16,1923.7800000000002,2051.7200000000003
SUV-A,8,2024-05-31,5,2024-10-31,SeasonalNaive,1109.1,346.84000000000003,541.72,629.4600000000002,643.78,829.9999999999999,883.1,916.88,978.5,1007.2400000000001,1041.3,1086.3600000000001,1134.78,1153.1000000000001,1171.82,1211.1,1244.7399999999998,1319.36,1379.9800000000002,1507.92
SUV-A,8,2024-05-31,6,2024-11-30,SeasonalNaive,1115.3,872.8399999999999,1067.7199999999998,1155.46,1169.7799999999997,1355.9999999999998,1409.1,1442.8799999999999,1504.5,1533.24,1567.2999999999997,1612.3600000000001,1660.7799999999997,1679.1,1697.8199999999997,1737.1,1770.7399999999998,1845.36,1905.98,2033.92
SUV-A,8,2024-05-31,7,2024-12-31,SeasonalNaive,1901.0,1231.54,1426.42,1514.16,1528.48,1714.6999999999998,1767.8,1801.58,1863.1999999999998,1891.94,1926.0,1971.0600000000002,2019.4799999999998,2037.8,2056.52,2095.8,2129.4399999999996,2204.06,2264.6800000000003,2392.62
SUV-A,8,2024-05-31,8,2025-01-31,SeasonalNaive,1932.8,1141.54,1336.42,1424.16,1438.48,1624.6999999999998,1677.8,1711.58,1773.1999999999998,1801.94,1836.0,1881.0600000000002,1929.4799999999998,1947.8,1966.5199999999998,2005.8,2039.4399999999998,2114.06,2174.6800000000003,2302.62
SUV-A,8,2024-05-31,9,2025-02-28,SeasonalNaive,1976.7,1057.34,1252.2199999999998,1339.96,1354.2799999999997,1540.4999999999998,1593.6,1627.3799999999999,1689.0,1717.74,1751.7999999999997,1796.8600000000001,1845.2799999999997,1863.6,1882.3199999999997,1921.6,1955.2399999999998,2029.86,2090.48,2218.42
SUV-A,8,2024-05-31,10,2025-03-31,SeasonalNaive,2222.8,717.3399999999999,912.2199999999999,999.96,1014.2799999999999,1200.4999999999998,1253.6,1287.3799999999999,1349.0,1377.74,1411.7999999999997,1456.8600000000001,1505.2799999999997,1523.6,1542.3199999999997,1581.6,1615.2399999999998,1689.86,1750.48,1878.42
SUV-A,8,2024-05-31,11,2025-04-30,SeasonalNaive,1876.6,930.24,1125.12,1212.8600000000001,1227.1799999999998,1413.3999999999999,1466.5,1500.28,1561.9,1590.64,1624.6999999999998,1669.7600000000002,1718.1799999999998,1736.5,1755.2199999999998,1794.5,1828.1399999999999,1902.76,1963.38,2091.32
SUV-A,8,2024-05-31,12,2025-05-31,SeasonalNaive,1805.4,914.1400000000001,1109.02,1196.7600000000002,1211.08,1397.3,1450.4,1484.18,1545.8000000000002,1574.5400000000002,1608.6,1653.6600000000003,1702.08,1720.4,1739.12,1778.4,1812.04,1886.66,1947.2800000000002,2075.2200000000003
SUV-A,8,2024-05-31,1,2024-06-30,DeepAR,1141.0,941.6101684570312,1096.1580810546875,1219.0987548828125,1321.591552734375,1385.0340576171875,1427.0653076171875,1449.0660400390625,1491.8033447265625,1522.479248046875,1539.67333984375,1571.058837890625,1619.1455078125,1637.940185546875,1660.731201171875,1706.5731201171875,1728.944580078125,1797.91552734375,1981.3736572265625,2084.387451171875
SUV-A,8,2024-05-31,2,2024-07-31,DeepAR,1295.3,945.22900390625,1056.029541015625,1162.7041015625,1262.590087890625,1322.4945068359375,1399.00048828125,1444.153564453125,1462.24169921875,1513.828369140625,1547.046875,1562.5118408203125,1586.6533203125,1639.464111328125,1681.3057861328125,1701.91845703125,1779.4295654296875,1834.053955078125,1927.356201171875,2207.50927734375
SUV-A,8,2024-05-31,3,2024-08-31,DeepAR,1291.0,846.562255859375,1051.643310546875,1217.0196533203125,1289.8255615234375,1310.37109375,1369.1356201171875,1407.5379638671875,1460.8284912109375,1522.3094482421875,1588.9627685546875,1599.7991943359375,1612.3109130859375,1642.2913818359375,1699.24609375,1751.3619384765625,1762.9356689453125,1815.2574462890625,1862.6640625,1905.6912841796875
SUV-A,8,2024-05-31,4,2024-09-30,DeepAR,1140.1,994.0365600585938,1173.4019775390625,1237.9434814453125,1261.826904296875,1324.879150390625,1379.3143310546875,1410.298095703125,1424.1083984375,1458.2911376953125,1503.6866455078125,1524.9803466796875,1581.8380126953125,1621.6942138671875,1656.0609130859375,1687.2493896484375,1726.3446044921875,1765.4107666015625,1841.5316162109375,1870.6790771484375
SUV-A,8,2024-05-31,5,2024-10-31,DeepAR,1109.1,809.1853637695312,941.7439575195312,1133.369384765625,1234.7064208984375,1268.0484619140625,1335.4871826171875,1405.6043701171875,1438.8878173828125,1468.8985595703125,1501.1102294921875,1536.4344482421875,1569.08154296875,1635.4671630859375,1669.565185546875,1705.4178466796875,1749.716064453125,1793.919677734375,1903.87060546875,2088.004150390625
SUV-A,8,2024-05-31,6,2024-11-30,DeepAR,1115.3,937.4932250976562,1059.780517578125,1219.6978759765625,1287.5518798828125,1360.6796875,1415.45947265625,1453.9100341796875,1488.9559326171875,1531.139892578125,1542.4847412109375,1553.0731201171875,1589.798583984375,1658.9754638671875,1679.3319091796875,1720.27490234375,1740.3653564453125,1795.809814453125,1926.004638671875,2184.984375
SUV-A,8,2024-05-31,7,2024-12-31,DeepAR,1901.0,831.8739624023438,1039.5494384765625,1176.6268310546875,1268.7689208984375,1358.398681640625,1386.4608154296875,1431.457275390625,1459.427734375,1505.513916015625,1543.3265380859375,1579.5379638671875,1635.7218017578125,1655.335693359375,1684.428955078125,1740.709716796875,1795.5546875,1870.66796875,1987.263671875,2228.403564453125
SUV-A,8,2024-05-31,8,2025-01-31,DeepAR,1932.8,831.5848388671875,976.6543579101562,1176.7811279296875,1290.7110595703125,1327.7579345703125,1374.45849609375,1409.6190185546875,1447.4825439453125,1460.0386962890625,1496.5687255859375,1541.412109375,1598.3231201171875,1635.9515380859375,1697.3494873046875,1766.8984375,1822.66162109375,1909.85400390625,1940.7237548828125,2118.487060546875
SUV-A,8,2024-05-31,9,2025-02-28,DeepAR,1976.7,477.4512939453125,995.449951171875,1172.81298828125,1320.62353515625,1353.722412109375,1415.7913818359375,1507.2108154296875,1540.281005859375,1548.8741455078125,1597.4566650390625,1633.9439697265625,1664.1234130859375,1729.7413330078125,1776.1279296875,1817.8284912109375,1868.789794921875,1899.2198486328125,2016.7177734375,2205.70556640625
SUV-A,8,2024-05-31,10,2025-03-31,DeepAR,2222.8,793.4312744140625,1013.350830078125,1147.9224853515625,1271.225341796875,1342.8604736328125,1375.804443359375,1393.8052978515625,1427.837646484375,1450.47021484375,1482.3961181640625,1502.701904296875,1520.5321044921875,1568.79345703125,1641.0377197265625,1689.8936767578125,1730.66455078125,1749.27490234375,1845.7794189453125,1964.00732421875
SUV-A,8,2024-05-31,11,2025-04-30,DeepAR,1876.6,1043.3536376953125,1114.2764892578125,1186.6610107421875,1248.3321533203125,1295.0147705078125,1322.359130859375,1354.982421875,1396.6845703125,1435.941650390625,1478.5113525390625,1530.042236328125,1547.48828125,1604.130126953125,1628.65283203125,1674.5186767578125,1703.508056640625,1824.7042236328125,1909.54443359375,2104.62158203125
SUV-A,8,2024-05-31,12,2025-05-31,DeepAR,1805.4,971.0116577148438,1086.52392578125,1148.91455078125,1259.4439697265625,1339.375732421875,1400.491943359375,1437.4552001953125,1471.84814453125,1499.6231689453125,1555.588134765625,1572.4945068359375,1594.3251953125,1623.54443359375,1662.330810546875,1732.3856201171875,1793.3763427734375,1850.7701416015625,1921.500244140625,2095.7158203125
SUV-B,1,2022-08-31,1,2022-09-30,SeasonalNaive,951.3,419.39999999999986,569.0799999999999,691.65,738.8199999999999,791.775,830.1399999999999,869.3549999999999,931.0199999999999,984.9799999999999,1061.7999999999997,1146.02,1159.8599999999997,1244.3799999999999,1267.9199999999998,1434.05,1443.1399999999999,1506.0299999999995,1554.7199999999998,1569.1749999999997
SUV-B,1,2022-08-31,2,2022-10-31,SeasonalNaive,1239.9,461.0,610.6800000000001,733.2500000000001,780.4200000000001,833.3750000000001,871.74,910.955,972.62,1026.58,1103.4,1187.6200000000001,1201.4599999999998,1285.98,1309.52,1475.65,1484.7400000000002,1547.6299999999997,1596.3200000000002,1610.7749999999999
SUV-B,1,2022-08-31,3,2022-11-30,SeasonalNaive,1183.2,0.0,0.0,110.55000000000007,157.71999999999997,210.67500000000004,249.04,288.255,349.91999999999996,403.87999999999994,480.69999999999993,564.9200000000001,578.7599999999999,663.2799999999999,686.8199999999999,852.95,862.0400000000001,924.9299999999996,973.62,988.0749999999998
SUV-B,1,2022-08-31,4,2022-12-31,SeasonalNaive,1323.0,245.39999999999998,395.08000000000004,517.6500000000001,564.8199999999999,617.7750000000001,656.14,695.355,757.02,810.98,887.8,972.0200000000001,985.8599999999999,1070.3799999999999,1093.92,1260.0500000000002,1269.14,1332.0299999999997,1380.72,1395.1749999999997
SUV-B,1,2022-08-31,5,2023-01-31,SeasonalNaive,1277.9,786.0999999999999,935.78,1058.35,1105.52,1158.475,1196.84,1236.0549999999998,1297.7199999999998,1351.6799999999998,1428.5,1512.72,1526.5599999999997,1611.08,1634.62,1800.75,1809.8400000000001,1872.7299999999996,1921.42,1935.8749999999998
SUV-B,1,2022-08-31,6,2023-02-28,SeasonalNaive,1605.0,694.2,843.8800000000001,966.4500000000002,1013.6200000000001,1066.575,1104.94,1144.155,1205.82,1259.78,1336.6,1420.8200000000002,1434.6599999999999,1519.18,1542.72,1708.8500000000001,1717.94,1780.8299999999997,1829.52,1843.975
SUV-B,1,2022-08-31,7,2023-03-31,SeasonalNaive,1247.8,404.89999999999986,554.5799999999999,677.15,724.3199999999999,777.275,815.6399999999999,854.8549999999999,916.5199999999999,970.4799999999999,1047.2999999999997,1131.52,1145.3599999999997,1229.8799999999999,1253.4199999999998,1419.55,1428.6399999999999,1491.5299999999995,1540.2199999999998,1554.6749999999997
SUV-B,1,2022-08-31,8,2023-04-30,SeasonalNaive,1479.1,636.5,786.1800000000001,908.7500000000001,955.9200000000001,1008.8750000000001,1047.24,1086.455,1148.12,1202.08,1278.9,1363.1200000000001,1376.9599999999998,1461.48,1485.02,1651.15,1660.2400000000002,1723.1299999999997,1771.8200000000002,1786.2749999999999
SUV-B,1,2022-08-31,9,2023-05-31,SeasonalNaive,1401.6,840.0999999999999,989.78,1112.35,1159.52,1212.475,1250.84,1290.0549999999998,1351.7199999999998,1405.6799999999998,1482.5,1566.72,1580.5599999999997,1665.08,1688.62,1854.75,1863.8400000000001,1926.7299999999996,1975.42,1989.8749999999998
SUV-B,1,2022-08-31,10,2023-06-30,SeasonalNaive,995.1,783.5,933.1800000000001,1055.75,1102.92,1155.875,1194.24,1233.455,1295.12,1349.08,1425.9,1510.1200000000001,1523.9599999999998,1608.48,1632.02,1798.15,1807.2400000000002,1870.1299999999997,1918.8200000000002,1933.2749999999999
SUV-B,1,2022-08-31,11,2023-07-31,SeasonalNaive,643.4,385.9,535.58,658.1500000000001,705.3199999999999,758.2750000000001,796.64,835.855,897.52,951.48,1028.3,1112.5200000000002,1126.36,1210.8799999999999,1234.42,1400.5500000000002,1409.64,1472.5299999999997,1521.22,1535.6749999999997
SUV-B,1,2022-08-31,12,2023-08-31,SeasonalNaive,1369.9,280.69999999999993,430.38,552.95,600.1199999999999,653.075,691.4399999999999,730.655,792.3199999999999,846.28,923.0999999999999,1007.32,1021.1599999999999,1105.6799999999998,1129.2199999999998,1295.35,1304.44,1367.3299999999997,1416.02,1430.475
SUV-B,1,2022-08-31,1,2022-09-30,DeepAR,951.3,570.364013671875,691.0132446289062,789.9205322265625,871.3720703125,921.85791015625,954.820556640625,972.6406860351562,1006.1946411132812,1030.7564697265625,1044.3974609375,1069.2105712890625,1107.2918701171875,1122.2584228515625,1140.4136962890625,1178.1549072265625,1194.242919921875,1248.802734375,1395.8372802734375,1480.196044921875
SUV-B,1,2022-08-31,2,2022-10-31,DeepAR,1239.9,573.935791015625,662.2198486328125,743.918701171875,826.5465087890625,874.11083984375,933.4876708984375,969.3671875,984.6134643554688,1025.265380859375,1051.5513916015625,1063.7530517578125,1082.9742431640625,1124.66162109375,1157.79248046875,1174.1883544921875,1235.963134765625,1278.0206298828125,1355.723388671875,1577.558349609375
SUV-B,1,2022-08-31,3,2022-11-30,DeepAR,1183.2,498.28167724609375,662.6920776367188,795.246826171875,851.9091186523438,868.9649658203125,914.5263061523438,944.6441650390625,988.4367065429688,1036.5196533203125,1089.07861328125,1097.589111328125,1107.2208251953125,1131.0509033203125,1176.7860107421875,1217.408447265625,1226.949951171875,1267.8096923828125,1306.853515625,1340.0819091796875
SUV-B,1,2022-08-31,4,2022-12-31,DeepAR,1323.0,621.9436645507812,762.3843994140625,815.1090698242188,834.2772827148438,883.9871826171875,926.5353393554688,950.9922485351562,961.5675659179688,988.0133056640625,1024.5111083984375,1041.4149169921875,1085.1680908203125,1118.05224609375,1146.226318359375,1168.22802734375,1198.9384765625,1230.6947021484375,1289.6888427734375,1313.85888671875
SUV-B,1,2022-08-31,5,2023-01-31,DeepAR,1277.9,464.8049011230469,566.695556640625,714.507568359375,803.3414916992188,829.0914306640625,884.6001586914062,938.6508178710938,966.6085815429688,986.6947021484375,1013.3955078125,1042.79296875,1068.379150390625,1121.1907958984375,1147.24072265625,1176.632568359375,1211.020263671875,1245.0704345703125,1335.718994140625,1477.815673828125
SUV-B,1,2022-08-31,6,2023-02-28,DeepAR,1605.0,563.3236694335938,658.32958984375,787.2902221679688,840.1812744140625,899.7446899414062,944.7816162109375,972.981689453125,1001.2354125976562,1034.8936767578125,1043.863037109375,1051.3536376953125,1081.900390625,1134.335693359375,1153.5838623046875,1183.710205078125,1203.1593017578125,1245.8531494140625,1350.5145263671875,1555.5130615234375
SUV-B,1,2022-08-31,7,2023-03-31,DeepAR,1247.8,484.85797119140625,646.6935424804688,756.1764526367188,831.0935668945312,901.218017578125,923.8241577148438,962.5039672851562,981.85888671875,1017.7261962890625,1049.5550537109375,1078.6903076171875,1121.3172607421875,1136.54736328125,1161.3564453125,1204.6148681640625,1246.65673828125,1307.7479248046875,1398.5010986328125,1590.5386962890625
SUV-B,1,2022-08-31,8,2023-04-30,DeepAR,1479.1,473.3332214355469,590.1243286132812,754.3146362304688,841.7314453125,873.1709594726562,909.2840576171875,933.9100952148438,967.003662109375,978.0657348632812,1004.8340454101562,1043.0252685546875,1085.673095703125,1117.483642578125,1164.765380859375,1220.9827880859375,1263.53662109375,1335.7352294921875,1361.271240234375,1503.505859375
SUV-B,1,2022-08-31,9,2023-05-31,DeepAR,1401.6,190.01995849609375,606.2645874023438,751.4795532226562,869.851318359375,896.4756469726562,945.44140625,1014.1751098632812,1040.8975830078125,1050.6671142578125,1090.1531982421875,1116.6275634765625,1144.0260009765625,1195.7999267578125,1232.3450927734375,1264.9686279296875,1303.0587158203125,1327.431884765625,1422.617431640625,1578.7734375
SUV-B,1,2022-08-31,10,2023-06-30,DeepAR,995.1,447.1901550292969,627.7036743164062,730.447509765625,829.1203002929688,883.53125,913.824462890625,930.7964477539062,960.64892578125,975.7722778320312,996.15283203125,1015.6334228515625,1029.7222900390625,1069.9327392578125,1122.7567138671875,1164.5987548828125,1196.4986572265625,1212.8133544921875,1289.2392578125,1382.547607421875
SUV-B,1,2022-08-31,11,2023-07-31,DeepAR,643.4,650.6260375976562,703.0328369140625,768.0900268554688,811.5842895507812,847.4310913085938,870.55908203125,897.3482666015625,930.2212524414062,961.9213256835938,994.6172485351562,1036.3031005859375,1050.41259765625,1093.037353515625,1114.6695556640625,1145.8251953125,1174.0555419921875,1269.766357421875,1337.5850830078125,1492.024169921875
SUV-B,1,2022-08-31,12,2023-08-31,DeepAR,1369.9,591.7925415039062,684.4490966796875,735.6325073242188,823.0054931640625,889.9130249023438,942.1402587890625,965.604736328125,991.9752197265625,1014.317138671875,1058.3282470703125,1070.703857421875,1089.33935546875,1111.13037109375,1140.754150390625,1198.3670654296875,1250.653564453125,1291.7860107421875,1347.4444580078125,1488.8673095703125
SUV-B,2,2022-11-30,1,2022-12-31,SeasonalNaive,1323.0,246.89999999999998,434.8600000000001,521.7,583.74,624.1500000000001,682.94,721.74,789.0600000000001,814.06,905.4,977.47,991.52,1069.39,1097.7399999999998,1261.8000000000002,1271.38,1376.79,1384.06,1532.099999999999
SUV-B,2,2022-11-30,2,2023-01-31,SeasonalNaive,1277.9,787.5999999999999,975.5600000000001,1062.4,1124.44,1164.85,1223.6399999999999,1262.4399999999998,1329.76,1354.7599999999998,1446.1,1518.17,1532.2199999999998,1610.0900000000001,1638.4399999999998,1802.5,1812.08,1917.4899999999998,1924.76,2072.7999999999993
SUV-B,2,2022-11-30,3,2023-02-28,SeasonalNaive,1605.0,695.7,883.6600000000002,970.5000000000002,1032.5400000000002,1072.95,1131.74,1170.54,1237.8600000000001,1262.86,1354.2,1426.2700000000002,1440.32,1518.19,1546.54,1710.6000000000001,1720.1800000000003,1825.5900000000001,1832.8600000000001,1980.8999999999992
SUV-B,2,2022-11-30,4,2023-03-31,SeasonalNaive,1247.8,406.39999999999986,594.36,681.2,743.24,783.6499999999999,842.4399999999999,881.2399999999999,948.56,973.5599999999998,1064.8999999999999,1136.97,1151.0199999999998,1228.8899999999999,1257.2399999999998,1421.3,1430.88,1536.29,1543.56,1691.599999999999
SUV-B,2,2022-11-30,5,2023-04-30,SeasonalNaive,1479.1,638.0,825.9600000000002,912.8000000000002,974.8400000000001,1015.25,1074.04,1112.84,1180.16,1205.1599999999999,1296.5,1368.5700000000002,1382.62,1460.4900000000002,1488.84,1652.9,1662.48,1767.8899999999999,1775.16,1923.1999999999991
SUV-B,2,2022-11-30,6,2023-05-31,SeasonalNaive,1401.6,841.5999999999999,1029.56,1116.4,1178.44,1218.85,1277.6399999999999,1316.4399999999998,1383.76,1408.7599999999998,1500.1,1572.17,1586.2199999999998,1664.0900000000001,1692.4399999999998,1856.5,1866.08,1971.4899999999998,1978.76,2126.7999999999993
SUV-B,2,2022-11-30,7,2023-06-30,SeasonalNaive,995.1,785.0,972.9600000000002,1059.8000000000002,1121.8400000000001,1162.25,1221.04,1259.84,1327.16,1352.1599999999999,1443.5,1515.5700000000002,1529.62,1607.4900000000002,1635.84,1799.9,1809.48,1914.8899999999999,1922.16,2070.199999999999
SUV-B,2,2022-11-30,8,2023-07-31,SeasonalNaive,643.4,387.4,575.3600000000001,662.2,724.24,764.6500000000001,823.44,862.24,929.5600000000001,954.56,1045.9,1117.97,1132.02,1209.89,1238.2399999999998,1402.3000000000002,1411.88,1517.29,1524.56,1672.599999999999
SUV-B,2,2022-11-30,9,2023-08-31,SeasonalNaive,1369.9,282.19999999999993,470.1600000000001,557.0,619.04,659.45,718.24,757.04,824.36,849.3599999999999,940.6999999999999,1012.77,1026.82,1104.69,1133.0399999999997,1297.1,1306.68,1412.09,1419.36,1567.3999999999992
SUV-B,2,2022-11-30,10,2023-09-30,SeasonalNaive,1082.5,325.0999999999999,513.0600000000001,599.9000000000001,661.94,702.3499999999999,761.14,799.9399999999999,867.26,892.2599999999999,983.5999999999999,1055.67,1069.7199999999998,1147.5900000000001,1175.9399999999998,1340.0,1349.58,1454.9899999999998,1462.26,1610.299999999999
SUV-B,2,2022-11-30,11,2023-10-31,SeasonalNaive,687.3,613.7,801.6600000000002,888.5000000000002,950.5400000000002,990.95,1049.74,1088.54,1155.8600000000001,1180.86,1272.2,1344.2700000000002,1358.32,1436.19,1464.54,1628.6000000000001,1638.1800000000003,1743.5900000000001,1750.8600000000001,1898.8999999999992
SUV-B,2,2022-11-30,12,2023-11-30,SeasonalNaive,936.1,557.0,744.9600000000002,831.8000000000002,893.8400000000001,934.25,993.0400000000001,1031.84,1099.16,1124.1599999999999,1215.5,1287.5700000000002,1301.62,1379.4900000000002,1407.84,1571.9,1581.48,1686.8899999999999,1694.16,1842.1999999999991
SUV-B,2,2022-11-30,1,2022-12-31,DeepAR,1323.0,597.8604125976562,718.9367065429688,817.4324340820312,898.798583984375,949.2142333984375,982.25439453125,999.97021484375,1033.5933837890625,1058.0826416015625,1071.715087890625,1096.5350341796875,1134.6103515625,1149.6031494140625,1167.6788330078125,1205.044677734375,1221.54833984375,1276.1151123046875,1422.6798095703125,1507.4844970703125
SUV-B,2,2022-11-30,2,2023-01-31,DeepAR,1277.9,593.13427734375,681.6134643554688,764.3139038085938,846.4481201171875,894.1705322265625,954.0559692382812,990.0501708984375,1005.1314086914062,1045.982666015625,1072.372314453125,1084.626708984375,1103.8980712890625,1145.7830810546875,1179.0443115234375,1195.487548828125,1257.40673828125,1299.8939208984375,1377.029296875,1599.5032958984375
SUV-B,2,2022-11-30,3,2023-02-28,DeepAR,1605.0,507.14764404296875,672.533203125,805.9669189453125,863.2706298828125,880.4044189453125,926.4683227539062,956.8522338867188,1000.5576782226562,1049.0859375,1102.2362060546875,1110.832763671875,1120.604248046875,1144.5550537109375,1190.5303955078125,1231.64599609375,1241.11669921875,1282.446044921875,1321.464111328125,1355.1552734375
SUV-B,2,2022-11-30,4,2023-03-31,DeepAR,1247.8,631.0963745117188,773.3529663085938,826.6245727539062,845.1209106445312,895.7200317382812,938.8358764648438,963.53466796875,974.4427490234375,1001.2922973632812,1038.3082275390625,1055.0584716796875,1099.565673828125,1132.468505859375,1160.660400390625,1183.6455078125,1214.4359130859375,1246.4527587890625,1306.5322265625,1330.738037109375
SUV-B,2,2022-11-30,5,2023-04-30,DeepAR,1479.1,482.8524169921875,586.2275390625,735.8583984375,823.62451171875,849.9986572265625,905.4630737304688,960.5687255859375,988.4180297851562,1009.2432250976562,1036.113037109375,1065.064697265625,1091.1385498046875,1144.591552734375,1170.837646484375,1200.2664794921875,1235.0245361328125,1269.5936279296875,1360.5709228515625,1504.5791015625
SUV-B,2,2022-11-30,6,2023-05-31,DeepAR,1401.6,588.771728515625,684.37744140625,814.0735473632812,868.014892578125,927.1366577148438,972.2538452148438,1000.9720458984375,1029.251708984375,1063.3409423828125,1072.02783203125,1079.2052001953125,1110.078125,1163.3272705078125,1182.4078369140625,1213.0733642578125,1232.2391357421875,1275.2713623046875,1380.3935546875,1586.6148681640625
SUV-B,2,2022-11-30,7,2023-06-30,DeepAR,995.1,510.5436706542969,674.2427368164062,784.53271484375,859.630859375,930.4239501953125,952.938232421875,991.8196411132812,1011.3319702148438,1047.4515380859375,1079.1673583984375,1109.143798828125,1151.95654296875,1167.194091796875,1191.3199462890625,1235.736083984375,1277.98974609375,1339.740478515625,1431.2703857421875,1623.998046875
SUV-B,2,2022-11-30,8,2023-07-31,DeepAR,643.4,498.7845153808594,615.5952758789062,780.6129150390625,867.8800048828125,899.8676147460938,936.3717041015625,961.2411499023438,994.51611328125,1004.9155883789062,1032.5733642578125,1070.6390380859375,1113.6580810546875,1145.3060302734375,1193.0174560546875,1249.2991943359375,1292.266845703125,1364.536376953125,1390.2501220703125,1532.9510498046875
SUV-B,2,2022-11-30,9,2023-08-31,DeepAR,1369.9,212.3772430419922,629.7608032226562,774.7648315429688,893.4796142578125,920.0655517578125,969.0330200195312,1038.778564453125,1065.5799560546875,1075.0958251953125,1114.585205078125,1141.2442626953125,1168.6434326171875,1220.5635986328125,1257.2158203125,1290.279052734375,1329.384765625,1353.0887451171875,1448.6165771484375,1604.3948974609375
SUV-B,2,2022-11-30,10,2023-09-30,DeepAR,1082.5,469.0293884277344,649.5283813476562,752.8580932617188,851.7489624023438,906.8566284179688,936.4028930664062,953.3707275390625,983.175048828125,998.5192260742188,1019.3200073242188,1038.5389404296875,1052.5531005859375,1093.2279052734375,1146.2335205078125,1188.0634765625,1220.107666015625,1236.44189453125,1312.612548828125,1406.69091796875
SUV-B,2,2022-11-30,11,2023-10-31,DeepAR,687.3,674.722412109375,726.922607421875,791.1044921875,835.7867431640625,871.2333984375,894.6515502929688,921.482177734375,954.62060546875,986.4633178710938,1019.3403930664062,1061.395263671875,1075.1826171875,1118.7401123046875,1139.7734375,1171.5069580078125,1199.6204833984375,1295.7265625,1363.9326171875,1519.02978515625
SUV-B,2,2022-11-30,12,2023-11-30,DeepAR,936.1,613.6932373046875,707.3980712890625,758.1441650390625,846.3583984375,912.97998046875,965.02001953125,988.744140625,1015.8778686523438,1038.3424072265625,1082.126953125,1095.2603759765625,1113.7196044921875,1135.8763427734375,1165.4176025390625,1223.2999267578125,1275.5098876953125,1317.5223388671875,1373.5068359375,1515.145263671875
SUV-B,3,2023-02-28,1,2023-03-31,SeasonalNaive,1247.8,407.89999999999986,634.14,689.5899999999999,758.3599999999999,793.7999999999998,852.0099999999999,897.81,954.4399999999999,978.8749999999999,1093.3999999999999,1137.5549999999998,1165.62,1235.09,1296.1699999999998,1423.05,1433.06,1517.2099999999998,1541.1899999999998,1662.4999999999993
SUV-B,3,2023-02-28,2,2023-04-30,SeasonalNaive,1479.1,639.5,865.7400000000001,921.19,989.96,1025.4,1083.6100000000001,1129.41,1186.04,1210.475,1325.0,1369.155,1397.22,1466.69,1527.77,1654.65,1664.66,1748.81,1772.79,1894.0999999999995
SUV-B,3,2023-02-28,3,2023-05-31,SeasonalNaive,1401.6,843.0999999999999,1069.3400000000001,1124.79,1193.56,1229.0,1287.21,1333.01,1389.6399999999999,1414.0749999999998,1528.6,1572.7549999999999,1600.82,1670.29,1731.37,1858.25,1868.26,1952.4099999999999,1976.3899999999999,2097.6999999999994
SUV-B,3,2023-02-28,4,2023-06-30,SeasonalNaive,995.1,786.5,1012.7400000000001,1068.19,1136.96,1172.4,1230.6100000000001,1276.41,1333.04,1357.475,1472.0,1516.155,1544.22,1613.69,1674.77,1801.65,1811.66,1895.81,1919.79,2041.0999999999995
SUV-B,3,2023-02-28,5,2023-07-31,SeasonalNaive,643.4,388.9,615.1400000000001,670.59,739.36,774.8,833.01,878.8100000000002,935.44,959.875,1074.4,1118.5549999999998,1146.62,1216.0900000000001,1277.17,1404.0500000000002,1414.0600000000002,1498.21,1522.19,1643.4999999999995
SUV-B,3,2023-02-28,6,2023-08-31,SeasonalNaive,1369.9,283.69999999999993,509.94000000000005,565.39,634.16,669.5999999999999,727.81,773.6100000000001,830.24,854.675,969.1999999999999,1013.3549999999999,1041.4199999999998,1110.89,1171.9699999999998,1298.85,1308.8600000000001,1393.0099999999998,1416.99,1538.2999999999993
SUV-B,3,2023-02-28,7,2023-09-30,SeasonalNaive,1082.5,326.5999999999999,552.84,608.29,677.06,712.4999999999999,770.7099999999999,816.51,873.14,897.5749999999999,1012.0999999999999,1056.2549999999999,1084.32,1153.79,1214.87,1341.75,1351.76,1435.9099999999999,1459.8899999999999,1581.1999999999994
SUV-B,3,2023-02-28,8,2023-10-31,SeasonalNaive,687.3,615.2,841.4400000000002,896.8900000000001,965.6600000000001,1001.1,1059.3100000000002,1105.1100000000001,1161.74,1186.175,1300.7,1344.855,1372.92,1442.39,1503.47,1630.3500000000001,1640.3600000000001,1724.51,1748.49,1869.7999999999995
SUV-B,3,2023-02-28,9,2023-11-30,SeasonalNaive,936.1,558.5,784.7400000000001,840.19,908.96,944.4,1002.61,1048.41,1105.04,1129.475,1244.0,1288.155,1316.22,1385.69,1446.77,1573.65,1583.66,1667.81,1691.79,1813.0999999999995
SUV-B,3,2023-02-28,10,2023-12-31,SeasonalNaive,1323.0,698.3,924.5400000000001,979.99,1048.76,1084.2,1142.41,1188.21,1244.84,1269.2749999999999,1383.8,1427.955,1456.02,1525.49,1586.57,1713.45,1723.46,1807.61,1831.59,1952.8999999999994
SUV-B,3,2023-02-28,11,2024-01-31,SeasonalNaive,1205.4,653.2,879.4400000000002,934.8900000000001,1003.6600000000001,1039.1000000000001,1097.3100000000002,1143.1100000000001,1199.74,1224.175,1338.7,1382.855,1410.92,1480.39,1541.47,1668.3500000000001,1678.3600000000001,1762.51,1786.49,1907.7999999999995
SUV-B,3,2023-02-28,12,2024-02-29,SeasonalNaive,1143.5,980.3,1206.54,1261.99,1330.76,1366.2,1424.41,1470.21,1526.84,1551.2749999999999,1665.8,1709.955,1738.02,1807.49,1868.57,1995.45,2005.46,2089.6099999999997,2113.59,2234.8999999999996
SUV-B,3,2023-02-28,1,2023-03-31,DeepAR,1247.8,607.6063232421875,731.1395874023438,832.4028930664062,915.7975463867188,967.4874267578125,1001.2376098632812,1019.4818725585938,1053.83740234375,1078.9847412109375,1092.9510498046875,1118.3563232421875,1157.3465576171875,1172.6705322265625,1191.2581787109375,1229.89599609375,1246.37255859375,1302.234619140625,1452.773193359375,1539.14990234375
SUV-B,3,2023-02-28,2,2023-04-30,DeepAR,1479.1,608.4701538085938,699.0895385742188,783.1766357421875,868.1159057617188,917.0054931640625,978.0313110351562,1014.9349365234375,1030.5181884765625,1072.26806640625,1099.2529296875,1111.7366943359375,1131.46435546875,1174.401123046875,1208.4891357421875,1225.36328125,1288.800048828125,1332.019775390625,1411.9718017578125,1639.8472900390625
SUV-B,3,2023-02-28,3,2023-05-31,DeepAR,1401.6,526.2792358398438,695.88037109375,832.8047485351562,891.0980834960938,909.0780639648438,955.8506469726562,986.9151611328125,1031.6934814453125,1081.258056640625,1135.551025390625,1144.3001708984375,1154.1357421875,1178.5999755859375,1225.6712646484375,1267.758544921875,1277.43896484375,1319.795166015625,1359.761962890625,1394.1185302734375
SUV-B,3,2023-02-28,4,2023-06-30,DeepAR,995.1,654.4719848632812,799.9329223632812,854.5828857421875,873.0289916992188,925.06689453125,969.23583984375,994.5171508789062,1005.8194580078125,1033.225341796875,1071.085693359375,1088.1842041015625,1133.7127685546875,1167.3670654296875,1196.1380615234375,1219.7332763671875,1251.199462890625,1283.8702392578125,1345.59423828125,1370.46630859375
SUV-B,3,2023-02-28,5,2023-07-31,DeepAR,643.4,505.5906982421875,611.0686645507812,763.7249145507812,852.8435668945312,880.1723022460938,936.945068359375,993.3363647460938,1021.5444946289062,1042.94873046875,1070.300048828125,1099.65966796875,1126.45703125,1180.86572265625,1207.6624755859375,1237.662109375,1273.098876953125,1308.2845458984375,1401.6767578125,1548.3271484375
SUV-B,3,2023-02-28,6,2023-08-31,DeepAR,1369.9,611.4286499023438,708.8566284179688,841.0348510742188,896.0799560546875,956.0112915039062,1001.3833618164062,1031.2314453125,1060.002197265625,1094.85107421875,1103.49658203125,1110.947265625,1142.182373046875,1196.564453125,1215.871826171875,1247.380859375,1266.8599853515625,1310.7572021484375,1417.7203369140625,1628.2752685546875
SUV-B,3,2023-02-28,7,2023-09-30,DeepAR,1082.5,532.4603271484375,698.9760131835938,811.0569458007812,887.5482788085938,959.5217895507812,982.4614868164062,1021.7012939453125,1041.97998046875,1078.6087646484375,1110.8924560546875,1141.1221923828125,1184.9671630859375,1200.25634765625,1224.941650390625,1269.9912109375,1313.090087890625,1375.792236328125,1469.1507568359375,1665.302734375
SUV-B,3,2023-02-28,8,2023-10-31,DeepAR,687.3,519.7392578125,639.7518310546875,807.791015625,896.5856323242188,928.92822265625,966.4464111328125,991.5087280273438,1025.5205078125,1035.9879150390625,1063.744384765625,1102.73046875,1146.8681640625,1178.8907470703125,1227.6346435546875,1285.03125,1328.7099609375,1402.54931640625,1428.275390625,1573.847900390625
SUV-B,3,2023-02-28,9,2023-11-30,DeepAR,936.1,225.82945251464844,652.6298217773438,801.410888671875,921.8424682617188,948.9506225585938,999.0708618164062,1070.0546875,1097.46826171875,1107.2244873046875,1147.148193359375,1174.6292724609375,1202.1929931640625,1255.470947265625,1292.752685546875,1326.3363037109375,1365.7608642578125,1390.29638671875,1487.726318359375,1647.894775390625
SUV-B,3,2023-02-28,10,2023-12-31,DeepAR,1323.0,489.0394592285156,674.001708984375,779.2042846679688,879.844482421875,935.6268920898438,965.9622192382812,983.5319213867188,1013.5653076171875,1029.34912109375,1050.7880859375,1070.48388671875,1084.5760498046875,1126.2725830078125,1180.15625,1222.822021484375,1255.35546875,1272.3414306640625,1349.8994140625,1445.8299560546875
SUV-B,3,2023-02-28,11,2024-01-31,DeepAR,1205.4,694.8605346679688,747.2984008789062,812.6326293945312,858.4197387695312,894.5523681640625,918.5950927734375,945.4979858398438,979.8399658203125,1012.01025390625,1045.3509521484375,1087.9891357421875,1102.2412109375,1146.80419921875,1168.3067626953125,1200.1351318359375,1229.449951171875,1327.1319580078125,1396.781494140625,1554.4439697265625
SUV-B,3,2023-02-28,12,2024-02-29,DeepAR,1143.5,626.5343017578125,723.304443359375,774.4535522460938,864.7846069335938,933.1197509765625,985.7868041992188,1010.0045166015625,1038.0841064453125,1061.372802734375,1105.365966796875,1119.8408203125,1138.6082763671875,1161.7667236328125,1191.1221923828125,1250.19921875,1303.589111328125,1346.58154296875,1404.2032470703125,1549.6986083984375
SUV-B,4,2023-05-31,1,2023-06-30,SeasonalNaive,995.1,788.0,1031.14,1077.82,1149.4,1197.6,1247.26,1289.24,1344.96,1376.2,1500.5,1522.02,1572.42,1623.66,1643.48,1796.4,1808.3600000000001,1871.7799999999997,1918.88,2011.9999999999995
SUV-B,4,2023-05-31,2,2023-07-31,SeasonalNaive,643.4,390.4,633.54,680.2199999999999,751.8,800.0,849.6600000000001,891.64,947.36,978.6,1102.9,1124.4199999999998,1174.82,1226.06,1245.88,1398.8000000000002,1410.7600000000002,1474.1799999999998,1521.28,1614.3999999999996
SUV-B,4,2023-05-31,3,2023-08-31,SeasonalNaive,1369.9,285.19999999999993,528.3399999999999,575.0199999999999,646.5999999999999,694.8,744.46,786.4399999999999,842.16,873.4,997.6999999999999,1019.2199999999998,1069.62,1120.86,1140.6799999999998,1293.6,1305.56,1368.9799999999998,1416.08,1509.1999999999996
SUV-B,4,2023-05-31,4,2023-09-30,SeasonalNaive,1082.5,328.0999999999999,571.24,617.9199999999998,689.5,737.6999999999999,787.3599999999999,829.3399999999999,885.06,916.3,1040.6,1062.12,1112.52,1163.76,1183.58,1336.5,1348.46,1411.8799999999997,1458.98,1552.0999999999995
SUV-B,4,2023-05-31,5,2023-10-31,SeasonalNaive,687.3,616.7,859.8400000000001,906.52,978.1000000000001,1026.3000000000002,1075.96,1117.94,1173.66,1204.9,1329.2,1350.72,1401.1200000000001,1452.3600000000001,1472.18,1625.1000000000001,1637.0600000000002,1700.4799999999998,1747.58,1840.6999999999998
SUV-B,4,2023-05-31,6,2023-11-30,SeasonalNaive,936.1,560.0,803.1400000000001,849.8199999999999,921.4000000000001,969.6,1019.26,1061.24,1116.96,1148.2,1272.5,1294.02,1344.42,1395.66,1415.48,1568.4,1580.3600000000001,1643.7799999999997,1690.88,1783.9999999999995
SUV-B,4,2023-05-31,7,2023-12-31,SeasonalNaive,1323.0,699.8,942.94,989.6199999999999,1061.2,1109.4,1159.06,1201.04,1256.76,1288.0,1412.3,1433.82,1484.22,1535.46,1555.28,1708.2,1720.16,1783.5799999999997,1830.6799999999998,1923.7999999999997
SUV-B,4,2023-05-31,8,2024-01-31,SeasonalNaive,1205.4,654.7,897.8400000000001,944.52,1016.1000000000001,1064.3000000000002,1113.96,1155.94,1211.66,1242.9,1367.2,1388.72,1439.1200000000001,1490.3600000000001,1510.18,1663.1000000000001,1675.0600000000002,1738.4799999999998,1785.58,1878.6999999999998
SUV-B,4,2023-05-31,9,2024-02-29,SeasonalNaive,1143.5,981.8,1224.94,1271.62,1343.2,1391.4,1441.06,1483.04,1538.76,1570.0,1694.3,1715.82,1766.22,1817.46,1837.28,1990.2,2002.16,2065.58,2112.68,2205.7999999999997
SUV-B,4,2023-05-31,10,2024-03-31,SeasonalNaive,1496.0,624.5999999999999,867.74,914.4199999999998,986.0,1034.1999999999998,1083.86,1125.84,1181.56,1212.8,1337.1,1358.62,1409.02,1460.26,1480.08,1633.0,1644.96,1708.3799999999997,1755.48,1848.5999999999995
SUV-B,4,2023-05-31,11,2024-04-30,SeasonalNaive,935.9,855.8999999999999,1099.04,1145.7199999999998,1217.3,1265.5,1315.1599999999999,1357.1399999999999,1412.86,1444.1,1568.3999999999999,1589.9199999999998,1640.32,1691.56,1711.3799999999999,1864.3,1876.26,1939.6799999999996,1986.7799999999997,2079.8999999999996
SUV-B,4,2023-05-31,12,2024-05-31,SeasonalNaive,1042.0,778.3999999999999,1021.54,1068.2199999999998,1139.8,1188.0,1237.6599999999999,1279.6399999999999,1335.36,1366.6,1490.8999999999999,1512.4199999999998,1562.82,1614.06,1633.8799999999999,1786.8,1798.76,1862.1799999999996,1909.2799999999997,2002.3999999999996
SUV-B,4,2023-05-31,1,2023-06-30,DeepAR,995.1,674.6014404296875,806.3870849609375,914.42578125,1003.396484375,1058.54296875,1094.5482177734375,1114.0135498046875,1150.664794921875,1177.4942626953125,1192.3944091796875,1219.498046875,1261.0947265625,1277.44287109375,1297.274169921875,1338.500244140625,1356.072509765625,1415.6688232421875,1576.2774658203125,1668.4224853515625
SUV-B,4,2023-05-31,2,2023-07-31,DeepAR,643.4,679.9489135742188,776.1666259765625,865.9406127929688,955.9550170898438,1007.9385986328125,1072.950927734375,1112.2100830078125,1128.6177978515625,1173.0079345703125,1201.6776123046875,1214.9024658203125,1235.8443603515625,1281.61181640625,1317.9017333984375,1335.86328125,1403.2386474609375,1449.31640625,1534.0701904296875,1776.301513671875
SUV-B,4,2023-05-31,3,2023-08-31,DeepAR,1369.9,590.3587646484375,770.08544921875,915.260986328125,977.2728271484375,996.3284301757812,1046.071044921875,1079.1138916015625,1126.204345703125,1178.8570556640625,1236.6356201171875,1245.91064453125,1256.3984375,1282.294677734375,1332.117431640625,1377.0029296875,1387.101806640625,1432.259033203125,1474.2646484375,1510.951416015625
SUV-B,4,2023-05-31,4,2023-09-30,DeepAR,1082.5,728.5892333984375,882.851318359375,940.7241821289062,960.2415771484375,1015.0277709960938,1061.9945068359375,1088.853515625,1100.7655029296875,1129.865234375,1170.0687255859375,1187.961181640625,1236.38671875,1271.75439453125,1302.016845703125,1327.490478515625,1360.8203125,1395.3203125,1460.979248046875,1487.0384521484375
SUV-B,4,2023-05-31,5,2023-10-31,DeepAR,687.3,569.1932983398438,681.4002075195312,843.6356811523438,937.3710327148438,966.3312377929688,1026.2978515625,1086.3173828125,1116.1324462890625,1139.0526123046875,1167.97998046875,1198.9244384765625,1227.4053955078125,1285.1800537109375,1313.597412109375,1345.3643798828125,1382.962158203125,1420.3990478515625,1519.1229248046875,1674.9525146484375
SUV-B,4,2023-05-31,6,2023-11-30,DeepAR,936.1,681.1051025390625,784.5562744140625,924.9002075195312,983.9727172851562,1047.084228515625,1095.18212890625,1126.414794921875,1157.549072265625,1194.474365234375,1203.62646484375,1211.66552734375,1244.4151611328125,1302.3863525390625,1323.032958984375,1356.521728515625,1376.9259033203125,1423.7518310546875,1537.2969970703125,1760.7001953125
SUV-B,4,2023-05-31,7,2023-12-31,DeepAR,1323.0,596.259765625,773.6265258789062,892.6637573242188,973.7318725585938,1050.298583984375,1074.6761474609375,1116.18408203125,1137.783447265625,1176.741455078125,1211.000244140625,1243.416748046875,1289.807861328125,1305.9630126953125,1332.024658203125,1380.0498046875,1425.9166259765625,1492.4781494140625,1592.1064453125,1799.938720703125
SUV-B,4,2023-05-31,8,2024-01-31,DeepAR,1205.4,579.8994140625,707.0037231445312,885.7122192382812,979.3966064453125,1014.1825561523438,1053.9527587890625,1080.8468017578125,1117.136474609375,1127.493896484375,1157.8385009765625,1198.750244140625,1245.6953125,1279.6153564453125,1331.4605712890625,1392.152099609375,1438.9779052734375,1517.0921630859375,1544.6552734375,1698.95751953125
SUV-B,4,2023-05-31,9,2024-02-29,DeepAR,1143.5,262.7685546875,717.2747802734375,875.2482299804688,1003.3910522460938,1032.22412109375,1085.486083984375,1161.5301513671875,1190.7210693359375,1201.0418701171875,1243.314453125,1272.692138671875,1301.93408203125,1358.6351318359375,1398.3638916015625,1434.32177734375,1476.9710693359375,1502.5980224609375,1606.2415771484375,1776.4276123046875
SUV-B,4,2023-05-31,10,2024-03-31,DeepAR,1496.0,539.8829956054688,736.4208374023438,848.7283935546875,956.201904296875,1015.427734375,1047.049072265625,1065.7816162109375,1097.498046875,1114.425048828125,1137.5985107421875,1158.3507080078125,1173.2664794921875,1217.6383056640625,1275.24853515625,1320.58154296875,1355.3646240234375,1373.3828125,1455.7259521484375,1557.8214111328125
SUV-B,4,2023-05-31,11,2024-04-30,DeepAR,935.9,765.1893920898438,820.6170654296875,889.106689453125,938.6016845703125,976.8164672851562,1002.1160888671875,1030.78369140625,1067.1971435546875,1101.0775146484375,1136.8212890625,1181.580810546875,1197.35009765625,1244.7811279296875,1267.25048828125,1301.9842529296875,1332.4302978515625,1436.5281982421875,1510.451171875,1677.9716796875
SUV-B,4,2023-05-31,12,2024-05-31,DeepAR,1042.0,699.8103637695312,801.8584594726562,855.5560913085938,951.5230102539062,1023.1726684570312,1078.632568359375,1104.0301513671875,1134.0726318359375,1159.461181640625,1205.15087890625,1221.5950927734375,1240.7637939453125,1265.175537109375,1297.0987548828125,1359.272216796875,1415.3233642578125,1461.6119384765625,1521.938720703125,1676.048583984375
SUV-B,5,2023-08-31,1,2023-09-30,SeasonalNaive,1082.5,329.5999999999999,550.65,594.05,656.9,703.2249999999999,769.65,817.25,884.8999999999999,892.6999999999998,1012.0999999999999,1058.725,1102.5,1163.1499999999999,1187.4,1338.25,1350.7,1409.9,1458.8,1522.9999999999998
SUV-B,5,2023-08-31,2,2023-10-31,SeasonalNaive,687.3,618.2,839.2500000000001,882.6500000000001,945.5000000000001,991.825,1058.25,1105.8500000000001,1173.5,1181.3,1300.7,1347.325,1391.1000000000001,1451.75,1476.0,1626.8500000000001,1639.3000000000002,1698.5000000000002,1747.4,1811.6
SUV-B,5,2023-08-31,3,2023-11-30,SeasonalNaive,936.1,561.5,782.5500000000001,825.95,888.8000000000001,935.125,1001.5500000000001,1049.15,1116.8,1124.6,1244.0,1290.625,1334.4,1395.05,1419.3000000000002,1570.15,1582.6000000000001,1641.8000000000002,1690.7,1754.8999999999999
SUV-B,5,2023-08-31,4,2023-12-31,SeasonalNaive,1323.0,701.3,922.35,965.75,1028.6,1074.925,1141.35,1188.95,1256.6,1264.3999999999999,1383.8,1430.425,1474.2,1534.85,1559.1,1709.95,1722.4,1781.6000000000001,1830.5,1894.6999999999998
SUV-B,5,2023-08-31,5,2024-01-31,SeasonalNaive,1205.4,656.2,877.2500000000001,920.6500000000001,983.5000000000001,1029.825,1096.25,1143.8500000000001,1211.5,1219.3,1338.7,1385.325,1429.1000000000001,1489.75,1514.0,1664.8500000000001,1677.3000000000002,1736.5000000000002,1785.4,1849.6
SUV-B,5,2023-08-31,6,2024-02-29,SeasonalNaive,1143.5,983.3,1204.35,1247.75,1310.6,1356.925,1423.35,1470.95,1538.6,1546.3999999999999,1665.8,1712.425,1756.2,1816.85,1841.1,1991.95,2004.4,2063.6,2112.5,2176.7
SUV-B,5,2023-08-31,7,2024-03-31,SeasonalNaive,1496.0,626.0999999999999,847.15,890.55,953.4,999.7249999999999,1066.15,1113.75,1181.3999999999999,1189.1999999999998,1308.6,1355.225,1399.0,1459.6499999999999,1483.9,1634.75,1647.2,1706.4,1755.3,1819.4999999999998
SUV-B,5,2023-08-31,8,2024-04-30,SeasonalNaive,935.9,857.3999999999999,1078.4499999999998,1121.85,1184.6999999999998,1231.0249999999999,1297.4499999999998,1345.05,1412.6999999999998,1420.4999999999998,1539.8999999999999,1586.5249999999999,1630.3,1690.9499999999998,1715.1999999999998,1866.05,1878.5,1937.7,1986.6,2050.7999999999997
SUV-B,5,2023-08-31,9,2024-05-31,SeasonalNaive,1042.0,779.8999999999999,1000.9499999999999,1044.35,1107.1999999999998,1153.5249999999999,1219.9499999999998,1267.55,1335.1999999999998,1342.9999999999998,1462.3999999999999,1509.0249999999999,1552.8,1613.4499999999998,1637.6999999999998,1788.55,1801.0,1860.2,1909.1,1973.2999999999997
SUV-B,5,2023-08-31,10,2024-06-30,SeasonalNaive,1122.8,373.4,594.45,637.85,700.7,747.025,813.45,861.0500000000002,928.6999999999999,936.5,1055.9,1102.5249999999999,1146.3000000000002,1206.9499999999998,1231.2,1382.0500000000002,1394.5,1453.7,1502.6,1566.7999999999997
SUV-B,5,2023-08-31,11,2024-07-31,SeasonalNaive,1191.9,21.699999999999932,242.75,286.15,349.0,395.32499999999993,461.75,509.3500000000001,576.9999999999999,584.8,704.1999999999999,750.8249999999998,794.6,855.2499999999999,879.5,1030.35,1042.8000000000002,1102.0,1150.9,1215.1
SUV-B,5,2023-08-31,12,2024-08-31,SeasonalNaive,1117.2,748.2,969.2500000000001,1012.6500000000001,1075.5,1121.825,1188.25,1235.8500000000001,1303.5,1311.3,1430.7,1477.325,1521.1000000000001,1581.75,1606.0,1756.8500000000001,1769.3000000000002,1828.5000000000002,1877.4,1941.6
SUV-B,5,2023-08-31,1,2023-09-30,DeepAR,1082.5,677.4473266601562,812.5411987304688,923.4268188476562,1014.697265625,1071.2720947265625,1108.188232421875,1128.1717529296875,1165.751953125,1193.2830810546875,1208.5672607421875,1236.3656005859375,1279.031494140625,1295.794921875,1316.1494140625,1358.5006103515625,1376.4503173828125,1437.57568359375,1602.3916015625,1696.82373046875
SUV-B,5,2023-08-31,2,2023-10-31,DeepAR,687.3,684.6703491210938,783.4383544921875,875.2760009765625,967.7958984375,1021.115478515625,1087.7225341796875,1127.984619140625,1144.8978271484375,1190.425048828125,1219.839111328125,1233.4210205078125,1254.9146728515625,1301.8138427734375,1339.0223388671875,1357.4417724609375,1426.5831298828125,1473.7802734375,1560.8966064453125,1809.3536376953125
SUV-B,5,2023-08-31,3,2023-11-30,DeepAR,936.1,596.4129028320312,780.7528076171875,929.585693359375,992.9884643554688,1012.7464599609375,1063.6298828125,1097.5286865234375,1145.9495849609375,1199.8746337890625,1259.01806640625,1268.520751953125,1279.13525390625,1305.7347412109375,1356.8021240234375,1402.9442138671875,1413.28271484375,1459.6268310546875,1502.7144775390625,1540.2603759765625
SUV-B,5,2023-08-31,4,2023-12-31,DeepAR,1323.0,734.078857421875,892.282470703125,951.6754150390625,971.7035522460938,1027.7685546875,1076.0087890625,1103.604736328125,1115.7801513671875,1145.60693359375,1186.8021240234375,1205.16943359375,1254.8582763671875,1291.0767822265625,1322.074462890625,1348.234619140625,1382.5145263671875,1417.826416015625,1485.2476806640625,1511.91259765625
SUV-B,5,2023-08-31,5,2024-01-31,DeepAR,1205.4,563.9603881835938,679.3515625,846.2791137695312,942.0863647460938,971.9115600585938,1033.45947265625,1095.120361328125,1125.617431640625,1149.519775390625,1179.1607666015625,1210.9688720703125,1240.0374755859375,1299.367431640625,1328.7320556640625,1361.1707763671875,1399.974365234375,1438.313720703125,1539.6712646484375,1699.951904296875
SUV-B,5,2023-08-31,6,2024-02-29,DeepAR,1143.5,672.4075927734375,779.1123046875,923.7730102539062,984.4598999023438,1049.5233154296875,1098.6787109375,1130.5543212890625,1163.2540283203125,1201.5303955078125,1210.7947998046875,1219.2979736328125,1252.8424072265625,1312.8262939453125,1333.75830078125,1368.6138916015625,1389.6287841796875,1437.7535400390625,1554.6187744140625,1785.3746337890625
SUV-B,5,2023-08-31,7,2024-03-31,DeepAR,1496.0,583.6934204101562,766.9577026367188,889.2045288085938,972.88427734375,1051.687255859375,1076.6173095703125,1119.038818359375,1141.722900390625,1181.8515625,1216.887451171875,1250.0496826171875,1298.3338623046875,1314.898681640625,1341.14599609375,1391.0528564453125,1438.5035400390625,1507.0018310546875,1609.7911376953125,1823.9696044921875
SUV-B,5,2023-08-31,8,2024-04-30,DeepAR,935.9,572.2618408203125,703.504150390625,886.9449462890625,983.6129760742188,1019.2132568359375,1060.5091552734375,1088.004638671875,1125.3507080078125,1135.6339111328125,1167.2744140625,1208.962158203125,1257.6573486328125,1292.31591796875,1345.7520751953125,1408.02001953125,1456.95458984375,1536.7752685546875,1564.3824462890625,1723.8984375
SUV-B,5,2023-08-31,9,2024-05-31,DeepAR,1042.0,253.50636291503906,719.5303344726562,882.1549072265625,1013.2404174804688,1042.4075927734375,1097.3919677734375,1176.3203125,1206.201416015625,1215.854736328125,1259.1434326171875,1289.9156494140625,1319.1014404296875,1377.671875,1418.185302734375,1455.359375,1499.2767333984375,1525.5301513671875,1631.864990234375,1806.0350341796875
SUV-B,5,2023-08-31,10,2024-06-30,DeepAR,1122.8,536.4412841796875,739.2740478515625,855.1692504882812,965.2371215820312,1026.4542236328125,1058.3118896484375,1077.400390625,1109.510009765625,1127.47216796875,1152.3594970703125,1172.6114501953125,1188.0380859375,1233.2972412109375,1293.4501953125,1339.2728271484375,1375.6529541015625,1393.88671875,1478.4530029296875,1583.0126953125
SUV-B,5,2023-08-31,11,2024-07-31,DeepAR,1191.9,767.8258666992188,825.0233764648438,895.679931640625,946.4940795898438,985.6932373046875,1011.0215454101562,1041.50732421875,1078.4127197265625,1113.0634765625,1150.2734375,1196.275146484375,1212.311279296875,1261.1209716796875,1283.88720703125,1320.620361328125,1350.4398193359375,1457.7410888671875,1533.861328125,1705.734619140625
SUV-B,5,2023-08-31,12,2024-08-31,DeepAR,1117.2,697.2877807617188,801.9937744140625,857.8407592773438,956.50830078125,1030.8048095703125,1087.931396484375,1114.45556640625,1145.2957763671875,1170.9326171875,1219.4515380859375,1235.017333984375,1255.419677734375,1280.2044677734375,1313.6695556640625,1377.50830078125,1435.1998291015625,1482.7510986328125,1545.0269775390625,1704.3587646484375
SUV-B,6,2023-11-30,1,2023-12-31,SeasonalNaive,1323.0,702.8,886.5600000000001,960.29,1014.72,1074.05,1121.12,1174.5,1233.0800000000002,1258.68,1355.3,1427.9099999999999,1452.14,1525.28,1539.28,1657.15,1719.0400000000002,1776.38,1830.3200000000002,1865.5999999999988
SUV-B,6,2023-11-30,2,2024-01-31,SeasonalNaive,1205.4,657.7,841.4600000000002,915.19,969.6200000000001,1028.95,1076.02,1129.4,1187.9800000000002,1213.5800000000002,1310.2,1382.81,1407.0400000000002,1480.18,1494.18,1612.0500000000002,1673.9400000000003,1731.2800000000002,1785.2200000000003,1820.4999999999989
SUV-B,6,2023-11-30,3,2024-02-29,SeasonalNaive,1143.5,984.8,1168.56,1242.29,1296.72,1356.05,1403.12,1456.5,1515.0800000000002,1540.68,1637.3,1709.9099999999999,1734.14,1807.28,1821.28,1939.15,2001.0400000000002,2058.38,2112.32,2147.5999999999985
SUV-B,6,2023-11-30,4,2024-03-31,SeasonalNaive,1496.0,627.5999999999999,811.36,885.0899999999999,939.52,998.8499999999999,1045.9199999999998,1099.3,1157.88,1183.48,1280.1,1352.7099999999998,1376.94,1450.08,1464.08,1581.9499999999998,1643.8400000000001,1701.1799999999998,1755.12,1790.3999999999987
SUV-B,6,2023-11-30,5,2024-04-30,SeasonalNaive,935.9,858.8999999999999,1042.6599999999999,1116.3899999999999,1170.82,1230.1499999999999,1277.2199999999998,1330.6,1389.18,1414.78,1511.3999999999999,1584.0099999999998,1608.24,1681.3799999999999,1695.3799999999999,1813.25,1875.14,1932.48,1986.42,2021.6999999999987
SUV-B,6,2023-11-30,6,2024-05-31,SeasonalNaive,1042.0,781.3999999999999,965.16,1038.8899999999999,1093.32,1152.6499999999999,1199.7199999999998,1253.1,1311.68,1337.28,1433.8999999999999,1506.5099999999998,1530.74,1603.8799999999999,1617.8799999999999,1735.75,1797.64,1854.98,1908.92,1944.1999999999987
SUV-B,6,2023-11-30,7,2024-06-30,SeasonalNaive,1122.8,374.9,558.6600000000001,632.39,686.82,746.1500000000001,793.22,846.6,905.1800000000001,930.78,1027.4,1100.01,1124.24,1197.38,1211.38,1329.25,1391.14,1448.48,1502.42,1537.699999999999
SUV-B,6,2023-11-30,8,2024-07-31,SeasonalNaive,1191.9,23.199999999999932,206.96000000000004,280.68999999999994,335.12,394.45,441.52,494.9,553.48,579.0799999999999,675.6999999999999,748.31,772.54,845.6800000000001,859.68,977.55,1039.44,1096.78,1150.72,1185.9999999999986
SUV-B,6,2023-11-30,9,2024-08-31,SeasonalNaive,1117.2,749.7,933.4600000000002,1007.19,1061.6200000000001,1120.95,1168.02,1221.4,1279.9800000000002,1305.5800000000002,1402.2,1474.81,1499.0400000000002,1572.18,1586.18,1704.0500000000002,1765.9400000000003,1823.2800000000002,1877.2200000000003,1912.4999999999989
SUV-B,6,2023-11-30,10,2024-09-30,SeasonalNaive,1293.3,462.29999999999995,646.0600000000001,719.79,774.22,833.55,880.62,934.0,992.5800000000002,1018.18,1114.8,1187.4099999999999,1211.64,1284.78,1298.78,1416.65,1478.5400000000002,1535.88,1589.8200000000002,1625.0999999999988
SUV-B,6,2023-11-30,11,2024-10-31,SeasonalNaive,1098.2,67.09999999999991,250.86,324.5899999999999,379.02,438.34999999999997,485.41999999999996,538.8,597.3800000000001,622.9799999999999,719.5999999999999,792.2099999999998,816.4399999999999,889.5799999999999,903.5799999999999,1021.4499999999999,1083.3400000000001,1140.6799999999998,1194.62,1229.8999999999987
SUV-B,6,2023-11-30,12,2024-11-30,SeasonalNaive,1286.6,315.9,499.6600000000001,573.39,627.82,687.1500000000001,734.22,787.6,846.1800000000001,871.78,968.4,1041.01,1065.24,1138.38,1152.38,1270.25,1332.14,1389.48,1443.42,1478.699999999999
SUV-B,6,2023-11-30,1,2023-12-31,DeepAR,1323.0,699.2973022460938,835.7905883789062,947.3567504882812,1039.343017578125,1096.3509521484375,1133.6253662109375,1153.7132568359375,1191.6522216796875,1219.370361328125,1234.7781982421875,1262.814697265625,1305.8360595703125,1322.7564697265625,1343.2335205078125,1385.71044921875,1404.06689453125,1465.7109375,1631.6256103515625,1727.1265869140625
SUV-B,6,2023-11-30,2,2024-01-31,DeepAR,1205.4,701.6046752929688,801.1834106445312,894.2701416015625,987.1151123046875,1040.899658203125,1108.28271484375,1148.8885498046875,1165.8287353515625,1211.79833984375,1241.48291015625,1255.197021484375,1276.8717041015625,1324.20947265625,1361.7508544921875,1380.3236083984375,1450.038818359375,1497.8311767578125,1585.17822265625,1835.9078369140625
SUV-B,6,2023-11-30,3,2024-02-29,DeepAR,1143.5,607.2669677734375,793.6494750976562,944.1240844726562,1008.3319702148438,1028.3970947265625,1079.95654296875,1114.3404541015625,1163.1251220703125,1217.7225341796875,1277.6502685546875,1287.265380859375,1297.973388671875,1324.8944091796875,1376.4788818359375,1423.4130859375,1433.7520751953125,1480.8128662109375,1524.1624755859375,1562.2901611328125
SUV-B,6,2023-11-30,4,2024-03-31,DeepAR,1496.0,747.97998046875,908.083740234375,967.9442138671875,987.44921875,1044.6805419921875,1093.2879638671875,1121.064208984375,1133.6146240234375,1163.88916015625,1205.3095703125,1223.8934326171875,1274.337646484375,1310.677001953125,1341.8194580078125,1368.702392578125,1403.2698974609375,1438.90283203125,1507.142822265625,1533.970458984375
SUV-B,6,2023-11-30,5,2024-04-30,DeepAR,935.9,579.2499389648438,696.1607055664062,865.1741943359375,960.645751953125,990.9893188476562,1052.72509765625,1115.2567138671875,1145.779541015625,1170.483642578125,1200.3294677734375,1232.1053466796875,1261.4969482421875,1321.4576416015625,1351.22705078125,1383.734375,1423.076416015625,1461.9329833984375,1563.6427001953125,1726.2052001953125
SUV-B,6,2023-11-30,6,2024-05-31,DeepAR,1042.0,693.450927734375,800.88916015625,946.6425170898438,1007.6995849609375,1073.1741943359375,1122.7603759765625,1156.1104736328125,1187.76953125,1226.4954833984375,1235.7215576171875,1244.524169921875,1278.2899169921875,1339.018310546875,1359.4200439453125,1394.9281005859375,1415.6845703125,1464.1549072265625,1581.7301025390625,1814.1680908203125
SUV-B,6,2023-11-30,7,2024-06-30,DeepAR,1122.8,601.4549560546875,786.4537963867188,909.8104858398438,994.0592651367188,1073.7071533203125,1098.8106689453125,1141.3145751953125,1164.54052734375,1205.0958251953125,1240.052490234375,1274.0042724609375,1322.5504150390625,1339.4215087890625,1364.9893798828125,1416.35009765625,1464.2119140625,1533.22802734375,1636.8897705078125,1853.0546875
SUV-B,6,2023-11-30,8,2024-07-31,DeepAR,1191.9,590.7479248046875,722.5957641601562,907.1467895507812,1005.5709228515625,1041.14453125,1083.0413818359375,1111.0965576171875,1147.8446044921875,1158.956298828125,1190.8751220703125,1232.6971435546875,1282.0885009765625,1316.9696044921875,1371.013916015625,1433.818359375,1483.083740234375,1563.6077880859375,1591.658935546875,1752.1993408203125
SUV-B,6,2023-11-30,9,2024-08-31,DeepAR,1117.2,264.50823974609375,735.9614868164062,900.0184936523438,1032.936279296875,1062.6787109375,1118.4654541015625,1198.048583984375,1228.4261474609375,1238.4405517578125,1281.9635009765625,1313.2861328125,1342.7725830078125,1401.8995361328125,1443.14599609375,1480.6011962890625,1525.29833984375,1552.045166015625,1659.2703857421875,1835.5992431640625
SUV-B,6,2023-11-30,10,2024-09-30,DeepAR,1293.3,553.4628295898438,758.3667602539062,875.7462768554688,987.2715454101562,1049.037109375,1081.0484619140625,1100.6688232421875,1133.0147705078125,1150.9796142578125,1176.03125,1196.6627197265625,1212.4224853515625,1258.1220703125,1318.8634033203125,1365.4385986328125,1402.0692138671875,1420.593017578125,1506.163330078125,1612.01904296875
SUV-B,6,2023-11-30,11,2024-10-31,DeepAR,1098.2,790.2034912109375,847.3682250976562,917.770263671875,969.9417114257812,1009.6068725585938,1035.085693359375,1065.3372802734375,1103.2525634765625,1138.23193359375,1175.5263671875,1221.879638671875,1238.420654296875,1287.8134765625,1310.7742919921875,1347.2744140625,1378.3310546875,1486.6234130859375,1563.4605712890625,1737.152587890625
SUV-B,6,2023-11-30,12,2024-11-30,DeepAR,1286.6,719.8865966796875,826.1143798828125,881.4619140625,981.1805419921875,1055.457275390625,1112.7720947265625,1138.9002685546875,1170.26220703125,1196.8502197265625,1244.670654296875,1261.683837890625,1281.29296875,1307.2022705078125,1340.205078125,1404.5068359375,1462.42236328125,1510.8997802734375,1573.4151611328125,1733.2802734375
SUV-B,7,2024-02-29,1,2024-03-31,SeasonalNaive,1496.0,631.93,790.8399999999999,879.2049999999999,925.6399999999999,997.975,1042.99,1100.2,1161.32,1182.05,1246.35,1345.24,1366.2199999999998,1431.5649999999998,1462.9099999999999,1523.925,1641.28,1690.92,1754.6100000000001,1770.6249999999998
SUV-B,7,2024-02-29,2,2024-04-30,SeasonalNaive,935.9,863.2299999999999,1022.1399999999999,1110.5049999999999,1156.9399999999998,1229.2749999999999,1274.29,1331.5,1392.62,1413.35,1477.6499999999999,1576.54,1597.5199999999998,1662.8649999999998,1694.2099999999998,1755.225,1872.58,1922.22,1985.9099999999999,2001.9249999999997
SUV-B,7,2024-02-29,3,2024-05-31,SeasonalNaive,1042.0,785.7299999999999,944.6399999999999,1033.0049999999999,1079.4399999999998,1151.7749999999999,1196.79,1254.0,1315.12,1335.85,1400.1499999999999,1499.04,1520.0199999999998,1585.3649999999998,1616.7099999999998,1677.725,1795.08,1844.72,1908.4099999999999,1924.4249999999997
SUV-B,7,2024-02-29,4,2024-06-30,SeasonalNaive,1122.8,379.23,538.1400000000001,626.505,672.9399999999999,745.2750000000001,790.2900000000001,847.5,908.6200000000001,929.35,993.65,1092.5400000000002,1113.52,1178.865,1210.21,1271.225,1388.5800000000002,1438.22,1501.91,1517.9249999999997
SUV-B,7,2024-02-29,5,2024-07-31,SeasonalNaive,1191.9,27.529999999999973,186.44,274.80499999999995,321.2399999999999,393.57500000000005,438.59000000000003,495.8,556.9200000000001,577.65,641.9499999999999,740.8400000000001,761.8199999999999,827.165,858.51,919.5249999999999,1036.88,1086.52,1150.21,1166.225
SUV-B,7,2024-02-29,6,2024-08-31,SeasonalNaive,1117.2,754.0300000000001,912.94,1001.3050000000001,1047.74,1120.075,1165.0900000000001,1222.3000000000002,1283.42,1304.15,1368.45,1467.3400000000001,1488.32,1553.665,1585.01,1646.025,1763.38,1813.0200000000002,1876.71,1892.725
SUV-B,7,2024-02-29,7,2024-09-30,SeasonalNaive,1293.3,466.63,625.54,713.905,760.3399999999999,832.6750000000001,877.69,934.9000000000001,996.0200000000001,1016.75,1081.05,1179.94,1200.9199999999998,1266.2649999999999,1297.61,1358.625,1475.98,1525.6200000000001,1589.31,1605.3249999999998
SUV-B,7,2024-02-29,8,2024-10-31,SeasonalNaive,1098.2,71.42999999999995,230.33999999999997,318.7049999999999,365.1399999999999,437.475,482.49,539.7,600.82,621.55,685.8499999999999,784.74,805.7199999999999,871.0649999999998,902.41,963.425,1080.78,1130.42,1194.1100000000001,1210.1249999999998
SUV-B,7,2024-02-29,9,2024-11-30,SeasonalNaive,1286.6,320.23,479.14000000000004,567.505,613.9399999999999,686.2750000000001,731.2900000000001,788.5,849.6200000000001,870.35,934.65,1033.5400000000002,1054.52,1119.865,1151.21,1212.225,1329.5800000000002,1379.22,1442.91,1458.9249999999997
SUV-B,7,2024-02-29,10,2024-12-31,SeasonalNaive,1377.8,707.13,866.04,954.405,1000.8399999999999,1073.175,1118.19,1175.4,1236.52,1257.25,1321.55,1420.44,1441.4199999999998,1506.7649999999999,1538.11,1599.125,1716.48,1766.1200000000001,1829.81,1845.8249999999998
SUV-B,7,2024-02-29,11,2025-01-31,SeasonalNaive,1452.9,589.5300000000001,748.44,836.8050000000001,883.24,955.5750000000002,1000.5900000000001,1057.8000000000002,1118.92,1139.65,1203.95,1302.8400000000001,1323.82,1389.165,1420.51,1481.525,1598.88,1648.5200000000002,1712.21,1728.225
SUV-B,7,2024-02-29,12,2025-02-28,SeasonalNaive,1561.9,527.63,686.54,774.905,821.3399999999999,893.6750000000001,938.69,995.9000000000001,1057.02,1077.75,1142.05,1240.94,1261.9199999999998,1327.2649999999999,1358.61,1419.625,1536.98,1586.6200000000001,1650.31,1666.3249999999998
SUV-B,7,2024-02-29,1,2024-03-31,DeepAR,1496.0,681.8489379882812,818.784912109375,930.9596557617188,1023.3651733398438,1080.6387939453125,1118.0467529296875,1138.25390625,1176.3319091796875,1204.1917724609375,1219.6678466796875,1247.821533203125,1291.0279541015625,1308.011962890625,1328.60205078125,1371.3817138671875,1389.681396484375,1451.585693359375,1618.359130859375,1714.1220703125
SUV-B,7,2024-02-29,2,2024-04-30,DeepAR,935.9,683.5365600585938,783.5949096679688,876.701171875,970.297607421875,1024.3013916015625,1091.803466796875,1132.5670166015625,1149.711181640625,1195.8455810546875,1225.655029296875,1239.4423828125,1261.2257080078125,1308.6827392578125,1346.3468017578125,1364.9862060546875,1435.036376953125,1482.865234375,1570.9447021484375,1822.5517578125
SUV-B,7,2024-02-29,3,2024-05-31,DeepAR,1042.0,590.3284301757812,777.54052734375,928.7144775390625,993.21630859375,1013.0364990234375,1064.7977294921875,1099.1572265625,1148.4490966796875,1203.25048828125,1263.3038330078125,1272.9735107421875,1283.85009765625,1310.87841796875,1362.828857421875,1409.4356689453125,1420.069580078125,1466.935546875,1510.9534912109375,1548.9921875
SUV-B,7,2024-02-29,4,2024-06-30,DeepAR,1122.8,730.3895263671875,891.1703491210938,951.51513671875,971.3914794921875,1028.6864013671875,1077.7069091796875,1105.6671142578125,1118.19677734375,1148.5333251953125,1190.2459716796875,1209.0037841796875,1259.509033203125,1296.2877197265625,1327.69873046875,1354.5765380859375,1389.21435546875,1424.97998046875,1493.64306640625,1520.755859375
SUV-B,7,2024-02-29,5,2024-07-31,DeepAR,1191.9,563.4981079101562,680.8619384765625,850.6348876953125,946.6454467773438,977.1790771484375,1039.4158935546875,1102.2733154296875,1132.9637451171875,1157.64453125,1187.5435791015625,1219.52294921875,1249.1383056640625,1309.322509765625,1339.1478271484375,1371.9869384765625,1411.3753662109375,1450.376708984375,1553.0848388671875,1716.0303955078125
SUV-B,7,2024-02-29,6,2024-08-31,DeepAR,1117.2,676.53564453125,784.8306884765625,931.6555786132812,993.3407592773438,1059.1634521484375,1108.866943359375,1141.790283203125,1174.5733642578125,1213.502685546875,1222.807861328125,1231.5501708984375,1265.5411376953125,1326.5340576171875,1347.5369873046875,1383.1072998046875,1404.3759765625,1453.1600341796875,1571.679443359375,1806.0074462890625
SUV-B,7,2024-02-29,7,2024-09-30,DeepAR,1293.3,585.755126953125,771.9530029296875,896.0707397460938,981.0347290039062,1061.1005859375,1086.3021240234375,1129.3404541015625,1152.5067138671875,1193.178466796875,1228.548095703125,1262.4530029296875,1311.51806640625,1328.2757568359375,1354.6099853515625,1405.70166015625,1453.7086181640625,1523.416748046875,1627.611328125,1845.165771484375
SUV-B,7,2024-02-29,8,2024-10-31,DeepAR,1098.2,575.3694458007812,708.593505859375,895.1047973632812,992.7025146484375,1029.034912109375,1071.0313720703125,1098.8502197265625,1136.9041748046875,1147.126953125,1179.450439453125,1221.6578369140625,1271.163818359375,1306.1820068359375,1360.523193359375,1423.650634765625,1473.20361328125,1554.4345703125,1582.4486083984375,1744.1671142578125
SUV-B,7,2024-02-29,9,2024-11-30,DeepAR,1286.6,250.1091766357422,723.4961547851562,888.4857177734375,1021.3184204101562,1050.8370361328125,1106.5823974609375,1186.8458251953125,1217.1470947265625,1227.0501708984375,1270.870849609375,1301.971923828125,1331.6826171875,1391.0887451171875,1432.1842041015625,1470.1007080078125,1514.584228515625,1541.1856689453125,1649.2666015625,1826.1754150390625
SUV-B,7,2024-02-29,10,2024-12-31,DeepAR,1377.8,539.5841064453125,745.4498901367188,862.7716064453125,974.4528198242188,1036.49462890625,1068.894775390625,1088.664794921875,1121.22265625,1139.1688232421875,1164.24365234375,1185.08203125,1200.499755859375,1246.385986328125,1307.474365234375,1354.18212890625,1390.789306640625,1409.6622314453125,1495.2171630859375,1601.7291259765625
SUV-B,7,2024-02-29,11,2025-01-31,DeepAR,1452.9,774.5997314453125,831.920166015625,903.1340942382812,955.3087768554688,995.256591796875,1021.2684326171875,1051.38623046875,1089.7730712890625,1125.01513671875,1162.313232421875,1209.340576171875,1225.42626953125,1275.1995849609375,1298.3623046875,1334.47607421875,1366.317626953125,1474.9422607421875,1552.2578125,1726.77978515625
SUV-B,7,2024-02-29,12,2025-02-28,DeepAR,1561.9,702.9158935546875,810.9865112304688,866.4685668945312,966.8569946289062,1041.8790283203125,1099.4151611328125,1125.6705322265625,1157.4351806640625,1184.075927734375,1231.498046875,1249.1849365234375,1269.239013671875,1295.4710693359375,1327.6595458984375,1392.8492431640625,1451.474853515625,1500.130859375,1563.4095458984375,1724.563720703125
SUV-B,8,2024-05-31,1,2024-06-30,SeasonalNaive,1122.8,389.2199999999999,499.82000000000005,618.9,642.8000000000002,725.9,754.7,826.14,886.2200000000001,928.86,992.1999999999999,1087.3600000000001,1112.28,1176.3600000000001,1210.24,1250.3000000000002,1387.6200000000001,1417.8799999999999,1500.74,1516.7999999999997
SUV-B,8,2024-05-31,2,2024-07-31,SeasonalNaive,1191.9,37.51999999999987,148.12,267.19999999999993,291.1000000000001,374.19999999999993,402.99999999999994,474.43999999999994,534.5200000000001,577.16,640.4999999999999,735.66,760.5799999999998,824.6600000000001,858.54,898.6,1035.92,1066.1799999999998,1149.04,1165.1
SUV-B,8,2024-05-31,3,2024-08-31,SeasonalNaive,1117.2,764.02,874.6200000000001,993.7,1017.6000000000001,1100.7,1129.5,1200.94,1261.0200000000002,1303.66,1367.0,1462.16,1487.08,1551.16,1585.0400000000002,1625.1000000000001,1762.42,1792.68,1875.54,1891.6
SUV-B,8,2024-05-31,4,2024-09-30,SeasonalNaive,1293.3,476.6199999999999,587.22,706.3,730.2,813.3,842.0999999999999,913.54,973.6200000000001,1016.26,1079.6,1174.76,1199.6799999999998,1263.76,1297.64,1337.7,1475.02,1505.28,1588.1399999999999,1604.1999999999998
SUV-B,8,2024-05-31,5,2024-10-31,SeasonalNaive,1098.2,81.41999999999985,192.01999999999998,311.0999999999999,335.00000000000006,418.0999999999999,446.8999999999999,518.3399999999999,578.4200000000001,621.06,684.3999999999999,779.56,804.4799999999998,868.56,902.4399999999999,942.5,1079.82,1110.08,1192.94,1208.9999999999998
SUV-B,8,2024-05-31,6,2024-11-30,SeasonalNaive,1286.6,330.2199999999999,440.82000000000005,559.9,583.8000000000002,666.9,695.7,767.14,827.2200000000001,869.86,933.1999999999999,1028.3600000000001,1053.28,1117.3600000000001,1151.24,1191.3000000000002,1328.6200000000001,1358.8799999999999,1441.74,1457.7999999999997
SUV-B,8,2024-05-31,7,2024-12-31,SeasonalNaive,1377.8,717.1199999999999,827.72,946.8,970.7,1053.8,1082.6,1154.04,1214.1200000000001,1256.76,1320.1,1415.26,1440.1799999999998,1504.26,1538.14,1578.2,1715.52,1745.78,1828.6399999999999,1844.6999999999998
SUV-B,8,2024-05-31,8,2025-01-31,SeasonalNaive,1452.9,599.52,710.1200000000001,829.2,853.1000000000001,936.2,965.0,1036.44,1096.5200000000002,1139.16,1202.5,1297.66,1322.58,1386.66,1420.5400000000002,1460.6000000000001,1597.92,1628.18,1711.04,1727.1
SUV-B,8,2024-05-31,9,2025-02-28,SeasonalNaive,1561.9,537.6199999999999,648.22,767.3,791.2,874.3,903.0999999999999,974.54,1034.6200000000001,1077.26,1140.6,1235.76,1260.6799999999998,1324.76,1358.64,1398.7,1536.02,1566.28,1649.1399999999999,1665.1999999999998
SUV-B,8,2024-05-31,10,2025-03-31,SeasonalNaive,1639.0,890.1199999999999,1000.72,1119.8,1143.7,1226.8,1255.6,1327.04,1387.1200000000001,1429.76,1493.1,1588.26,1613.1799999999998,1677.26,1711.14,1751.2,1888.52,1918.78,2001.6399999999999,2017.6999999999998
SUV-B,8,2024-05-31,11,2025-04-30,SeasonalNaive,1676.8,330.01999999999987,440.62,559.6999999999999,583.6000000000001,666.6999999999999,695.5,766.9399999999999,827.0200000000001,869.66,932.9999999999999,1028.16,1053.08,1117.16,1151.04,1191.1,1328.42,1358.6799999999998,1441.54,1457.6
SUV-B,8,2024-05-31,12,2025-05-31,SeasonalNaive,1504.7,436.1199999999999,546.72,665.8,689.7,772.8,801.5999999999999,873.04,933.1200000000001,975.76,1039.1,1134.26,1159.1799999999998,1223.26,1257.14,1297.2,1434.52,1464.78,1547.6399999999999,1563.6999999999998
SUV-B,8,2024-05-31,1,2024-06-30,DeepAR,1122.8,733.7591552734375,868.4768676757812,977.7814331054688,1068.17333984375,1124.1749267578125,1160.9228515625,1180.5712890625,1217.9639892578125,1245.15185546875,1260.2989501953125,1287.884521484375,1330.1964111328125,1346.8682861328125,1366.926025390625,1408.3092041015625,1426.8079833984375,1487.4520263671875,1650.1546630859375,1744.5701904296875
SUV-B,8,2024-05-31,2,2024-07-31,DeepAR,1191.9,738.1077270507812,835.7693481445312,928.0341186523438,1018.2601928710938,1071.067626953125,1137.60888671875,1177.474853515625,1193.8394775390625,1239.052490234375,1268.2169189453125,1281.69580078125,1302.958740234375,1349.51318359375,1386.4019775390625,1404.632568359375,1473.004150390625,1520.2894287109375,1605.0465087890625,1851.4317626953125
SUV-B,8,2024-05-31,3,2024-08-31,DeepAR,1117.2,648.2804565429688,831.1771240234375,978.7406616210938,1042.018310546875,1061.6177978515625,1112.4940185546875,1146.376220703125,1194.2557373046875,1247.9564208984375,1306.8995361328125,1316.3763427734375,1326.9056396484375,1353.4283447265625,1404.0562744140625,1450.39501953125,1460.478271484375,1506.8336181640625,1549.278076171875,1586.8505859375
SUV-B,8,2024-05-31,4,2024-09-30,DeepAR,1293.3,786.3004150390625,943.8082885742188,1002.5511474609375,1021.5330200195312,1078.0252685546875,1125.745361328125,1152.9036865234375,1165.3887939453125,1195.2613525390625,1235.839599609375,1254.2225341796875,1303.867431640625,1339.580078125,1370.145751953125,1396.8551025390625,1430.62548828125,1465.6539306640625,1532.6217041015625,1559.077880859375
SUV-B,8,2024-05-31,5,2024-10-31,DeepAR,1098.2,623.9404907226562,738.93896484375,904.9490966796875,998.5469970703125,1028.4630126953125,1088.8482666015625,1150.4259033203125,1180.34912109375,1204.6605224609375,1234.072021484375,1265.0267333984375,1294.184326171875,1353.098876953125,1382.3070068359375,1414.2279052734375,1452.8399658203125,1491.3045654296875,1590.5963134765625,1750.7589111328125
SUV-B,8,2024-05-31,6,2024-11-30,DeepAR,1286.6,734.6328125,840.2011108398438,983.1796264648438,1043.60693359375,1107.5595703125,1156.5703125,1188.9378662109375,1219.9525146484375,1258.3704833984375,1267.125,1275.9979248046875,1308.8695068359375,1368.6199951171875,1388.7261962890625,1423.419921875,1443.9158935546875,1491.2783203125,1606.8470458984375,1834.497802734375
SUV-B,8,2024-05-31,7,2024-12-31,DeepAR,1377.8,645.4730834960938,827.1129150390625,948.7200927734375,1030.996826171875,1109.1529541015625,1134.061767578125,1175.7750244140625,1198.5697021484375,1238.151123046875,1272.55078125,1306.09716796875,1353.859619140625,1370.1087646484375,1395.383056640625,1446.1181640625,1492.9820556640625,1560.68359375,1662.8253173828125,1874.3944091796875
SUV-B,8,2024-05-31,8,2025-01-31,DeepAR,1452.9,636.2360229492188,765.0161743164062,947.1056518554688,1042.5968017578125,1078.1724853515625,1119.5584716796875,1146.965087890625,1183.6474609375,1193.7550048828125,1225.5675048828125,1266.6607666015625,1315.3477783203125,1349.3106689453125,1402.8817138671875,1464.572021484375,1512.4246826171875,1591.843994140625,1620.03515625,1776.9859619140625
SUV-B,8,2024-05-31,9,2025-02-28,DeepAR,1561.9,320.0958251953125,782.759765625,941.3388671875,1071.343994140625,1100.74169921875,1154.9776611328125,1233.3973388671875,1263.125732421875,1273.3040771484375,1315.6544189453125,1346.2337646484375,1375.3455810546875,1433.1019287109375,1473.714111328125,1510.5,1554.5655517578125,1580.5391845703125,1685.9486083984375,1857.674560546875
SUV-B,8,2024-05-31,10,2025-03-31,DeepAR,1639.0,598.3639526367188,797.460205078125,913.3397827148438,1023.1044921875,1083.886474609375,1114.8101806640625,1134.2275390625,1165.84619140625,1183.491943359375,1207.928466796875,1228.9761962890625,1244.0240478515625,1288.9686279296875,1348.3289794921875,1394.512451171875,1429.800048828125,1448.5667724609375,1532.1641845703125,1636.8485107421875
SUV-B,8,2024-05-31,11,2025-04-30,DeepAR,1676.8,830.7736206054688,886.7335815429688,954.3211059570312,1006.770751953125,1045.6656494140625,1070.96630859375,1099.6826171875,1137.777587890625,1172.1632080078125,1208.3707275390625,1254.217529296875,1270.5047607421875,1319.3023681640625,1341.7010498046875,1376.845458984375,1408.8955078125,1514.7835693359375,1590.1978759765625,1761.1988525390625
SUV-B,8,2024-05-31,12,2025-05-31,DeepAR,1504.7,758.9778442382812,864.8175048828125,918.6869506835938,1016.9052734375,1089.876953125,1145.7833251953125,1171.298095703125,1202.6944580078125,1229.0390625,1275.0048828125,1292.9278564453125,1311.7474365234375,1338.614013671875,1369.6168212890625,1433.267578125,1490.110107421875,1538.63525390625,1600.33984375,1756.4810791015625
