target,origin_number,train_end,horizon,lead,date,model,actual,predicted
B-Sedan,1,2022-08-31,3,1,2022-09-30,LastValue,2577.9,2077.4
B-Sedan,1,2022-08-31,3,2,2022-10-31,LastValue,2728.0,2077.4
B-Sedan,1,2022-08-31,3,3,2022-11-30,LastValue,2502.2,2077.4
B-Sedan,1,2022-08-31,3,1,2022-09-30,SeasonalNaive,2577.9,2638.5
B-Sedan,1,2022-08-31,3,2,2022-10-31,SeasonalNaive,2728.0,2516.4
B-Sedan,1,2022-08-31,3,3,2022-11-30,SeasonalNaive,2502.2,2264.1
B-Sedan,1,2022-08-31,3,1,2022-09-30,MovingAverage6,2577.9,2727.4666666666662
B-Sedan,1,2022-08-31,3,2,2022-10-31,MovingAverage6,2728.0,2727.4666666666662
B-Sedan,1,2022-08-31,3,3,2022-11-30,MovingAverage6,2502.2,2727.4666666666662
B-Sedan,1,2022-08-31,3,1,2022-09-30,XGBoost,2577.9,2456.903564453125
B-Sedan,1,2022-08-31,3,2,2022-10-31,XGBoost,2728.0,2475.12109375
B-Sedan,1,2022-08-31,3,3,2022-11-30,XGBoost,2502.2,2498.341796875
B-Sedan,1,2022-08-31,3,1,2022-09-30,DeepAR,2577.9,2774.519287109375
B-Sedan,1,2022-08-31,3,2,2022-10-31,DeepAR,2728.0,2796.948974609375
B-Sedan,1,2022-08-31,3,3,2022-11-30,DeepAR,2502.2,2736.662841796875
B-Sedan,1,2022-08-31,3,1,2022-09-30,LeakageSafeEnsemble,2577.9,2615.71142578125
B-Sedan,1,2022-08-31,3,2,2022-10-31,LeakageSafeEnsemble,2728.0,2636.0350341796875
B-Sedan,1,2022-08-31,3,3,2022-11-30,LeakageSafeEnsemble,2502.2,2617.5023193359375
B-Sedan,1,2022-08-31,6,1,2022-09-30,LastValue,2577.9,2077.4
B-Sedan,1,2022-08-31,6,2,2022-10-31,LastValue,2728.0,2077.4
B-Sedan,1,2022-08-31,6,3,2022-11-30,LastValue,2502.2,2077.4
B-Sedan,1,2022-08-31,6,4,2022-12-31,LastValue,2225.0,2077.4
B-Sedan,1,2022-08-31,6,5,2023-01-31,LastValue,2364.6,2077.4
B-Sedan,1,2022-08-31,6,6,2023-02-28,LastValue,2668.6,2077.4
B-Sedan,1,2022-08-31,6,1,2022-09-30,SeasonalNaive,2577.9,2638.5
B-Sedan,1,2022-08-31,6,2,2022-10-31,SeasonalNaive,2728.0,2516.4
B-Sedan,1,2022-08-31,6,3,2022-11-30,SeasonalNaive,2502.2,2264.1
B-Sedan,1,2022-08-31,6,4,2022-12-31,SeasonalNaive,2225.0,2942.6
B-Sedan,1,2022-08-31,6,5,2023-01-31,SeasonalNaive,2364.6,3021.1
B-Sedan,1,2022-08-31,6,6,2023-02-28,SeasonalNaive,2668.6,3406.4
B-Sedan,1,2022-08-31,6,1,2022-09-30,MovingAverage6,2577.9,2727.4666666666662
B-Sedan,1,2022-08-31,6,2,2022-10-31,MovingAverage6,2728.0,2727.4666666666662
B-Sedan,1,2022-08-31,6,3,2022-11-30,MovingAverage6,2502.2,2727.4666666666662
B-Sedan,1,2022-08-31,6,4,2022-12-31,MovingAverage6,2225.0,2727.4666666666662
B-Sedan,1,2022-08-31,6,5,2023-01-31,MovingAverage6,2364.6,2727.4666666666662
B-Sedan,1,2022-08-31,6,6,2023-02-28,MovingAverage6,2668.6,2727.4666666666662
B-Sedan,1,2022-08-31,6,1,2022-09-30,XGBoost,2577.9,2456.903564453125
B-Sedan,1,2022-08-31,6,2,2022-10-31,XGBoost,2728.0,2475.12109375
B-Sedan,1,2022-08-31,6,3,2022-11-30,XGBoost,2502.2,2498.341796875
B-Sedan,1,2022-08-31,6,4,2022-12-31,XGBoost,2225.0,2673.75927734375
B-Sedan,1,2022-08-31,6,5,2023-01-31,XGBoost,2364.6,3000.881103515625
B-Sedan,1,2022-08-31,6,6,2023-02-28,XGBoost,2668.6,3038.247314453125
B-Sedan,1,2022-08-31,6,1,2022-09-30,DeepAR,2577.9,2774.519287109375
B-Sedan,1,2022-08-31,6,2,2022-10-31,DeepAR,2728.0,2796.948974609375
B-Sedan,1,2022-08-31,6,3,2022-11-30,DeepAR,2502.2,2736.662841796875
B-Sedan,1,2022-08-31,6,4,2022-12-31,DeepAR,2225.0,2743.0869140625
B-Sedan,1,2022-08-31,6,5,2023-01-31,DeepAR,2364.6,2718.82470703125
B-Sedan,1,2022-08-31,6,6,2023-02-28,DeepAR,2668.6,2821.419677734375
B-Sedan,1,2022-08-31,6,1,2022-09-30,LeakageSafeEnsemble,2577.9,2615.71142578125
B-Sedan,1,2022-08-31,6,2,2022-10-31,LeakageSafeEnsemble,2728.0,2636.0350341796875
B-Sedan,1,2022-08-31,6,3,2022-11-30,LeakageSafeEnsemble,2502.2,2617.5023193359375
B-Sedan,1,2022-08-31,6,4,2022-12-31,LeakageSafeEnsemble,2225.0,2708.423095703125
B-Sedan,1,2022-08-31,6,5,2023-01-31,LeakageSafeEnsemble,2364.6,2859.8529052734375
B-Sedan,1,2022-08-31,6,6,2023-02-28,LeakageSafeEnsemble,2668.6,2929.83349609375
B-Sedan,1,2022-08-31,12,1,2022-09-30,LastValue,2577.9,2077.4
B-Sedan,1,2022-08-31,12,2,2022-10-31,LastValue,2728.0,2077.4
B-Sedan,1,2022-08-31,12,3,2022-11-30,LastValue,2502.2,2077.4
B-Sedan,1,2022-08-31,12,4,2022-12-31,LastValue,2225.0,2077.4
B-Sedan,1,2022-08-31,12,5,2023-01-31,LastValue,2364.6,2077.4
B-Sedan,1,2022-08-31,12,6,2023-02-28,LastValue,2668.6,2077.4
B-Sedan,1,2022-08-31,12,7,2023-03-31,LastValue,2188.4,2077.4
B-Sedan,1,2022-08-31,12,8,2023-04-30,LastValue,2768.7,2077.4
B-Sedan,1,2022-08-31,12,9,2023-05-31,LastValue,2796.9,2077.4
B-Sedan,1,2022-08-31,12,10,2023-06-30,LastValue,2524.7,2077.4
B-Sedan,1,2022-08-31,12,11,2023-07-31,LastValue,1737.1,2077.4
B-Sedan,1,2022-08-31,12,12,2023-08-31,LastValue,2009.2,2077.4
B-Sedan,1,2022-08-31,12,1,2022-09-30,SeasonalNaive,2577.9,2638.5
B-Sedan,1,2022-08-31,12,2,2022-10-31,SeasonalNaive,2728.0,2516.4
B-Sedan,1,2022-08-31,12,3,2022-11-30,SeasonalNaive,2502.2,2264.1
B-Sedan,1,2022-08-31,12,4,2022-12-31,SeasonalNaive,2225.0,2942.6
B-Sedan,1,2022-08-31,12,5,2023-01-31,SeasonalNaive,2364.6,3021.1
B-Sedan,1,2022-08-31,12,6,2023-02-28,SeasonalNaive,2668.6,3406.4
B-Sedan,1,2022-08-31,12,7,2023-03-31,SeasonalNaive,2188.4,3058.7
B-Sedan,1,2022-08-31,12,8,2023-04-30,SeasonalNaive,2768.7,3244.7
B-Sedan,1,2022-08-31,12,9,2023-05-31,SeasonalNaive,2796.9,2843.7
B-Sedan,1,2022-08-31,12,10,2023-06-30,SeasonalNaive,2524.7,2990.5
B-Sedan,1,2022-08-31,12,11,2023-07-31,SeasonalNaive,1737.1,2149.8
B-Sedan,1,2022-08-31,12,12,2023-08-31,SeasonalNaive,2009.2,2077.4
B-Sedan,1,2022-08-31,12,1,2022-09-30,MovingAverage6,2577.9,2727.4666666666662
B-Sedan,1,2022-08-31,12,2,2022-10-31,MovingAverage6,2728.0,2727.4666666666662
B-Sedan,1,2022-08-31,12,3,2022-11-30,MovingAverage6,2502.2,2727.4666666666662
B-Sedan,1,2022-08-31,12,4,2022-12-31,MovingAverage6,2225.0,2727.4666666666662
B-Sedan,1,2022-08-31,12,5,2023-01-31,MovingAverage6,2364.6,2727.4666666666662
B-Sedan,1,2022-08-31,12,6,2023-02-28,MovingAverage6,2668.6,2727.4666666666662
B-Sedan,1,2022-08-31,12,7,2023-03-31,MovingAverage6,2188.4,2727.4666666666662
B-Sedan,1,2022-08-31,12,8,2023-04-30,MovingAverage6,2768.7,2727.4666666666662
B-Sedan,1,2022-08-31,12,9,2023-05-31,MovingAverage6,2796.9,2727.4666666666662
B-Sedan,1,2022-08-31,12,10,2023-06-30,MovingAverage6,2524.7,2727.4666666666662
B-Sedan,1,2022-08-31,12,11,2023-07-31,MovingAverage6,1737.1,2727.4666666666662
B-Sedan,1,2022-08-31,12,12,2023-08-31,MovingAverage6,2009.2,2727.4666666666662
B-Sedan,1,2022-08-31,12,1,2022-09-30,XGBoost,2577.9,2456.903564453125
B-Sedan,1,2022-08-31,12,2,2022-10-31,XGBoost,2728.0,2475.12109375
B-Sedan,1,2022-08-31,12,3,2022-11-30,XGBoost,2502.2,2498.341796875
B-Sedan,1,2022-08-31,12,4,2022-12-31,XGBoost,2225.0,2673.75927734375
B-Sedan,1,2022-08-31,12,5,2023-01-31,XGBoost,2364.6,3000.881103515625
B-Sedan,1,2022-08-31,12,6,2023-02-28,XGBoost,2668.6,3038.247314453125
B-Sedan,1,2022-08-31,12,7,2023-03-31,XGBoost,2188.4,3009.25146484375
B-Sedan,1,2022-08-31,12,8,2023-04-30,XGBoost,2768.7,2982.90087890625
B-Sedan,1,2022-08-31,12,9,2023-05-31,XGBoost,2796.9,2887.812255859375
B-Sedan,1,2022-08-31,12,10,2023-06-30,XGBoost,2524.7,2607.5380859375
B-Sedan,1,2022-08-31,12,11,2023-07-31,XGBoost,1737.1,2222.27099609375
B-Sedan,1,2022-08-31,12,12,2023-08-31,XGBoost,2009.2,2187.4345703125
B-Sedan,1,2022-08-31,12,1,2022-09-30,DeepAR,2577.9,2774.519287109375
B-Sedan,1,2022-08-31,12,2,2022-10-31,DeepAR,2728.0,2796.948974609375
B-Sedan,1,2022-08-31,12,3,2022-11-30,DeepAR,2502.2,2736.662841796875
B-Sedan,1,2022-08-31,12,4,2022-12-31,DeepAR,2225.0,2743.0869140625
B-Sedan,1,2022-08-31,12,5,2023-01-31,DeepAR,2364.6,2718.82470703125
B-Sedan,1,2022-08-31,12,6,2023-02-28,DeepAR,2668.6,2821.419677734375
B-Sedan,1,2022-08-31,12,7,2023-03-31,DeepAR,2188.4,2773.859130859375
B-Sedan,1,2022-08-31,12,8,2023-04-30,DeepAR,2768.7,2787.031982421875
B-Sedan,1,2022-08-31,12,9,2023-05-31,DeepAR,2796.9,2800.21533203125
B-Sedan,1,2022-08-31,12,10,2023-06-30,DeepAR,2524.7,2708.201171875
B-Sedan,1,2022-08-31,12,11,2023-07-31,DeepAR,1737.1,2749.047119140625
B-Sedan,1,2022-08-31,12,12,2023-08-31,DeepAR,2009.2,2779.368408203125
B-Sedan,1,2022-08-31,12,1,2022-09-30,LeakageSafeEnsemble,2577.9,2615.71142578125
B-Sedan,1,2022-08-31,12,2,2022-10-31,LeakageSafeEnsemble,2728.0,2636.0350341796875
B-Sedan,1,2022-08-31,12,3,2022-11-30,LeakageSafeEnsemble,2502.2,2617.5023193359375
B-Sedan,1,2022-08-31,12,4,2022-12-31,LeakageSafeEnsemble,2225.0,2708.423095703125
B-Sedan,1,2022-08-31,12,5,2023-01-31,LeakageSafeEnsemble,2364.6,2859.8529052734375
B-Sedan,1,2022-08-31,12,6,2023-02-28,LeakageSafeEnsemble,2668.6,2929.83349609375
B-Sedan,1,2022-08-31,12,7,2023-03-31,LeakageSafeEnsemble,2188.4,2891.5552978515625
B-Sedan,1,2022-08-31,12,8,2023-04-30,LeakageSafeEnsemble,2768.7,2884.9664306640625
B-Sedan,1,2022-08-31,12,9,2023-05-31,LeakageSafeEnsemble,2796.9,2844.0137939453125
B-Sedan,1,2022-08-31,12,10,2023-06-30,LeakageSafeEnsemble,2524.7,2657.86962890625
B-Sedan,1,2022-08-31,12,11,2023-07-31,LeakageSafeEnsemble,1737.1,2485.6590576171875
B-Sedan,1,2022-08-31,12,12,2023-08-31,LeakageSafeEnsemble,2009.2,2483.4014892578125
B-Sedan,2,2022-11-30,3,1,2022-12-31,LastValue,2225.0,2502.2
B-Sedan,2,2022-11-30,3,2,2023-01-31,LastValue,2364.6,2502.2
B-Sedan,2,2022-11-30,3,3,2023-02-28,LastValue,2668.6,2502.2
B-Sedan,2,2022-11-30,3,1,2022-12-31,SeasonalNaive,2225.0,2942.6
B-Sedan,2,2022-11-30,3,2,2023-01-31,SeasonalNaive,2364.6,3021.1
B-Sedan,2,2022-11-30,3,3,2023-02-28,SeasonalNaive,2668.6,3406.4
B-Sedan,2,2022-11-30,3,1,2022-12-31,MovingAverage6,2225.0,2504.2999999999997
B-Sedan,2,2022-11-30,3,2,2023-01-31,MovingAverage6,2364.6,2504.2999999999997
B-Sedan,2,2022-11-30,3,3,2023-02-28,MovingAverage6,2668.6,2504.2999999999997
B-Sedan,2,2022-11-30,3,1,2022-12-31,XGBoost,2225.0,2692.4033203125
B-Sedan,2,2022-11-30,3,2,2023-01-31,XGBoost,2364.6,2859.53466796875
B-Sedan,2,2022-11-30,3,3,2023-02-28,XGBoost,2668.6,2858.0595703125
B-Sedan,2,2022-11-30,3,1,2022-12-31,DeepAR,2225.0,2743.1796875
B-Sedan,2,2022-11-30,3,2,2023-01-31,DeepAR,2364.6,2781.355712890625
B-Sedan,2,2022-11-30,3,3,2023-02-28,DeepAR,2668.6,2717.93212890625
B-Sedan,2,2022-11-30,3,1,2022-12-31,LeakageSafeEnsemble,2225.0,2716.5119612546323
B-Sedan,2,2022-11-30,3,2,2023-01-31,LeakageSafeEnsemble,2364.6,2822.415381186992
B-Sedan,2,2022-11-30,3,3,2023-02-28,LeakageSafeEnsemble,2668.6,2791.5271210224637
B-Sedan,2,2022-11-30,6,1,2022-12-31,LastValue,2225.0,2502.2
B-Sedan,2,2022-11-30,6,2,2023-01-31,LastValue,2364.6,2502.2
B-Sedan,2,2022-11-30,6,3,2023-02-28,LastValue,2668.6,2502.2
B-Sedan,2,2022-11-30,6,4,2023-03-31,LastValue,2188.4,2502.2
B-Sedan,2,2022-11-30,6,5,2023-04-30,LastValue,2768.7,2502.2
B-Sedan,2,2022-11-30,6,6,2023-05-31,LastValue,2796.9,2502.2
B-Sedan,2,2022-11-30,6,1,2022-12-31,SeasonalNaive,2225.0,2942.6
B-Sedan,2,2022-11-30,6,2,2023-01-31,SeasonalNaive,2364.6,3021.1
B-Sedan,2,2022-11-30,6,3,2023-02-28,SeasonalNaive,2668.6,3406.4
B-Sedan,2,2022-11-30,6,4,2023-03-31,SeasonalNaive,2188.4,3058.7
B-Sedan,2,2022-11-30,6,5,2023-04-30,SeasonalNaive,2768.7,3244.7
B-Sedan,2,2022-11-30,6,6,2023-05-31,SeasonalNaive,2796.9,2843.7
B-Sedan,2,2022-11-30,6,1,2022-12-31,MovingAverage6,2225.0,2504.2999999999997
B-Sedan,2,2022-11-30,6,2,2023-01-31,MovingAverage6,2364.6,2504.2999999999997
B-Sedan,2,2022-11-30,6,3,2023-02-28,MovingAverage6,2668.6,2504.2999999999997
B-Sedan,2,2022-11-30,6,4,2023-03-31,MovingAverage6,2188.4,2504.2999999999997
B-Sedan,2,2022-11-30,6,5,2023-04-30,MovingAverage6,2768.7,2504.2999999999997
B-Sedan,2,2022-11-30,6,6,2023-05-31,MovingAverage6,2796.9,2504.2999999999997
B-Sedan,2,2022-11-30,6,1,2022-12-31,XGBoost,2225.0,2692.4033203125
B-Sedan,2,2022-11-30,6,2,2023-01-31,XGBoost,2364.6,2859.53466796875
B-Sedan,2,2022-11-30,6,3,2023-02-28,XGBoost,2668.6,2858.0595703125
B-Sedan,2,2022-11-30,6,4,2023-03-31,XGBoost,2188.4,2845.316650390625
B-Sedan,2,2022-11-30,6,5,2023-04-30,XGBoost,2768.7,2846.162841796875
B-Sedan,2,2022-11-30,6,6,2023-05-31,XGBoost,2796.9,2696.892822265625
B-Sedan,2,2022-11-30,6,1,2022-12-31,DeepAR,2225.0,2743.1796875
B-Sedan,2,2022-11-30,6,2,2023-01-31,DeepAR,2364.6,2781.355712890625
B-Sedan,2,2022-11-30,6,3,2023-02-28,DeepAR,2668.6,2717.93212890625
B-Sedan,2,2022-11-30,6,4,2023-03-31,DeepAR,2188.4,2726.473388671875
B-Sedan,2,2022-11-30,6,5,2023-04-30,DeepAR,2768.7,2687.453369140625
B-Sedan,2,2022-11-30,6,6,2023-05-31,DeepAR,2796.9,2785.74462890625
B-Sedan,2,2022-11-30,6,1,2022-12-31,LeakageSafeEnsemble,2225.0,2716.5119612546323
B-Sedan,2,2022-11-30,6,2,2023-01-31,LeakageSafeEnsemble,2364.6,2822.415381186992
B-Sedan,2,2022-11-30,6,3,2023-02-28,LeakageSafeEnsemble,2668.6,2791.5271210224637
B-Sedan,2,2022-11-30,6,4,2023-03-31,LeakageSafeEnsemble,2188.4,2788.8900011879023
B-Sedan,2,2022-11-30,6,5,2023-04-30,LeakageSafeEnsemble,2768.7,2770.8076550981964
B-Sedan,2,2022-11-30,6,6,2023-05-31,LeakageSafeEnsemble,2796.9,2739.0796802324458
B-Sedan,2,2022-11-30,12,1,2022-12-31,LastValue,2225.0,2502.2
B-Sedan,2,2022-11-30,12,2,2023-01-31,LastValue,2364.6,2502.2
B-Sedan,2,2022-11-30,12,3,2023-02-28,LastValue,2668.6,2502.2
B-Sedan,2,2022-11-30,12,4,2023-03-31,LastValue,2188.4,2502.2
B-Sedan,2,2022-11-30,12,5,2023-04-30,LastValue,2768.7,2502.2
B-Sedan,2,2022-11-30,12,6,2023-05-31,LastValue,2796.9,2502.2
B-Sedan,2,2022-11-30,12,7,2023-06-30,LastValue,2524.7,2502.2
B-Sedan,2,2022-11-30,12,8,2023-07-31,LastValue,1737.1,2502.2
B-Sedan,2,2022-11-30,12,9,2023-08-31,LastValue,2009.2,2502.2
B-Sedan,2,2022-11-30,12,10,2023-09-30,LastValue,2076.3,2502.2
B-Sedan,2,2022-11-30,12,11,2023-10-31,LastValue,2831.2,2502.2
B-Sedan,2,2022-11-30,12,12,2023-11-30,LastValue,1927.6,2502.2
B-Sedan,2,2022-11-30,12,1,2022-12-31,SeasonalNaive,2225.0,2942.6
B-Sedan,2,2022-11-30,12,2,2023-01-31,SeasonalNaive,2364.6,3021.1
B-Sedan,2,2022-11-30,12,3,2023-02-28,SeasonalNaive,2668.6,3406.4
B-Sedan,2,2022-11-30,12,4,2023-03-31,SeasonalNaive,2188.4,3058.7
B-Sedan,2,2022-11-30,12,5,2023-04-30,SeasonalNaive,2768.7,3244.7
B-Sedan,2,2022-11-30,12,6,2023-05-31,SeasonalNaive,2796.9,2843.7
B-Sedan,2,2022-11-30,12,7,2023-06-30,SeasonalNaive,2524.7,2990.5
B-Sedan,2,2022-11-30,12,8,2023-07-31,SeasonalNaive,1737.1,2149.8
B-Sedan,2,2022-11-30,12,9,2023-08-31,SeasonalNaive,2009.2,2077.4
B-Sedan,2,2022-11-30,12,10,2023-09-30,SeasonalNaive,2076.3,2577.9
B-Sedan,2,2022-11-30,12,11,2023-10-31,SeasonalNaive,2831.2,2728.0
B-Sedan,2,2022-11-30,12,12,2023-11-30,SeasonalNaive,1927.6,2502.2
B-Sedan,2,2022-11-30,12,1,2022-12-31,MovingAverage6,2225.0,2504.2999999999997
B-Sedan,2,2022-11-30,12,2,2023-01-31,MovingAverage6,2364.6,2504.2999999999997
B-Sedan,2,2022-11-30,12,3,2023-02-28,MovingAverage6,2668.6,2504.2999999999997
B-Sedan,2,2022-11-30,12,4,2023-03-31,MovingAverage6,2188.4,2504.2999999999997
B-Sedan,2,2022-11-30,12,5,2023-04-30,MovingAverage6,2768.7,2504.2999999999997
B-Sedan,2,2022-11-30,12,6,2023-05-31,MovingAverage6,2796.9,2504.2999999999997
B-Sedan,2,2022-11-30,12,7,2023-06-30,MovingAverage6,2524.7,2504.2999999999997
B-Sedan,2,2022-11-30,12,8,2023-07-31,MovingAverage6,1737.1,2504.2999999999997
B-Sedan,2,2022-11-30,12,9,2023-08-31,MovingAverage6,2009.2,2504.2999999999997
B-Sedan,2,2022-11-30,12,10,2023-09-30,MovingAverage6,2076.3,2504.2999999999997
B-Sedan,2,2022-11-30,12,11,2023-10-31,MovingAverage6,2831.2,2504.2999999999997
B-Sedan,2,2022-11-30,12,12,2023-11-30,MovingAverage6,1927.6,2504.2999999999997
B-Sedan,2,2022-11-30,12,1,2022-12-31,XGBoost,2225.0,2692.4033203125
B-Sedan,2,2022-11-30,12,2,2023-01-31,XGBoost,2364.6,2859.53466796875
B-Sedan,2,2022-11-30,12,3,2023-02-28,XGBoost,2668.6,2858.0595703125
B-Sedan,2,2022-11-30,12,4,2023-03-31,XGBoost,2188.4,2845.316650390625
B-Sedan,2,2022-11-30,12,5,2023-04-30,XGBoost,2768.7,2846.162841796875
B-Sedan,2,2022-11-30,12,6,2023-05-31,XGBoost,2796.9,2696.892822265625
B-Sedan,2,2022-11-30,12,7,2023-06-30,XGBoost,2524.7,2492.68212890625
B-Sedan,2,2022-11-30,12,8,2023-07-31,XGBoost,1737.1,2219.483154296875
B-Sedan,2,2022-11-30,12,9,2023-08-31,XGBoost,2009.2,2253.40673828125
B-Sedan,2,2022-11-30,12,10,2023-09-30,XGBoost,2076.3,2576.759521484375
B-Sedan,2,2022-11-30,12,11,2023-10-31,XGBoost,2831.2,2526.62646484375
B-Sedan,2,2022-11-30,12,12,2023-11-30,XGBoost,1927.6,2543.732177734375
B-Sedan,2,2022-11-30,12,1,2022-12-31,DeepAR,2225.0,2743.1796875
B-Sedan,2,2022-11-30,12,2,2023-01-31,DeepAR,2364.6,2781.355712890625
B-Sedan,2,2022-11-30,12,3,2023-02-28,DeepAR,2668.6,2717.93212890625
B-Sedan,2,2022-11-30,12,4,2023-03-31,DeepAR,2188.4,2726.473388671875
B-Sedan,2,2022-11-30,12,5,2023-04-30,DeepAR,2768.7,2687.453369140625
B-Sedan,2,2022-11-30,12,6,2023-05-31,DeepAR,2796.9,2785.74462890625
B-Sedan,2,2022-11-30,12,7,2023-06-30,DeepAR,2524.7,2728.8330078125
B-Sedan,2,2022-11-30,12,8,2023-07-31,DeepAR,1737.1,2735.5419921875
B-Sedan,2,2022-11-30,12,9,2023-08-31,DeepAR,2009.2,2749.194091796875
B-Sedan,2,2022-11-30,12,10,2023-09-30,DeepAR,2076.3,2665.758544921875
B-Sedan,2,2022-11-30,12,11,2023-10-31,DeepAR,2831.2,2713.189453125
B-Sedan,2,2022-11-30,12,12,2023-11-30,DeepAR,1927.6,2744.77001953125
B-Sedan,2,2022-11-30,12,1,2022-12-31,LeakageSafeEnsemble,2225.0,2716.5119612546323
B-Sedan,2,2022-11-30,12,2,2023-01-31,LeakageSafeEnsemble,2364.6,2822.415381186992
B-Sedan,2,2022-11-30,12,3,2023-02-28,LeakageSafeEnsemble,2668.6,2791.5271210224637
B-Sedan,2,2022-11-30,12,4,2023-03-31,LeakageSafeEnsemble,2188.4,2788.8900011879023
B-Sedan,2,2022-11-30,12,5,2023-04-30,LeakageSafeEnsemble,2768.7,2770.8076550981964
B-Sedan,2,2022-11-30,12,6,2023-05-31,LeakageSafeEnsemble,2796.9,2739.0796802324458
B-Sedan,2,2022-11-30,12,7,2023-06-30,LeakageSafeEnsemble,2524.7,2604.8064895282496
B-Sedan,2,2022-11-30,12,8,2023-07-31,LeakageSafeEnsemble,1737.1,2464.507658382925
B-Sedan,2,2022-11-30,12,9,2023-08-31,LeakageSafeEnsemble,2009.2,2488.8063175348234
B-Sedan,2,2022-11-30,12,10,2023-09-30,LeakageSafeEnsemble,2076.3,2619.016242827606
B-Sedan,2,2022-11-30,12,11,2023-10-31,LeakageSafeEnsemble,2831.2,2615.2064537307315
B-Sedan,2,2022-11-30,12,12,2023-11-30,LeakageSafeEnsemble,1927.6,2639.1848966353145
B-Sedan,3,2023-02-28,3,1,2023-03-31,LastValue,2188.4,2668.6
B-Sedan,3,2023-02-28,3,2,2023-04-30,LastValue,2768.7,2668.6
B-Sedan,3,2023-02-28,3,3,2023-05-31,LastValue,2796.9,2668.6
B-Sedan,3,2023-02-28,3,1,2023-03-31,SeasonalNaive,2188.4,3058.7
B-Sedan,3,2023-02-28,3,2,2023-04-30,SeasonalNaive,2768.7,3244.7
B-Sedan,3,2023-02-28,3,3,2023-05-31,SeasonalNaive,2796.9,2843.7
B-Sedan,3,2023-02-28,3,1,2023-03-31,MovingAverage6,2188.4,2511.0499999999997
B-Sedan,3,2023-02-28,3,2,2023-04-30,MovingAverage6,2768.7,2511.0499999999997
B-Sedan,3,2023-02-28,3,3,2023-05-31,MovingAverage6,2796.9,2511.0499999999997
B-Sedan,3,2023-02-28,3,1,2023-03-31,XGBoost,2188.4,2672.3857421875
B-Sedan,3,2023-02-28,3,2,2023-04-30,XGBoost,2768.7,2692.6455078125
B-Sedan,3,2023-02-28,3,3,2023-05-31,XGBoost,2796.9,2596.203857421875
B-Sedan,3,2023-02-28,3,1,2023-03-31,DeepAR,2188.4,2731.87841796875
B-Sedan,3,2023-02-28,3,2,2023-04-30,DeepAR,2768.7,2755.422607421875
B-Sedan,3,2023-02-28,3,3,2023-05-31,DeepAR,2796.9,2689.937255859375
B-Sedan,3,2023-02-28,3,1,2023-03-31,LeakageSafeEnsemble,2188.4,2699.8480738272847
B-Sedan,3,2023-02-28,3,2,2023-04-30,LeakageSafeEnsemble,2768.7,2721.6239401878247
B-Sedan,3,2023-02-28,3,3,2023-05-31,LeakageSafeEnsemble,2796.9,2639.471890520719
B-Sedan,3,2023-02-28,6,1,2023-03-31,LastValue,2188.4,2668.6
B-Sedan,3,2023-02-28,6,2,2023-04-30,LastValue,2768.7,2668.6
B-Sedan,3,2023-02-28,6,3,2023-05-31,LastValue,2796.9,2668.6
B-Sedan,3,2023-02-28,6,4,2023-06-30,LastValue,2524.7,2668.6
B-Sedan,3,2023-02-28,6,5,2023-07-31,LastValue,1737.1,2668.6
B-Sedan,3,2023-02-28,6,6,2023-08-31,LastValue,2009.2,2668.6
B-Sedan,3,2023-02-28,6,1,2023-03-31,SeasonalNaive,2188.4,3058.7
B-Sedan,3,2023-02-28,6,2,2023-04-30,SeasonalNaive,2768.7,3244.7
B-Sedan,3,2023-02-28,6,3,2023-05-31,SeasonalNaive,2796.9,2843.7
B-Sedan,3,2023-02-28,6,4,2023-06-30,SeasonalNaive,2524.7,2990.5
B-Sedan,3,2023-02-28,6,5,2023-07-31,SeasonalNaive,1737.1,2149.8
B-Sedan,3,2023-02-28,6,6,2023-08-31,SeasonalNaive,2009.2,2077.4
B-Sedan,3,2023-02-28,6,1,2023-03-31,MovingAverage6,2188.4,2511.0499999999997
B-Sedan,3,2023-02-28,6,2,2023-04-30,MovingAverage6,2768.7,2511.0499999999997
B-Sedan,3,2023-02-28,6,3,2023-05-31,MovingAverage6,2796.9,2511.0499999999997
B-Sedan,3,2023-02-28,6,4,2023-06-30,MovingAverage6,2524.7,2511.0499999999997
B-Sedan,3,2023-02-28,6,5,2023-07-31,MovingAverage6,1737.1,2511.0499999999997
B-Sedan,3,2023-02-28,6,6,2023-08-31,MovingAverage6,2009.2,2511.0499999999997
B-Sedan,3,2023-02-28,6,1,2023-03-31,XGBoost,2188.4,2672.3857421875
B-Sedan,3,2023-02-28,6,2,2023-04-30,XGBoost,2768.7,2692.6455078125
B-Sedan,3,2023-02-28,6,3,2023-05-31,XGBoost,2796.9,2596.203857421875
B-Sedan,3,2023-02-28,6,4,2023-06-30,XGBoost,2524.7,2487.6259765625
B-Sedan,3,2023-02-28,6,5,2023-07-31,XGBoost,1737.1,2308.60009765625
B-Sedan,3,2023-02-28,6,6,2023-08-31,XGBoost,2009.2,2321.062744140625
B-Sedan,3,2023-02-28,6,1,2023-03-31,DeepAR,2188.4,2731.87841796875
B-Sedan,3,2023-02-28,6,2,2023-04-30,DeepAR,2768.7,2755.422607421875
B-Sedan,3,2023-02-28,6,3,2023-05-31,DeepAR,2796.9,2689.937255859375
B-Sedan,3,2023-02-28,6,4,2023-06-30,DeepAR,2524.7,2687.1953125
B-Sedan,3,2023-02-28,6,5,2023-07-31,DeepAR,1737.1,2642.355224609375
B-Sedan,3,2023-02-28,6,6,2023-08-31,DeepAR,2009.2,2738.23974609375
B-Sedan,3,2023-02-28,6,1,2023-03-31,LeakageSafeEnsemble,2188.4,2699.8480738272847
B-Sedan,3,2023-02-28,6,2,2023-04-30,LeakageSafeEnsemble,2768.7,2721.6239401878247
B-Sedan,3,2023-02-28,6,3,2023-05-31,LeakageSafeEnsemble,2796.9,2639.471890520719
B-Sedan,3,2023-02-28,6,4,2023-06-30,LeakageSafeEnsemble,2524.7,2579.748549968702
B-Sedan,3,2023-02-28,6,5,2023-07-31,LeakageSafeEnsemble,1737.1,2462.6637202027327
B-Sedan,3,2023-02-28,6,6,2023-08-31,LeakageSafeEnsemble,2009.2,2513.6344799940316
B-Sedan,3,2023-02-28,12,1,2023-03-31,LastValue,2188.4,2668.6
B-Sedan,3,2023-02-28,12,2,2023-04-30,LastValue,2768.7,2668.6
B-Sedan,3,2023-02-28,12,3,2023-05-31,LastValue,2796.9,2668.6
B-Sedan,3,2023-02-28,12,4,2023-06-30,LastValue,2524.7,2668.6
B-Sedan,3,2023-02-28,12,5,2023-07-31,LastValue,1737.1,2668.6
B-Sedan,3,2023-02-28,12,6,2023-08-31,LastValue,2009.2,2668.6
B-Sedan,3,2023-02-28,12,7,2023-09-30,LastValue,2076.3,2668.6
B-Sedan,3,2023-02-28,12,8,2023-10-31,LastValue,2831.2,2668.6
B-Sedan,3,2023-02-28,12,9,2023-11-30,LastValue,1927.6,2668.6
B-Sedan,3,2023-02-28,12,10,2023-12-31,LastValue,2213.4,2668.6
B-Sedan,3,2023-02-28,12,11,2024-01-31,LastValue,3020.4,2668.6
B-Sedan,3,2023-02-28,12,12,2024-02-29,LastValue,2684.8,2668.6
B-Sedan,3,2023-02-28,12,1,2023-03-31,SeasonalNaive,2188.4,3058.7
B-Sedan,3,2023-02-28,12,2,2023-04-30,SeasonalNaive,2768.7,3244.7
B-Sedan,3,2023-02-28,12,3,2023-05-31,SeasonalNaive,2796.9,2843.7
B-Sedan,3,2023-02-28,12,4,2023-06-30,SeasonalNaive,2524.7,2990.5
B-Sedan,3,2023-02-28,12,5,2023-07-31,SeasonalNaive,1737.1,2149.8
B-Sedan,3,2023-02-28,12,6,2023-08-31,SeasonalNaive,2009.2,2077.4
B-Sedan,3,2023-02-28,12,7,2023-09-30,SeasonalNaive,2076.3,2577.9
B-Sedan,3,2023-02-28,12,8,2023-10-31,SeasonalNaive,2831.2,2728.0
B-Sedan,3,2023-02-28,12,9,2023-11-30,SeasonalNaive,1927.6,2502.2
B-Sedan,3,2023-02-28,12,10,2023-12-31,SeasonalNaive,2213.4,2225.0
B-Sedan,3,2023-02-28,12,11,2024-01-31,SeasonalNaive,3020.4,2364.6
B-Sedan,3,2023-02-28,12,12,2024-02-29,SeasonalNaive,2684.8,2668.6
B-Sedan,3,2023-02-28,12,1,2023-03-31,MovingAverage6,2188.4,2511.0499999999997
B-Sedan,3,2023-02-28,12,2,2023-04-30,MovingAverage6,2768.7,2511.0499999999997
B-Sedan,3,2023-02-28,12,3,2023-05-31,MovingAverage6,2796.9,2511.0499999999997
B-Sedan,3,2023-02-28,12,4,2023-06-30,MovingAverage6,2524.7,2511.0499999999997
B-Sedan,3,2023-02-28,12,5,2023-07-31,MovingAverage6,1737.1,2511.0499999999997
B-Sedan,3,2023-02-28,12,6,2023-08-31,MovingAverage6,2009.2,2511.0499999999997
B-Sedan,3,2023-02-28,12,7,2023-09-30,MovingAverage6,2076.3,2511.0499999999997
B-Sedan,3,2023-02-28,12,8,2023-10-31,MovingAverage6,2831.2,2511.0499999999997
B-Sedan,3,2023-02-28,12,9,2023-11-30,MovingAverage6,1927.6,2511.0499999999997
B-Sedan,3,2023-02-28,12,10,2023-12-31,MovingAverage6,2213.4,2511.0499999999997
B-Sedan,3,2023-02-28,12,11,2024-01-31,MovingAverage6,3020.4,2511.0499999999997
B-Sedan,3,2023-02-28,12,12,2024-02-29,MovingAverage6,2684.8,2511.0499999999997
B-Sedan,3,2023-02-28,12,1,2023-03-31,XGBoost,2188.4,2672.3857421875
B-Sedan,3,2023-02-28,12,2,2023-04-30,XGBoost,2768.7,2692.6455078125
B-Sedan,3,2023-02-28,12,3,2023-05-31,XGBoost,2796.9,2596.203857421875
B-Sedan,3,2023-02-28,12,4,2023-06-30,XGBoost,2524.7,2487.6259765625
B-Sedan,3,2023-02-28,12,5,2023-07-31,XGBoost,1737.1,2308.60009765625
B-Sedan,3,2023-02-28,12,6,2023-08-31,XGBoost,2009.2,2321.062744140625
B-Sedan,3,2023-02-28,12,7,2023-09-30,XGBoost,2076.3,2591.152587890625
B-Sedan,3,2023-02-28,12,8,2023-10-31,XGBoost,2831.2,2501.726318359375
B-Sedan,3,2023-02-28,12,9,2023-11-30,XGBoost,1927.6,2479.1806640625
B-Sedan,3,2023-02-28,12,10,2023-12-31,XGBoost,2213.4,2503.944580078125
B-Sedan,3,2023-02-28,12,11,2024-01-31,XGBoost,3020.4,2619.943115234375
B-Sedan,3,2023-02-28,12,12,2024-02-29,XGBoost,2684.8,2670.115234375
B-Sedan,3,2023-02-28,12,1,2023-03-31,DeepAR,2188.4,2731.87841796875
B-Sedan,3,2023-02-28,12,2,2023-04-30,DeepAR,2768.7,2755.422607421875
B-Sedan,3,2023-02-28,12,3,2023-05-31,DeepAR,2796.9,2689.937255859375
B-Sedan,3,2023-02-28,12,4,2023-06-30,DeepAR,2524.7,2687.1953125
B-Sedan,3,2023-02-28,12,5,2023-07-31,DeepAR,1737.1,2642.355224609375
B-Sedan,3,2023-02-28,12,6,2023-08-31,DeepAR,2009.2,2738.23974609375
B-Sedan,3,2023-02-28,12,7,2023-09-30,DeepAR,2076.3,2692.5478515625
B-Sedan,3,2023-02-28,12,8,2023-10-31,DeepAR,2831.2,2705.7138671875
B-Sedan,3,2023-02-28,12,9,2023-11-30,DeepAR,1927.6,2719.157470703125
B-Sedan,3,2023-02-28,12,10,2023-12-31,DeepAR,2213.4,2638.34912109375
B-Sedan,3,2023-02-28,12,11,2024-01-31,DeepAR,3020.4,2698.477294921875
B-Sedan,3,2023-02-28,12,12,2024-02-29,DeepAR,2684.8,2735.999755859375
B-Sedan,3,2023-02-28,12,1,2023-03-31,LeakageSafeEnsemble,2188.4,2699.8480738272847
B-Sedan,3,2023-02-28,12,2,2023-04-30,LeakageSafeEnsemble,2768.7,2721.6239401878247
B-Sedan,3,2023-02-28,12,3,2023-05-31,LeakageSafeEnsemble,2796.9,2639.471890520719
B-Sedan,3,2023-02-28,12,4,2023-06-30,LeakageSafeEnsemble,2524.7,2579.748549968702
B-Sedan,3,2023-02-28,12,5,2023-07-31,LeakageSafeEnsemble,1737.1,2462.6637202027327
B-Sedan,3,2023-02-28,12,6,2023-08-31,LeakageSafeEnsemble,2009.2,2513.6344799940316
B-Sedan,3,2023-02-28,12,7,2023-09-30,LeakageSafeEnsemble,2076.3,2637.957354043599
B-Sedan,3,2023-02-28,12,8,2023-10-31,LeakageSafeEnsemble,2831.2,2595.8883884113784
B-Sedan,3,2023-02-28,12,9,2023-11-30,LeakageSafeEnsemble,1927.6,2589.9556158018213
B-Sedan,3,2023-02-28,12,10,2023-12-31,LeakageSafeEnsemble,2213.4,2565.986595814017
B-Sedan,3,2023-02-28,12,11,2024-01-31,LeakageSafeEnsemble,3020.4,2656.1950341493875
B-Sedan,3,2023-02-28,12,12,2024-02-29,LeakageSafeEnsemble,2684.8,2700.527976116535
B-Sedan,4,2023-05-31,3,1,2023-06-30,LastValue,2524.7,2796.9
B-Sedan,4,2023-05-31,3,2,2023-07-31,LastValue,1737.1,2796.9
B-Sedan,4,2023-05-31,3,3,2023-08-31,LastValue,2009.2,2796.9
B-Sedan,4,2023-05-31,3,1,2023-06-30,SeasonalNaive,2524.7,2990.5
B-Sedan,4,2023-05-31,3,2,2023-07-31,SeasonalNaive,1737.1,2149.8
B-Sedan,4,2023-05-31,3,3,2023-08-31,SeasonalNaive,2009.2,2077.4
B-Sedan,4,2023-05-31,3,1,2023-06-30,MovingAverage6,2524.7,2502.0333333333333
B-Sedan,4,2023-05-31,3,2,2023-07-31,MovingAverage6,1737.1,2502.0333333333333
B-Sedan,4,2023-05-31,3,3,2023-08-31,MovingAverage6,2009.2,2502.0333333333333
B-Sedan,4,2023-05-31,3,1,2023-06-30,XGBoost,2524.7,2649.670166015625
B-Sedan,4,2023-05-31,3,2,2023-07-31,XGBoost,1737.1,2416.057373046875
B-Sedan,4,2023-05-31,3,3,2023-08-31,XGBoost,2009.2,2397.912841796875
B-Sedan,4,2023-05-31,3,1,2023-06-30,DeepAR,2524.7,2619.443603515625
B-Sedan,4,2023-05-31,3,2,2023-07-31,DeepAR,1737.1,2635.705322265625
B-Sedan,4,2023-05-31,3,3,2023-08-31,DeepAR,2009.2,2568.717041015625
B-Sedan,4,2023-05-31,3,1,2023-06-30,LeakageSafeEnsemble,2524.7,2635.924204286713
B-Sedan,4,2023-05-31,3,2,2023-07-31,LeakageSafeEnsemble,1737.1,2515.9454235789353
B-Sedan,4,2023-05-31,3,3,2023-08-31,LeakageSafeEnsemble,2009.2,2475.5885047652837
B-Sedan,4,2023-05-31,6,1,2023-06-30,LastValue,2524.7,2796.9
B-Sedan,4,2023-05-31,6,2,2023-07-31,LastValue,1737.1,2796.9
B-Sedan,4,2023-05-31,6,3,2023-08-31,LastValue,2009.2,2796.9
B-Sedan,4,2023-05-31,6,4,2023-09-30,LastValue,2076.3,2796.9
B-Sedan,4,2023-05-31,6,5,2023-10-31,LastValue,2831.2,2796.9
B-Sedan,4,2023-05-31,6,6,2023-11-30,LastValue,1927.6,2796.9
B-Sedan,4,2023-05-31,6,1,2023-06-30,SeasonalNaive,2524.7,2990.5
B-Sedan,4,2023-05-31,6,2,2023-07-31,SeasonalNaive,1737.1,2149.8
B-Sedan,4,2023-05-31,6,3,2023-08-31,SeasonalNaive,2009.2,2077.4
B-Sedan,4,2023-05-31,6,4,2023-09-30,SeasonalNaive,2076.3,2577.9
B-Sedan,4,2023-05-31,6,5,2023-10-31,SeasonalNaive,2831.2,2728.0
B-Sedan,4,2023-05-31,6,6,2023-11-30,SeasonalNaive,1927.6,2502.2
B-Sedan,4,2023-05-31,6,1,2023-06-30,MovingAverage6,2524.7,2502.0333333333333
B-Sedan,4,2023-05-31,6,2,2023-07-31,MovingAverage6,1737.1,2502.0333333333333
B-Sedan,4,2023-05-31,6,3,2023-08-31,MovingAverage6,2009.2,2502.0333333333333
B-Sedan,4,2023-05-31,6,4,2023-09-30,MovingAverage6,2076.3,2502.0333333333333
B-Sedan,4,2023-05-31,6,5,2023-10-31,MovingAverage6,2831.2,2502.0333333333333
B-Sedan,4,2023-05-31,6,6,2023-11-30,MovingAverage6,1927.6,2502.0333333333333
B-Sedan,4,2023-05-31,6,1,2023-06-30,XGBoost,2524.7,2649.670166015625
B-Sedan,4,2023-05-31,6,2,2023-07-31,XGBoost,1737.1,2416.057373046875
B-Sedan,4,2023-05-31,6,3,2023-08-31,XGBoost,2009.2,2397.912841796875
B-Sedan,4,2023-05-31,6,4,2023-09-30,XGBoost,2076.3,2671.4267578125
B-Sedan,4,2023-05-31,6,5,2023-10-31,XGBoost,2831.2,2593.3779296875
B-Sedan,4,2023-05-31,6,6,2023-11-30,XGBoost,1927.6,2596.2802734375
B-Sedan,4,2023-05-31,6,1,2023-06-30,DeepAR,2524.7,2619.443603515625
B-Sedan,4,2023-05-31,6,2,2023-07-31,DeepAR,1737.1,2635.705322265625
B-Sedan,4,2023-05-31,6,3,2023-08-31,DeepAR,2009.2,2568.717041015625
B-Sedan,4,2023-05-31,6,4,2023-09-30,DeepAR,2076.3,2577.10107421875
B-Sedan,4,2023-05-31,6,5,2023-10-31,DeepAR,2831.2,2540.208984375
B-Sedan,4,2023-05-31,6,6,2023-11-30,DeepAR,1927.6,2636.392578125
B-Sedan,4,2023-05-31,6,1,2023-06-30,LeakageSafeEnsemble,2524.7,2635.924204286713
B-Sedan,4,2023-05-31,6,2,2023-07-31,LeakageSafeEnsemble,1737.1,2515.9454235789353
B-Sedan,4,2023-05-31,6,3,2023-08-31,LeakageSafeEnsemble,2009.2,2475.5885047652837
B-Sedan,4,2023-05-31,6,4,2023-09-30,LeakageSafeEnsemble,2076.3,2628.5308991208817
B-Sedan,4,2023-05-31,6,5,2023-10-31,LeakageSafeEnsemble,2831.2,2569.1986545486607
B-Sedan,4,2023-05-31,6,6,2023-11-30,LeakageSafeEnsemble,1927.6,2614.5220008235956
B-Sedan,4,2023-05-31,12,1,2023-06-30,LastValue,2524.7,2796.9
B-Sedan,4,2023-05-31,12,2,2023-07-31,LastValue,1737.1,2796.9
B-Sedan,4,2023-05-31,12,3,2023-08-31,LastValue,2009.2,2796.9
B-Sedan,4,2023-05-31,12,4,2023-09-30,LastValue,2076.3,2796.9
B-Sedan,4,2023-05-31,12,5,2023-10-31,LastValue,2831.2,2796.9
B-Sedan,4,2023-05-31,12,6,2023-11-30,LastValue,1927.6,2796.9
B-Sedan,4,2023-05-31,12,7,2023-12-31,LastValue,2213.4,2796.9
B-Sedan,4,2023-05-31,12,8,2024-01-31,LastValue,3020.4,2796.9
B-Sedan,4,2023-05-31,12,9,2024-02-29,LastValue,2684.8,2796.9
B-Sedan,4,2023-05-31,12,10,2024-03-31,LastValue,2446.2,2796.9
B-Sedan,4,2023-05-31,12,11,2024-04-30,LastValue,2425.6,2796.9
B-Sedan,4,2023-05-31,12,12,2024-05-31,LastValue,2553.6,2796.9
B-Sedan,4,2023-05-31,12,1,2023-06-30,SeasonalNaive,2524.7,2990.5
B-Sedan,4,2023-05-31,12,2,2023-07-31,SeasonalNaive,1737.1,2149.8
B-Sedan,4,2023-05-31,12,3,2023-08-31,SeasonalNaive,2009.2,2077.4
B-Sedan,4,2023-05-31,12,4,2023-09-30,SeasonalNaive,2076.3,2577.9
B-Sedan,4,2023-05-31,12,5,2023-10-31,SeasonalNaive,2831.2,2728.0
B-Sedan,4,2023-05-31,12,6,2023-11-30,SeasonalNaive,1927.6,2502.2
B-Sedan,4,2023-05-31,12,7,2023-12-31,SeasonalNaive,2213.4,2225.0
B-Sedan,4,2023-05-31,12,8,2024-01-31,SeasonalNaive,3020.4,2364.6
B-Sedan,4,2023-05-31,12,9,2024-02-29,SeasonalNaive,2684.8,2668.6
B-Sedan,4,2023-05-31,12,10,2024-03-31,SeasonalNaive,2446.2,2188.4
B-Sedan,4,2023-05-31,12,11,2024-04-30,SeasonalNaive,2425.6,2768.7
B-Sedan,4,2023-05-31,12,12,2024-05-31,SeasonalNaive,2553.6,2796.9
B-Sedan,4,2023-05-31,12,1,2023-06-30,MovingAverage6,2524.7,2502.0333333333333
B-Sedan,4,2023-05-31,12,2,2023-07-31,MovingAverage6,1737.1,2502.0333333333333
B-Sedan,4,2023-05-31,12,3,2023-08-31,MovingAverage6,2009.2,2502.0333333333333
B-Sedan,4,2023-05-31,12,4,2023-09-30,MovingAverage6,2076.3,2502.0333333333333
B-Sedan,4,2023-05-31,12,5,2023-10-31,MovingAverage6,2831.2,2502.0333333333333
B-Sedan,4,2023-05-31,12,6,2023-11-30,MovingAverage6,1927.6,2502.0333333333333
B-Sedan,4,2023-05-31,12,7,2023-12-31,MovingAverage6,2213.4,2502.0333333333333
B-Sedan,4,2023-05-31,12,8,2024-01-31,MovingAverage6,3020.4,2502.0333333333333
B-Sedan,4,2023-05-31,12,9,2024-02-29,MovingAverage6,2684.8,2502.0333333333333
B-Sedan,4,2023-05-31,12,10,2024-03-31,MovingAverage6,2446.2,2502.0333333333333
B-Sedan,4,2023-05-31,12,11,2024-04-30,MovingAverage6,2425.6,2502.0333333333333
B-Sedan,4,2023-05-31,12,12,2024-05-31,MovingAverage6,2553.6,2502.0333333333333
B-Sedan,4,2023-05-31,12,1,2023-06-30,XGBoost,2524.7,2649.670166015625
B-Sedan,4,2023-05-31,12,2,2023-07-31,XGBoost,1737.1,2416.057373046875
B-Sedan,4,2023-05-31,12,3,2023-08-31,XGBoost,2009.2,2397.912841796875
B-Sedan,4,2023-05-31,12,4,2023-09-30,XGBoost,2076.3,2671.4267578125
B-Sedan,4,2023-05-31,12,5,2023-10-31,XGBoost,2831.2,2593.3779296875
B-Sedan,4,2023-05-31,12,6,2023-11-30,XGBoost,1927.6,2596.2802734375
B-Sedan,4,2023-05-31,12,7,2023-12-31,XGBoost,2213.4,2613.108642578125
B-Sedan,4,2023-05-31,12,8,2024-01-31,XGBoost,3020.4,2716.448486328125
B-Sedan,4,2023-05-31,12,9,2024-02-29,XGBoost,2684.8,2724.019775390625
B-Sedan,4,2023-05-31,12,10,2024-03-31,XGBoost,2446.2,2722.307373046875
B-Sedan,4,2023-05-31,12,11,2024-04-30,XGBoost,2425.6,2741.840087890625
B-Sedan,4,2023-05-31,12,12,2024-05-31,XGBoost,2553.6,2746.288818359375
B-Sedan,4,2023-05-31,12,1,2023-06-30,DeepAR,2524.7,2619.443603515625
B-Sedan,4,2023-05-31,12,2,2023-07-31,DeepAR,1737.1,2635.705322265625
B-Sedan,4,2023-05-31,12,3,2023-08-31,DeepAR,2009.2,2568.717041015625
B-Sedan,4,2023-05-31,12,4,2023-09-30,DeepAR,2076.3,2577.10107421875
B-Sedan,4,2023-05-31,12,5,2023-10-31,DeepAR,2831.2,2540.208984375
B-Sedan,4,2023-05-31,12,6,2023-11-30,DeepAR,1927.6,2636.392578125
B-Sedan,4,2023-05-31,12,7,2023-12-31,DeepAR,2213.4,2590.811279296875
B-Sedan,4,2023-05-31,12,8,2024-01-31,DeepAR,3020.4,2617.2861328125
B-Sedan,4,2023-05-31,12,9,2024-02-29,DeepAR,2684.8,2637.90283203125
B-Sedan,4,2023-05-31,12,10,2024-03-31,DeepAR,2446.2,2558.77490234375
B-Sedan,4,2023-05-31,12,11,2024-04-30,DeepAR,2425.6,2604.07421875
B-Sedan,4,2023-05-31,12,12,2024-05-31,DeepAR,2553.6,2633.6337890625
B-Sedan,4,2023-05-31,12,1,2023-06-30,LeakageSafeEnsemble,2524.7,2635.924204286713
B-Sedan,4,2023-05-31,12,2,2023-07-31,LeakageSafeEnsemble,1737.1,2515.9454235789353
B-Sedan,4,2023-05-31,12,3,2023-08-31,LeakageSafeEnsemble,2009.2,2475.5885047652837
B-Sedan,4,2023-05-31,12,4,2023-09-30,LeakageSafeEnsemble,2076.3,2628.5308991208817
B-Sedan,4,2023-05-31,12,5,2023-10-31,LeakageSafeEnsemble,2831.2,2569.1986545486607
B-Sedan,4,2023-05-31,12,6,2023-11-30,LeakageSafeEnsemble,1927.6,2614.5220008235956
B-Sedan,4,2023-05-31,12,7,2023-12-31,LeakageSafeEnsemble,2213.4,2602.9686863874904
B-Sedan,4,2023-05-31,12,8,2024-01-31,LeakageSafeEnsemble,3020.4,2671.3530986633355
B-Sedan,4,2023-05-31,12,9,2024-02-29,LeakageSafeEnsemble,2684.8,2684.85700314775
B-Sedan,4,2023-05-31,12,10,2024-03-31,LeakageSafeEnsemble,2446.2,2647.9387609845817
B-Sedan,4,2023-05-31,12,11,2024-04-30,LeakageSafeEnsemble,2425.6,2679.1891573760304
B-Sedan,4,2023-05-31,12,12,2024-05-31,LeakageSafeEnsemble,2553.6,2695.0574421974416
B-Sedan,5,2023-08-31,3,1,2023-09-30,LastValue,2076.3,2009.2
B-Sedan,5,2023-08-31,3,2,2023-10-31,LastValue,2831.2,2009.2
B-Sedan,5,2023-08-31,3,3,2023-11-30,LastValue,1927.6,2009.2
B-Sedan,5,2023-08-31,3,1,2023-09-30,SeasonalNaive,2076.3,2577.9
B-Sedan,5,2023-08-31,3,2,2023-10-31,SeasonalNaive,2831.2,2728.0
B-Sedan,5,2023-08-31,3,3,2023-11-30,SeasonalNaive,1927.6,2502.2
B-Sedan,5,2023-08-31,3,1,2023-09-30,MovingAverage6,2076.3,2337.5000000000005
B-Sedan,5,2023-08-31,3,2,2023-10-31,MovingAverage6,2831.2,2337.5000000000005
B-Sedan,5,2023-08-31,3,3,2023-11-30,MovingAverage6,1927.6,2337.5000000000005
B-Sedan,5,2023-08-31,3,1,2023-09-30,XGBoost,2076.3,2402.400390625
B-Sedan,5,2023-08-31,3,2,2023-10-31,XGBoost,2831.2,2282.76953125
B-Sedan,5,2023-08-31,3,3,2023-11-30,XGBoost,1927.6,2292.773193359375
B-Sedan,5,2023-08-31,3,1,2023-09-30,DeepAR,2076.3,2621.58154296875
B-Sedan,5,2023-08-31,3,2,2023-10-31,DeepAR,2831.2,2644.70947265625
B-Sedan,5,2023-08-31,3,3,2023-11-30,DeepAR,1927.6,2584.15673828125
B-Sedan,5,2023-08-31,3,1,2023-09-30,LeakageSafeEnsemble,2076.3,2504.4443738431946
B-Sedan,5,2023-08-31,3,2,2023-10-31,LeakageSafeEnsemble,2831.2,2451.2775773594576
B-Sedan,5,2023-08-31,3,3,2023-11-30,LeakageSafeEnsemble,1927.6,2428.432402640501
B-Sedan,5,2023-08-31,6,1,2023-09-30,LastValue,2076.3,2009.2
B-Sedan,5,2023-08-31,6,2,2023-10-31,LastValue,2831.2,2009.2
B-Sedan,5,2023-08-31,6,3,2023-11-30,LastValue,1927.6,2009.2
B-Sedan,5,2023-08-31,6,4,2023-12-31,LastValue,2213.4,2009.2
B-Sedan,5,2023-08-31,6,5,2024-01-31,LastValue,3020.4,2009.2
B-Sedan,5,2023-08-31,6,6,2024-02-29,LastValue,2684.8,2009.2
B-Sedan,5,2023-08-31,6,1,2023-09-30,SeasonalNaive,2076.3,2577.9
B-Sedan,5,2023-08-31,6,2,2023-10-31,SeasonalNaive,2831.2,2728.0
B-Sedan,5,2023-08-31,6,3,2023-11-30,SeasonalNaive,1927.6,2502.2
B-Sedan,5,2023-08-31,6,4,2023-12-31,SeasonalNaive,2213.4,2225.0
B-Sedan,5,2023-08-31,6,5,2024-01-31,SeasonalNaive,3020.4,2364.6
B-Sedan,5,2023-08-31,6,6,2024-02-29,SeasonalNaive,2684.8,2668.6
B-Sedan,5,2023-08-31,6,1,2023-09-30,MovingAverage6,2076.3,2337.5000000000005
B-Sedan,5,2023-08-31,6,2,2023-10-31,MovingAverage6,2831.2,2337.5000000000005
B-Sedan,5,2023-08-31,6,3,2023-11-30,MovingAverage6,1927.6,2337.5000000000005
B-Sedan,5,2023-08-31,6,4,2023-12-31,MovingAverage6,2213.4,2337.5000000000005
B-Sedan,5,2023-08-31,6,5,2024-01-31,MovingAverage6,3020.4,2337.5000000000005
B-Sedan,5,2023-08-31,6,6,2024-02-29,MovingAverage6,2684.8,2337.5000000000005
B-Sedan,5,2023-08-31,6,1,2023-09-30,XGBoost,2076.3,2402.400390625
B-Sedan,5,2023-08-31,6,2,2023-10-31,XGBoost,2831.2,2282.76953125
B-Sedan,5,2023-08-31,6,3,2023-11-30,XGBoost,1927.6,2292.773193359375
B-Sedan,5,2023-08-31,6,4,2023-12-31,XGBoost,2213.4,2400.37841796875
B-Sedan,5,2023-08-31,6,5,2024-01-31,XGBoost,3020.4,2593.44775390625
B-Sedan,5,2023-08-31,6,6,2024-02-29,XGBoost,2684.8,2601.7060546875
B-Sedan,5,2023-08-31,6,1,2023-09-30,DeepAR,2076.3,2621.58154296875
B-Sedan,5,2023-08-31,6,2,2023-10-31,DeepAR,2831.2,2644.70947265625
B-Sedan,5,2023-08-31,6,3,2023-11-30,DeepAR,1927.6,2584.15673828125
B-Sedan,5,2023-08-31,6,4,2023-12-31,DeepAR,2213.4,2590.831298828125
B-Sedan,5,2023-08-31,6,5,2024-01-31,DeepAR,3020.4,2566.588134765625
B-Sedan,5,2023-08-31,6,6,2024-02-29,DeepAR,2684.8,2667.071044921875
B-Sedan,5,2023-08-31,6,1,2023-09-30,LeakageSafeEnsemble,2076.3,2504.4443738431946
B-Sedan,5,2023-08-31,6,2,2023-10-31,LeakageSafeEnsemble,2831.2,2451.2775773594576
B-Sedan,5,2023-08-31,6,3,2023-11-30,LeakageSafeEnsemble,1927.6,2428.432402640501
B-Sedan,5,2023-08-31,6,4,2023-12-31,LeakageSafeEnsemble,2213.4,2489.047440824479
B-Sedan,5,2023-08-31,6,5,2024-01-31,LeakageSafeEnsemble,3020.4,2580.942699194753
B-Sedan,5,2023-08-31,6,6,2024-02-29,LeakageSafeEnsemble,2684.8,2632.1380216658304
B-Sedan,5,2023-08-31,12,1,2023-09-30,LastValue,2076.3,2009.2
B-Sedan,5,2023-08-31,12,2,2023-10-31,LastValue,2831.2,2009.2
B-Sedan,5,2023-08-31,12,3,2023-11-30,LastValue,1927.6,2009.2
B-Sedan,5,2023-08-31,12,4,2023-12-31,LastValue,2213.4,2009.2
B-Sedan,5,2023-08-31,12,5,2024-01-31,LastValue,3020.4,2009.2
B-Sedan,5,2023-08-31,12,6,2024-02-29,LastValue,2684.8,2009.2
B-Sedan,5,2023-08-31,12,7,2024-03-31,LastValue,2446.2,2009.2
B-Sedan,5,2023-08-31,12,8,2024-04-30,LastValue,2425.6,2009.2
B-Sedan,5,2023-08-31,12,9,2024-05-31,LastValue,2553.6,2009.2
B-Sedan,5,2023-08-31,12,10,2024-06-30,LastValue,2312.7,2009.2
B-Sedan,5,2023-08-31,12,11,2024-07-31,LastValue,1952.3,2009.2
B-Sedan,5,2023-08-31,12,12,2024-08-31,LastValue,2164.7,2009.2
B-Sedan,5,2023-08-31,12,1,2023-09-30,SeasonalNaive,2076.3,2577.9
B-Sedan,5,2023-08-31,12,2,2023-10-31,SeasonalNaive,2831.2,2728.0
B-Sedan,5,2023-08-31,12,3,2023-11-30,SeasonalNaive,1927.6,2502.2
B-Sedan,5,2023-08-31,12,4,2023-12-31,SeasonalNaive,2213.4,2225.0
B-Sedan,5,2023-08-31,12,5,2024-01-31,SeasonalNaive,3020.4,2364.6
B-Sedan,5,2023-08-31,12,6,2024-02-29,SeasonalNaive,2684.8,2668.6
B-Sedan,5,2023-08-31,12,7,2024-03-31,SeasonalNaive,2446.2,2188.4
B-Sedan,5,2023-08-31,12,8,2024-04-30,SeasonalNaive,2425.6,2768.7
B-Sedan,5,2023-08-31,12,9,2024-05-31,SeasonalNaive,2553.6,2796.9
B-Sedan,5,2023-08-31,12,10,2024-06-30,SeasonalNaive,2312.7,2524.7
B-Sedan,5,2023-08-31,12,11,2024-07-31,SeasonalNaive,1952.3,1737.1
B-Sedan,5,2023-08-31,12,12,2024-08-31,SeasonalNaive,2164.7,2009.2
B-Sedan,5,2023-08-31,12,1,2023-09-30,MovingAverage6,2076.3,2337.5000000000005
B-Sedan,5,2023-08-31,12,2,2023-10-31,MovingAverage6,2831.2,2337.5000000000005
B-Sedan,5,2023-08-31,12,3,2023-11-30,MovingAverage6,1927.6,2337.5000000000005
B-Sedan,5,2023-08-31,12,4,2023-12-31,MovingAverage6,2213.4,2337.5000000000005
B-Sedan,5,2023-08-31,12,5,2024-01-31,MovingAverage6,3020.4,2337.5000000000005
B-Sedan,5,2023-08-31,12,6,2024-02-29,MovingAverage6,2684.8,2337.5000000000005
B-Sedan,5,2023-08-31,12,7,2024-03-31,MovingAverage6,2446.2,2337.5000000000005
B-Sedan,5,2023-08-31,12,8,2024-04-30,MovingAverage6,2425.6,2337.5000000000005
B-Sedan,5,2023-08-31,12,9,2024-05-31,MovingAverage6,2553.6,2337.5000000000005
B-Sedan,5,2023-08-31,12,10,2024-06-30,MovingAverage6,2312.7,2337.5000000000005
B-Sedan,5,2023-08-31,12,11,2024-07-31,MovingAverage6,1952.3,2337.5000000000005
B-Sedan,5,2023-08-31,12,12,2024-08-31,MovingAverage6,2164.7,2337.5000000000005
B-Sedan,5,2023-08-31,12,1,2023-09-30,XGBoost,2076.3,2402.400390625
B-Sedan,5,2023-08-31,12,2,2023-10-31,XGBoost,2831.2,2282.76953125
B-Sedan,5,2023-08-31,12,3,2023-11-30,XGBoost,1927.6,2292.773193359375
B-Sedan,5,2023-08-31,12,4,2023-12-31,XGBoost,2213.4,2400.37841796875
B-Sedan,5,2023-08-31,12,5,2024-01-31,XGBoost,3020.4,2593.44775390625
B-Sedan,5,2023-08-31,12,6,2024-02-29,XGBoost,2684.8,2601.7060546875
B-Sedan,5,2023-08-31,12,7,2024-03-31,XGBoost,2446.2,2595.5830078125
B-Sedan,5,2023-08-31,12,8,2024-04-30,XGBoost,2425.6,2624.67041015625
B-Sedan,5,2023-08-31,12,9,2024-05-31,XGBoost,2553.6,2598.9521484375
B-Sedan,5,2023-08-31,12,10,2024-06-30,XGBoost,2312.7,2402.721923828125
B-Sedan,5,2023-08-31,12,11,2024-07-31,XGBoost,1952.3,2056.1669921875
B-Sedan,5,2023-08-31,12,12,2024-08-31,XGBoost,2164.7,2046.3692626953125
B-Sedan,5,2023-08-31,12,1,2023-09-30,DeepAR,2076.3,2621.58154296875
B-Sedan,5,2023-08-31,12,2,2023-10-31,DeepAR,2831.2,2644.70947265625
B-Sedan,5,2023-08-31,12,3,2023-11-30,DeepAR,1927.6,2584.15673828125
B-Sedan,5,2023-08-31,12,4,2023-12-31,DeepAR,2213.4,2590.831298828125
B-Sedan,5,2023-08-31,12,5,2024-01-31,DeepAR,3020.4,2566.588134765625
B-Sedan,5,2023-08-31,12,6,2024-02-29,DeepAR,2684.8,2667.071044921875
B-Sedan,5,2023-08-31,12,7,2024-03-31,DeepAR,2446.2,2621.573486328125
B-Sedan,5,2023-08-31,12,8,2024-04-30,DeepAR,2425.6,2635.28662109375
B-Sedan,5,2023-08-31,12,9,2024-05-31,DeepAR,2553.6,2649.622802734375
B-Sedan,5,2023-08-31,12,10,2024-06-30,DeepAR,2312.7,2562.62841796875
B-Sedan,5,2023-08-31,12,11,2024-07-31,DeepAR,1952.3,2602.4677734375
B-Sedan,5,2023-08-31,12,12,2024-08-31,DeepAR,2164.7,2629.79443359375
B-Sedan,5,2023-08-31,12,1,2023-09-30,LeakageSafeEnsemble,2076.3,2504.4443738431946
B-Sedan,5,2023-08-31,12,2,2023-10-31,LeakageSafeEnsemble,2831.2,2451.2775773594576
B-Sedan,5,2023-08-31,12,3,2023-11-30,LeakageSafeEnsemble,1927.6,2428.432402640501
B-Sedan,5,2023-08-31,12,4,2023-12-31,LeakageSafeEnsemble,2213.4,2489.047440824479
B-Sedan,5,2023-08-31,12,5,2024-01-31,LeakageSafeEnsemble,3020.4,2580.942699194753
B-Sedan,5,2023-08-31,12,6,2024-02-29,LeakageSafeEnsemble,2684.8,2632.1380216658304
B-Sedan,5,2023-08-31,12,7,2024-03-31,LeakageSafeEnsemble,2446.2,2607.6834207710144
B-Sedan,5,2023-08-31,12,8,2024-04-30,LeakageSafeEnsemble,2425.6,2629.6129999904188
B-Sedan,5,2023-08-31,12,9,2024-05-31,LeakageSafeEnsemble,2553.6,2622.5428557240784
B-Sedan,5,2023-08-31,12,10,2024-06-30,LeakageSafeEnsemble,2312.7,2477.1694895072096
B-Sedan,5,2023-08-31,12,11,2024-07-31,LeakageSafeEnsemble,1952.3,2310.5078716970793
B-Sedan,5,2023-08-31,12,12,2024-08-31,LeakageSafeEnsemble,2164.7,2317.9941169927633
B-Sedan,6,2023-11-30,3,1,2023-12-31,LastValue,2213.4,1927.6
B-Sedan,6,2023-11-30,3,2,2024-01-31,LastValue,3020.4,1927.6
B-Sedan,6,2023-11-30,3,3,2024-02-29,LastValue,2684.8,1927.6
B-Sedan,6,2023-11-30,3,1,2023-12-31,SeasonalNaive,2213.4,2225.0
B-Sedan,6,2023-11-30,3,2,2024-01-31,SeasonalNaive,3020.4,2364.6
B-Sedan,6,2023-11-30,3,3,2024-02-29,SeasonalNaive,2684.8,2668.6
B-Sedan,6,2023-11-30,3,1,2023-12-31,MovingAverage6,2213.4,2184.35
B-Sedan,6,2023-11-30,3,2,2024-01-31,MovingAverage6,3020.4,2184.35
B-Sedan,6,2023-11-30,3,3,2024-02-29,MovingAverage6,2684.8,2184.35
B-Sedan,6,2023-11-30,3,1,2023-12-31,XGBoost,2213.4,2228.671142578125
B-Sedan,6,2023-11-30,3,2,2024-01-31,XGBoost,3020.4,2482.656982421875
B-Sedan,6,2023-11-30,3,3,2024-02-29,XGBoost,2684.8,2526.418212890625
B-Sedan,6,2023-11-30,3,1,2023-12-31,DeepAR,2213.4,2585.5908203125
B-Sedan,6,2023-11-30,3,2,2024-01-31,DeepAR,3020.4,2621.235107421875
B-Sedan,6,2023-11-30,3,3,2024-02-29,DeepAR,2684.8,2561.198974609375
B-Sedan,6,2023-11-30,3,1,2023-12-31,LeakageSafeEnsemble,2213.4,2390.568456632802
B-Sedan,6,2023-11-30,3,2,2024-01-31,LeakageSafeEnsemble,3020.4,2545.5154888852476
B-Sedan,6,2023-11-30,3,3,2024-02-29,LeakageSafeEnsemble,2684.8,2542.19460159314
B-Sedan,6,2023-11-30,6,1,2023-12-31,LastValue,2213.4,1927.6
B-Sedan,6,2023-11-30,6,2,2024-01-31,LastValue,3020.4,1927.6
B-Sedan,6,2023-11-30,6,3,2024-02-29,LastValue,2684.8,1927.6
B-Sedan,6,2023-11-30,6,4,2024-03-31,LastValue,2446.2,1927.6
B-Sedan,6,2023-11-30,6,5,2024-04-30,LastValue,2425.6,1927.6
B-Sedan,6,2023-11-30,6,6,2024-05-31,LastValue,2553.6,1927.6
B-Sedan,6,2023-11-30,6,1,2023-12-31,SeasonalNaive,2213.4,2225.0
B-Sedan,6,2023-11-30,6,2,2024-01-31,SeasonalNaive,3020.4,2364.6
B-Sedan,6,2023-11-30,6,3,2024-02-29,SeasonalNaive,2684.8,2668.6
B-Sedan,6,2023-11-30,6,4,2024-03-31,SeasonalNaive,2446.2,2188.4
B-Sedan,6,2023-11-30,6,5,2024-04-30,SeasonalNaive,2425.6,2768.7
B-Sedan,6,2023-11-30,6,6,2024-05-31,SeasonalNaive,2553.6,2796.9
B-Sedan,6,2023-11-30,6,1,2023-12-31,MovingAverage6,2213.4,2184.35
B-Sedan,6,2023-11-30,6,2,2024-01-31,MovingAverage6,3020.4,2184.35
B-Sedan,6,2023-11-30,6,3,2024-02-29,MovingAverage6,2684.8,2184.35
B-Sedan,6,2023-11-30,6,4,2024-03-31,MovingAverage6,2446.2,2184.35
B-Sedan,6,2023-11-30,6,5,2024-04-30,MovingAverage6,2425.6,2184.35
B-Sedan,6,2023-11-30,6,6,2024-05-31,MovingAverage6,2553.6,2184.35
B-Sedan,6,2023-11-30,6,1,2023-12-31,XGBoost,2213.4,2228.671142578125
B-Sedan,6,2023-11-30,6,2,2024-01-31,XGBoost,3020.4,2482.656982421875
B-Sedan,6,2023-11-30,6,3,2024-02-29,XGBoost,2684.8,2526.418212890625
B-Sedan,6,2023-11-30,6,4,2024-03-31,XGBoost,2446.2,2535.093505859375
B-Sedan,6,2023-11-30,6,5,2024-04-30,XGBoost,2425.6,2596.100830078125
B-Sedan,6,2023-11-30,6,6,2024-05-31,XGBoost,2553.6,2571.256591796875
B-Sedan,6,2023-11-30,6,1,2023-12-31,DeepAR,2213.4,2585.5908203125
B-Sedan,6,2023-11-30,6,2,2024-01-31,DeepAR,3020.4,2621.235107421875
B-Sedan,6,2023-11-30,6,3,2024-02-29,DeepAR,2684.8,2561.198974609375
B-Sedan,6,2023-11-30,6,4,2024-03-31,DeepAR,2446.2,2571.683837890625
B-Sedan,6,2023-11-30,6,5,2024-04-30,DeepAR,2425.6,2533.3095703125
B-Sedan,6,2023-11-30,6,6,2024-05-31,DeepAR,2553.6,2630.8828125
B-Sedan,6,2023-11-30,6,1,2023-12-31,LeakageSafeEnsemble,2213.4,2390.568456632802
B-Sedan,6,2023-11-30,6,2,2024-01-31,LeakageSafeEnsemble,3020.4,2545.5154888852476
B-Sedan,6,2023-11-30,6,3,2024-02-29,LeakageSafeEnsemble,2684.8,2542.19460159314
B-Sedan,6,2023-11-30,6,4,2024-03-31,LeakageSafeEnsemble,2446.2,2551.690726698999
B-Sedan,6,2023-11-30,6,5,2024-04-30,LeakageSafeEnsemble,2425.6,2567.6189119586215
B-Sedan,6,2023-11-30,6,6,2024-05-31,LeakageSafeEnsemble,2553.6,2598.3027809212226
B-Sedan,6,2023-11-30,12,1,2023-12-31,LastValue,2213.4,1927.6
B-Sedan,6,2023-11-30,12,2,2024-01-31,LastValue,3020.4,1927.6
B-Sedan,6,2023-11-30,12,3,2024-02-29,LastValue,2684.8,1927.6
B-Sedan,6,2023-11-30,12,4,2024-03-31,LastValue,2446.2,1927.6
B-Sedan,6,2023-11-30,12,5,2024-04-30,LastValue,2425.6,1927.6
B-Sedan,6,2023-11-30,12,6,2024-05-31,LastValue,2553.6,1927.6
B-Sedan,6,2023-11-30,12,7,2024-06-30,LastValue,2312.7,1927.6
B-Sedan,6,2023-11-30,12,8,2024-07-31,LastValue,1952.3,1927.6
B-Sedan,6,2023-11-30,12,9,2024-08-31,LastValue,2164.7,1927.6
B-Sedan,6,2023-11-30,12,10,2024-09-30,LastValue,1732.5,1927.6
B-Sedan,6,2023-11-30,12,11,2024-10-31,LastValue,2113.9,1927.6
B-Sedan,6,2023-11-30,12,12,2024-11-30,LastValue,2288.7,1927.6
B-Sedan,6,2023-11-30,12,1,2023-12-31,SeasonalNaive,2213.4,2225.0
B-Sedan,6,2023-11-30,12,2,2024-01-31,SeasonalNaive,3020.4,2364.6
B-Sedan,6,2023-11-30,12,3,2024-02-29,SeasonalNaive,2684.8,2668.6
B-Sedan,6,2023-11-30,12,4,2024-03-31,SeasonalNaive,2446.2,2188.4
B-Sedan,6,2023-11-30,12,5,2024-04-30,SeasonalNaive,2425.6,2768.7
B-Sedan,6,2023-11-30,12,6,2024-05-31,SeasonalNaive,2553.6,2796.9
B-Sedan,6,2023-11-30,12,7,2024-06-30,SeasonalNaive,2312.7,2524.7
B-Sedan,6,2023-11-30,12,8,2024-07-31,SeasonalNaive,1952.3,1737.1
B-Sedan,6,2023-11-30,12,9,2024-08-31,SeasonalNaive,2164.7,2009.2
B-Sedan,6,2023-11-30,12,10,2024-09-30,SeasonalNaive,1732.5,2076.3
B-Sedan,6,2023-11-30,12,11,2024-10-31,SeasonalNaive,2113.9,2831.2
B-Sedan,6,2023-11-30,12,12,2024-11-30,SeasonalNaive,2288.7,1927.6
B-Sedan,6,2023-11-30,12,1,2023-12-31,MovingAverage6,2213.4,2184.35
B-Sedan,6,2023-11-30,12,2,2024-01-31,MovingAverage6,3020.4,2184.35
B-Sedan,6,2023-11-30,12,3,2024-02-29,MovingAverage6,2684.8,2184.35
B-Sedan,6,2023-11-30,12,4,2024-03-31,MovingAverage6,2446.2,2184.35
B-Sedan,6,2023-11-30,12,5,2024-04-30,MovingAverage6,2425.6,2184.35
B-Sedan,6,2023-11-30,12,6,2024-05-31,MovingAverage6,2553.6,2184.35
B-Sedan,6,2023-11-30,12,7,2024-06-30,MovingAverage6,2312.7,2184.35
B-Sedan,6,2023-11-30,12,8,2024-07-31,MovingAverage6,1952.3,2184.35
B-Sedan,6,2023-11-30,12,9,2024-08-31,MovingAverage6,2164.7,2184.35
B-Sedan,6,2023-11-30,12,10,2024-09-30,MovingAverage6,1732.5,2184.35
B-Sedan,6,2023-11-30,12,11,2024-10-31,MovingAverage6,2113.9,2184.35
B-Sedan,6,2023-11-30,12,12,2024-11-30,MovingAverage6,2288.7,2184.35
B-Sedan,6,2023-11-30,12,1,2023-12-31,XGBoost,2213.4,2228.671142578125
B-Sedan,6,2023-11-30,12,2,2024-01-31,XGBoost,3020.4,2482.656982421875
B-Sedan,6,2023-11-30,12,3,2024-02-29,XGBoost,2684.8,2526.418212890625
B-Sedan,6,2023-11-30,12,4,2024-03-31,XGBoost,2446.2,2535.093505859375
B-Sedan,6,2023-11-30,12,5,2024-04-30,XGBoost,2425.6,2596.100830078125
B-Sedan,6,2023-11-30,12,6,2024-05-31,XGBoost,2553.6,2571.256591796875
B-Sedan,6,2023-11-30,12,7,2024-06-30,XGBoost,2312.7,2371.914794921875
B-Sedan,6,2023-11-30,12,8,2024-07-31,XGBoost,1952.3,2017.7943115234375
B-Sedan,6,2023-11-30,12,9,2024-08-31,XGBoost,2164.7,2047.2999267578125
B-Sedan,6,2023-11-30,12,10,2024-09-30,XGBoost,1732.5,2210.997802734375
B-Sedan,6,2023-11-30,12,11,2024-10-31,XGBoost,2113.9,2183.224609375
B-Sedan,6,2023-11-30,12,12,2024-11-30,XGBoost,2288.7,2091.964111328125
B-Sedan,6,2023-11-30,12,1,2023-12-31,DeepAR,2213.4,2585.5908203125
B-Sedan,6,2023-11-30,12,2,2024-01-31,DeepAR,3020.4,2621.235107421875
B-Sedan,6,2023-11-30,12,3,2024-02-29,DeepAR,2684.8,2561.198974609375
B-Sedan,6,2023-11-30,12,4,2024-03-31,DeepAR,2446.2,2571.683837890625
B-Sedan,6,2023-11-30,12,5,2024-04-30,DeepAR,2425.6,2533.3095703125
B-Sedan,6,2023-11-30,12,6,2024-05-31,DeepAR,2553.6,2630.8828125
B-Sedan,6,2023-11-30,12,7,2024-06-30,DeepAR,2312.7,2575.938232421875
B-Sedan,6,2023-11-30,12,8,2024-07-31,DeepAR,1952.3,2584.124267578125
B-Sedan,6,2023-11-30,12,9,2024-08-31,DeepAR,2164.7,2594.6728515625
B-Sedan,6,2023-11-30,12,10,2024-09-30,DeepAR,1732.5,2515.42822265625
B-Sedan,6,2023-11-30,12,11,2024-10-31,DeepAR,2113.9,2559.95068359375
B-Sedan,6,2023-11-30,12,12,2024-11-30,DeepAR,2288.7,2590.1298828125
B-Sedan,6,2023-11-30,12,1,2023-12-31,LeakageSafeEnsemble,2213.4,2390.568456632802
B-Sedan,6,2023-11-30,12,2,2024-01-31,LeakageSafeEnsemble,3020.4,2545.5154888852476
B-Sedan,6,2023-11-30,12,3,2024-02-29,LeakageSafeEnsemble,2684.8,2542.19460159314
B-Sedan,6,2023-11-30,12,4,2024-03-31,LeakageSafeEnsemble,2446.2,2551.690726698999
B-Sedan,6,2023-11-30,12,5,2024-04-30,LeakageSafeEnsemble,2425.6,2567.6189119586215
B-Sedan,6,2023-11-30,12,6,2024-05-31,LeakageSafeEnsemble,2553.6,2598.3027809212226
B-Sedan,6,2023-11-30,12,7,2024-06-30,LeakageSafeEnsemble,2312.7,2464.4590034841567
B-Sedan,6,2023-11-30,12,8,2024-07-31,LeakageSafeEnsemble,1952.3,2274.6792353390647
B-Sedan,6,2023-11-30,12,9,2024-08-31,LeakageSafeEnsemble,2164.7,2295.58597776018
B-Sedan,6,2023-11-30,12,10,2024-09-30,LeakageSafeEnsemble,1732.5,2349.0861314281974
B-Sedan,6,2023-11-30,12,11,2024-10-31,LeakageSafeEnsemble,2113.9,2354.1060430708762
B-Sedan,6,2023-11-30,12,12,2024-11-30,LeakageSafeEnsemble,2288.7,2317.930091032673
B-Sedan,7,2024-02-29,3,1,2024-03-31,LastValue,2446.2,2684.8
B-Sedan,7,2024-02-29,3,2,2024-04-30,LastValue,2425.6,2684.8
B-Sedan,7,2024-02-29,3,3,2024-05-31,LastValue,2553.6,2684.8
B-Sedan,7,2024-02-29,3,1,2024-03-31,SeasonalNaive,2446.2,2188.4
B-Sedan,7,2024-02-29,3,2,2024-04-30,SeasonalNaive,2425.6,2768.7
B-Sedan,7,2024-02-29,3,3,2024-05-31,SeasonalNaive,2553.6,2796.9
B-Sedan,7,2024-02-29,3,1,2024-03-31,MovingAverage6,2446.2,2458.9500000000003
B-Sedan,7,2024-02-29,3,2,2024-04-30,MovingAverage6,2425.6,2458.9500000000003
B-Sedan,7,2024-02-29,3,3,2024-05-31,MovingAverage6,2553.6,2458.9500000000003
B-Sedan,7,2024-02-29,3,1,2024-03-31,XGBoost,2446.2,2707.50341796875
B-Sedan,7,2024-02-29,3,2,2024-04-30,XGBoost,2425.6,2732.27734375
B-Sedan,7,2024-02-29,3,3,2024-05-31,XGBoost,2553.6,2705.136474609375
B-Sedan,7,2024-02-29,3,1,2024-03-31,DeepAR,2446.2,2542.726806640625
B-Sedan,7,2024-02-29,3,2,2024-04-30,DeepAR,2425.6,2563.837158203125
B-Sedan,7,2024-02-29,3,3,2024-05-31,DeepAR,2553.6,2501.5771484375
B-Sedan,7,2024-02-29,3,1,2024-03-31,LeakageSafeEnsemble,2446.2,2635.443541634896
B-Sedan,7,2024-02-29,3,2,2024-04-30,LeakageSafeEnsemble,2425.6,2658.6153064936266
B-Sedan,7,2024-02-29,3,3,2024-05-31,LeakageSafeEnsemble,2553.6,2616.116129079147
B-Sedan,7,2024-02-29,6,1,2024-03-31,LastValue,2446.2,2684.8
B-Sedan,7,2024-02-29,6,2,2024-04-30,LastValue,2425.6,2684.8
B-Sedan,7,2024-02-29,6,3,2024-05-31,LastValue,2553.6,2684.8
B-Sedan,7,2024-02-29,6,4,2024-06-30,LastValue,2312.7,2684.8
B-Sedan,7,2024-02-29,6,5,2024-07-31,LastValue,1952.3,2684.8
B-Sedan,7,2024-02-29,6,6,2024-08-31,LastValue,2164.7,2684.8
B-Sedan,7,2024-02-29,6,1,2024-03-31,SeasonalNaive,2446.2,2188.4
B-Sedan,7,2024-02-29,6,2,2024-04-30,SeasonalNaive,2425.6,2768.7
B-Sedan,7,2024-02-29,6,3,2024-05-31,SeasonalNaive,2553.6,2796.9
B-Sedan,7,2024-02-29,6,4,2024-06-30,SeasonalNaive,2312.7,2524.7
B-Sedan,7,2024-02-29,6,5,2024-07-31,SeasonalNaive,1952.3,1737.1
B-Sedan,7,2024-02-29,6,6,2024-08-31,SeasonalNaive,2164.7,2009.2
B-Sedan,7,2024-02-29,6,1,2024-03-31,MovingAverage6,2446.2,2458.9500000000003
B-Sedan,7,2024-02-29,6,2,2024-04-30,MovingAverage6,2425.6,2458.9500000000003
B-Sedan,7,2024-02-29,6,3,2024-05-31,MovingAverage6,2553.6,2458.9500000000003
B-Sedan,7,2024-02-29,6,4,2024-06-30,MovingAverage6,2312.7,2458.9500000000003
B-Sedan,7,2024-02-29,6,5,2024-07-31,MovingAverage6,1952.3,2458.9500000000003
B-Sedan,7,2024-02-29,6,6,2024-08-31,MovingAverage6,2164.7,2458.9500000000003
B-Sedan,7,2024-02-29,6,1,2024-03-31,XGBoost,2446.2,2707.50341796875
B-Sedan,7,2024-02-29,6,2,2024-04-30,XGBoost,2425.6,2732.27734375
B-Sedan,7,2024-02-29,6,3,2024-05-31,XGBoost,2553.6,2705.136474609375
B-Sedan,7,2024-02-29,6,4,2024-06-30,XGBoost,2312.7,2459.059814453125
B-Sedan,7,2024-02-29,6,5,2024-07-31,XGBoost,1952.3,2145.373046875
B-Sedan,7,2024-02-29,6,6,2024-08-31,XGBoost,2164.7,2181.817138671875
B-Sedan,7,2024-02-29,6,1,2024-03-31,DeepAR,2446.2,2542.726806640625
B-Sedan,7,2024-02-29,6,2,2024-04-30,DeepAR,2425.6,2563.837158203125
B-Sedan,7,2024-02-29,6,3,2024-05-31,DeepAR,2553.6,2501.5771484375
B-Sedan,7,2024-02-29,6,4,2024-06-30,DeepAR,2312.7,2501.236328125
B-Sedan,7,2024-02-29,6,5,2024-07-31,DeepAR,1952.3,2460.790771484375
B-Sedan,7,2024-02-29,6,6,2024-08-31,DeepAR,2164.7,2553.31103515625
B-Sedan,7,2024-02-29,6,1,2024-03-31,LeakageSafeEnsemble,2446.2,2635.443541634896
B-Sedan,7,2024-02-29,6,2,2024-04-30,LeakageSafeEnsemble,2425.6,2658.6153064936266
B-Sedan,7,2024-02-29,6,3,2024-05-31,LeakageSafeEnsemble,2553.6,2616.116129079147
B-Sedan,7,2024-02-29,6,4,2024-06-30,LeakageSafeEnsemble,2312.7,2477.5043135249934
B-Sedan,7,2024-02-29,6,5,2024-07-31,LeakageSafeEnsemble,1952.3,2283.3109894248028
B-Sedan,7,2024-02-29,6,6,2024-08-31,LeakageSafeEnsemble,2164.7,2344.27815230928
B-Sedan,7,2024-02-29,12,1,2024-03-31,LastValue,2446.2,2684.8
B-Sedan,7,2024-02-29,12,2,2024-04-30,LastValue,2425.6,2684.8
B-Sedan,7,2024-02-29,12,3,2024-05-31,LastValue,2553.6,2684.8
B-Sedan,7,2024-02-29,12,4,2024-06-30,LastValue,2312.7,2684.8
B-Sedan,7,2024-02-29,12,5,2024-07-31,LastValue,1952.3,2684.8
B-Sedan,7,2024-02-29,12,6,2024-08-31,LastValue,2164.7,2684.8
B-Sedan,7,2024-02-29,12,7,2024-09-30,LastValue,1732.5,2684.8
B-Sedan,7,2024-02-29,12,8,2024-10-31,LastValue,2113.9,2684.8
B-Sedan,7,2024-02-29,12,9,2024-11-30,LastValue,2288.7,2684.8
B-Sedan,7,2024-02-29,12,10,2024-12-31,LastValue,2611.7,2684.8
B-Sedan,7,2024-02-29,12,11,2025-01-31,LastValue,2735.0,2684.8
B-Sedan,7,2024-02-29,12,12,2025-02-28,LastValue,2756.1,2684.8
B-Sedan,7,2024-02-29,12,1,2024-03-31,SeasonalNaive,2446.2,2188.4
B-Sedan,7,2024-02-29,12,2,2024-04-30,SeasonalNaive,2425.6,2768.7
B-Sedan,7,2024-02-29,12,3,2024-05-31,SeasonalNaive,2553.6,2796.9
B-Sedan,7,2024-02-29,12,4,2024-06-30,SeasonalNaive,2312.7,2524.7
B-Sedan,7,2024-02-29,12,5,2024-07-31,SeasonalNaive,1952.3,1737.1
B-Sedan,7,2024-02-29,12,6,2024-08-31,SeasonalNaive,2164.7,2009.2
B-Sedan,7,2024-02-29,12,7,2024-09-30,SeasonalNaive,1732.5,2076.3
B-Sedan,7,2024-02-29,12,8,2024-10-31,SeasonalNaive,2113.9,2831.2
B-Sedan,7,2024-02-29,12,9,2024-11-30,SeasonalNaive,2288.7,1927.6
B-Sedan,7,2024-02-29,12,10,2024-12-31,SeasonalNaive,2611.7,2213.4
B-Sedan,7,2024-02-29,12,11,2025-01-31,SeasonalNaive,2735.0,3020.4
B-Sedan,7,2024-02-29,12,12,2025-02-28,SeasonalNaive,2756.1,2684.8
B-Sedan,7,2024-02-29,12,1,2024-03-31,MovingAverage6,2446.2,2458.9500000000003
B-Sedan,7,2024-02-29,12,2,2024-04-30,MovingAverage6,2425.6,2458.9500000000003
B-Sedan,7,2024-02-29,12,3,2024-05-31,MovingAverage6,2553.6,2458.9500000000003
B-Sedan,7,2024-02-29,12,4,2024-06-30,MovingAverage6,2312.7,2458.9500000000003
B-Sedan,7,2024-02-29,12,5,2024-07-31,MovingAverage6,1952.3,2458.9500000000003
B-Sedan,7,2024-02-29,12,6,2024-08-31,MovingAverage6,2164.7,2458.9500000000003
B-Sedan,7,2024-02-29,12,7,2024-09-30,MovingAverage6,1732.5,2458.9500000000003
B-Sedan,7,2024-02-29,12,8,2024-10-31,MovingAverage6,2113.9,2458.9500000000003
B-Sedan,7,2024-02-29,12,9,2024-11-30,MovingAverage6,2288.7,2458.9500000000003
B-Sedan,7,2024-02-29,12,10,2024-12-31,MovingAverage6,2611.7,2458.9500000000003
B-Sedan,7,2024-02-29,12,11,2025-01-31,MovingAverage6,2735.0,2458.9500000000003
B-Sedan,7,2024-02-29,12,12,2025-02-28,MovingAverage6,2756.1,2458.9500000000003
B-Sedan,7,2024-02-29,12,1,2024-03-31,XGBoost,2446.2,2707.50341796875
B-Sedan,7,2024-02-29,12,2,2024-04-30,XGBoost,2425.6,2732.27734375
B-Sedan,7,2024-02-29,12,3,2024-05-31,XGBoost,2553.6,2705.136474609375
B-Sedan,7,2024-02-29,12,4,2024-06-30,XGBoost,2312.7,2459.059814453125
B-Sedan,7,2024-02-29,12,5,2024-07-31,XGBoost,1952.3,2145.373046875
B-Sedan,7,2024-02-29,12,6,2024-08-31,XGBoost,2164.7,2181.817138671875
B-Sedan,7,2024-02-29,12,7,2024-09-30,XGBoost,1732.5,2372.021484375
B-Sedan,7,2024-02-29,12,8,2024-10-31,XGBoost,2113.9,2392.6435546875
B-Sedan,7,2024-02-29,12,9,2024-11-30,XGBoost,2288.7,2343.897705078125
B-Sedan,7,2024-02-29,12,10,2024-12-31,XGBoost,2611.7,2427.4970703125
B-Sedan,7,2024-02-29,12,11,2025-01-31,XGBoost,2735.0,2754.033935546875
B-Sedan,7,2024-02-29,12,12,2025-02-28,XGBoost,2756.1,2749.83154296875
B-Sedan,7,2024-02-29,12,1,2024-03-31,DeepAR,2446.2,2542.726806640625
B-Sedan,7,2024-02-29,12,2,2024-04-30,DeepAR,2425.6,2563.837158203125
B-Sedan,7,2024-02-29,12,3,2024-05-31,DeepAR,2553.6,2501.5771484375
B-Sedan,7,2024-02-29,12,4,2024-06-30,DeepAR,2312.7,2501.236328125
B-Sedan,7,2024-02-29,12,5,2024-07-31,DeepAR,1952.3,2460.790771484375
B-Sedan,7,2024-02-29,12,6,2024-08-31,DeepAR,2164.7,2553.31103515625
B-Sedan,7,2024-02-29,12,7,2024-09-30,DeepAR,1732.5,2508.19970703125
B-Sedan,7,2024-02-29,12,8,2024-10-31,DeepAR,2113.9,2519.188232421875
B-Sedan,7,2024-02-29,12,9,2024-11-30,DeepAR,2288.7,2532.081298828125
B-Sedan,7,2024-02-29,12,10,2024-12-31,DeepAR,2611.7,2450.719970703125
B-Sedan,7,2024-02-29,12,11,2025-01-31,DeepAR,2735.0,2507.892333984375
B-Sedan,7,2024-02-29,12,12,2025-02-28,DeepAR,2756.1,2541.81787109375
B-Sedan,7,2024-02-29,12,1,2024-03-31,LeakageSafeEnsemble,2446.2,2635.443541634896
B-Sedan,7,2024-02-29,12,2,2024-04-30,LeakageSafeEnsemble,2425.6,2658.6153064936266
B-Sedan,7,2024-02-29,12,3,2024-05-31,LeakageSafeEnsemble,2553.6,2616.116129079147
B-Sedan,7,2024-02-29,12,4,2024-06-30,LeakageSafeEnsemble,2312.7,2477.5043135249934
B-Sedan,7,2024-02-29,12,5,2024-07-31,LeakageSafeEnsemble,1952.3,2283.3109894248028
B-Sedan,7,2024-02-29,12,6,2024-08-31,LeakageSafeEnsemble,2164.7,2344.27815230928
B-Sedan,7,2024-02-29,12,7,2024-09-30,LeakageSafeEnsemble,1732.5,2431.5746738480266
B-Sedan,7,2024-02-29,12,8,2024-10-31,LeakageSafeEnsemble,2113.9,2447.983796069816
B-Sedan,7,2024-02-29,12,9,2024-11-30,LeakageSafeEnsemble,2288.7,2426.193826731359
B-Sedan,7,2024-02-29,12,10,2024-12-31,LeakageSafeEnsemble,2611.7,2437.6528144512167
B-Sedan,7,2024-02-29,12,11,2025-01-31,LeakageSafeEnsemble,2735.0,2646.3915478991216
B-Sedan,7,2024-02-29,12,12,2025-02-28,LeakageSafeEnsemble,2756.1,2658.863308122777
B-Sedan,8,2024-05-31,3,1,2024-06-30,LastValue,2312.7,2553.6
B-Sedan,8,2024-05-31,3,2,2024-07-31,LastValue,1952.3,2553.6
B-Sedan,8,2024-05-31,3,3,2024-08-31,LastValue,2164.7,2553.6
B-Sedan,8,2024-05-31,3,1,2024-06-30,SeasonalNaive,2312.7,2524.7
B-Sedan,8,2024-05-31,3,2,2024-07-31,SeasonalNaive,1952.3,1737.1
B-Sedan,8,2024-05-31,3,3,2024-08-31,SeasonalNaive,2164.7,2009.2
B-Sedan,8,2024-05-31,3,1,2024-06-30,MovingAverage6,2312.7,2557.3333333333335
B-Sedan,8,2024-05-31,3,2,2024-07-31,MovingAverage6,1952.3,2557.3333333333335
B-Sedan,8,2024-05-31,3,3,2024-08-31,MovingAverage6,2164.7,2557.3333333333335
B-Sedan,8,2024-05-31,3,1,2024-06-30,XGBoost,2312.7,2381.310302734375
B-Sedan,8,2024-05-31,3,2,2024-07-31,XGBoost,1952.3,1992.9814453125
B-Sedan,8,2024-05-31,3,3,2024-08-31,XGBoost,2164.7,1962.6602783203125
B-Sedan,8,2024-05-31,3,1,2024-06-30,DeepAR,2312.7,2442.634765625
B-Sedan,8,2024-05-31,3,2,2024-07-31,DeepAR,1952.3,2460.715087890625
B-Sedan,8,2024-05-31,3,3,2024-08-31,DeepAR,2164.7,2397.817626953125
B-Sedan,8,2024-05-31,3,1,2024-06-30,LeakageSafeEnsemble,2312.7,2407.8770883727493
B-Sedan,8,2024-05-31,3,2,2024-07-31,LeakageSafeEnsemble,1952.3,2195.61164881118
B-Sedan,8,2024-05-31,3,3,2024-08-31,LeakageSafeEnsemble,2164.7,2151.177845648065
B-Sedan,8,2024-05-31,6,1,2024-06-30,LastValue,2312.7,2553.6
B-Sedan,8,2024-05-31,6,2,2024-07-31,LastValue,1952.3,2553.6
B-Sedan,8,2024-05-31,6,3,2024-08-31,LastValue,2164.7,2553.6
B-Sedan,8,2024-05-31,6,4,2024-09-30,LastValue,1732.5,2553.6
B-Sedan,8,2024-05-31,6,5,2024-10-31,LastValue,2113.9,2553.6
B-Sedan,8,2024-05-31,6,6,2024-11-30,LastValue,2288.7,2553.6
B-Sedan,8,2024-05-31,6,1,2024-06-30,SeasonalNaive,2312.7,2524.7
B-Sedan,8,2024-05-31,6,2,2024-07-31,SeasonalNaive,1952.3,1737.1
B-Sedan,8,2024-05-31,6,3,2024-08-31,SeasonalNaive,2164.7,2009.2
B-Sedan,8,2024-05-31,6,4,2024-09-30,SeasonalNaive,1732.5,2076.3
B-Sedan,8,2024-05-31,6,5,2024-10-31,SeasonalNaive,2113.9,2831.2
B-Sedan,8,2024-05-31,6,6,2024-11-30,SeasonalNaive,2288.7,1927.6
B-Sedan,8,2024-05-31,6,1,2024-06-30,MovingAverage6,2312.7,2557.3333333333335
B-Sedan,8,2024-05-31,6,2,2024-07-31,MovingAverage6,1952.3,2557.3333333333335
B-Sedan,8,2024-05-31,6,3,2024-08-31,MovingAverage6,2164.7,2557.3333333333335
B-Sedan,8,2024-05-31,6,4,2024-09-30,MovingAverage6,1732.5,2557.3333333333335
B-Sedan,8,2024-05-31,6,5,2024-10-31,MovingAverage6,2113.9,2557.3333333333335
B-Sedan,8,2024-05-31,6,6,2024-11-30,MovingAverage6,2288.7,2557.3333333333335
B-Sedan,8,2024-05-31,6,1,2024-06-30,XGBoost,2312.7,2381.310302734375
B-Sedan,8,2024-05-31,6,2,2024-07-31,XGBoost,1952.3,1992.9814453125
B-Sedan,8,2024-05-31,6,3,2024-08-31,XGBoost,2164.7,1962.6602783203125
B-Sedan,8,2024-05-31,6,4,2024-09-30,XGBoost,1732.5,2151.870361328125
B-Sedan,8,2024-05-31,6,5,2024-10-31,XGBoost,2113.9,2122.4345703125
B-Sedan,8,2024-05-31,6,6,2024-11-30,XGBoost,2288.7,2080.776611328125
B-Sedan,8,2024-05-31,6,1,2024-06-30,DeepAR,2312.7,2442.634765625
B-Sedan,8,2024-05-31,6,2,2024-07-31,DeepAR,1952.3,2460.715087890625
B-Sedan,8,2024-05-31,6,3,2024-08-31,DeepAR,2164.7,2397.817626953125
B-Sedan,8,2024-05-31,6,4,2024-09-30,DeepAR,1732.5,2404.67919921875
B-Sedan,8,2024-05-31,6,5,2024-10-31,DeepAR,2113.9,2368.000732421875
B-Sedan,8,2024-05-31,6,6,2024-11-30,DeepAR,2288.7,2460.259521484375
B-Sedan,8,2024-05-31,6,1,2024-06-30,LeakageSafeEnsemble,2312.7,2407.8770883727493
B-Sedan,8,2024-05-31,6,2,2024-07-31,LeakageSafeEnsemble,1952.3,2195.61164881118
B-Sedan,8,2024-05-31,6,3,2024-08-31,LeakageSafeEnsemble,2164.7,2151.177845648065
B-Sedan,8,2024-05-31,6,4,2024-09-30,LeakageSafeEnsemble,1732.5,2261.391485025979
B-Sedan,8,2024-05-31,6,5,2024-10-31,LeakageSafeEnsemble,2113.9,2228.8180298006137
B-Sedan,8,2024-05-31,6,6,2024-11-30,LeakageSafeEnsemble,2288.7,2245.1751539068146
B-Sedan,8,2024-05-31,12,1,2024-06-30,LastValue,2312.7,2553.6
B-Sedan,8,2024-05-31,12,2,2024-07-31,LastValue,1952.3,2553.6
B-Sedan,8,2024-05-31,12,3,2024-08-31,LastValue,2164.7,2553.6
B-Sedan,8,2024-05-31,12,4,2024-09-30,LastValue,1732.5,2553.6
B-Sedan,8,2024-05-31,12,5,2024-10-31,LastValue,2113.9,2553.6
B-Sedan,8,2024-05-31,12,6,2024-11-30,LastValue,2288.7,2553.6
B-Sedan,8,2024-05-31,12,7,2024-12-31,LastValue,2611.7,2553.6
B-Sedan,8,2024-05-31,12,8,2025-01-31,LastValue,2735.0,2553.6
B-Sedan,8,2024-05-31,12,9,2025-02-28,LastValue,2756.1,2553.6
B-Sedan,8,2024-05-31,12,10,2025-03-31,LastValue,2723.1,2553.6
B-Sedan,8,2024-05-31,12,11,2025-04-30,LastValue,2696.3,2553.6
B-Sedan,8,2024-05-31,12,12,2025-05-31,LastValue,2274.2,2553.6
B-Sedan,8,2024-05-31,12,1,2024-06-30,SeasonalNaive,2312.7,2524.7
B-Sedan,8,2024-05-31,12,2,2024-07-31,SeasonalNaive,1952.3,1737.1
B-Sedan,8,2024-05-31,12,3,2024-08-31,SeasonalNaive,2164.7,2009.2
B-Sedan,8,2024-05-31,12,4,2024-09-30,SeasonalNaive,1732.5,2076.3
B-Sedan,8,2024-05-31,12,5,2024-10-31,SeasonalNaive,2113.9,2831.2
B-Sedan,8,2024-05-31,12,6,2024-11-30,SeasonalNaive,2288.7,1927.6
B-Sedan,8,2024-05-31,12,7,2024-12-31,SeasonalNaive,2611.7,2213.4
B-Sedan,8,2024-05-31,12,8,2025-01-31,SeasonalNaive,2735.0,3020.4
B-Sedan,8,2024-05-31,12,9,2025-02-28,SeasonalNaive,2756.1,2684.8
B-Sedan,8,2024-05-31,12,10,2025-03-31,SeasonalNaive,2723.1,2446.2
B-Sedan,8,2024-05-31,12,11,2025-04-30,SeasonalNaive,2696.3,2425.6
B-Sedan,8,2024-05-31,12,12,2025-05-31,SeasonalNaive,2274.2,2553.6
B-Sedan,8,2024-05-31,12,1,2024-06-30,MovingAverage6,2312.7,2557.3333333333335
B-Sedan,8,2024-05-31,12,2,2024-07-31,MovingAverage6,1952.3,2557.3333333333335
B-Sedan,8,2024-05-31,12,3,2024-08-31,MovingAverage6,2164.7,2557.3333333333335
B-Sedan,8,2024-05-31,12,4,2024-09-30,MovingAverage6,1732.5,2557.3333333333335
B-Sedan,8,2024-05-31,12,5,2024-10-31,MovingAverage6,2113.9,2557.3333333333335
B-Sedan,8,2024-05-31,12,6,2024-11-30,MovingAverage6,2288.7,2557.3333333333335
B-Sedan,8,2024-05-31,12,7,2024-12-31,MovingAverage6,2611.7,2557.3333333333335
B-Sedan,8,2024-05-31,12,8,2025-01-31,MovingAverage6,2735.0,2557.3333333333335
B-Sedan,8,2024-05-31,12,9,2025-02-28,MovingAverage6,2756.1,2557.3333333333335
B-Sedan,8,2024-05-31,12,10,2025-03-31,MovingAverage6,2723.1,2557.3333333333335
B-Sedan,8,2024-05-31,12,11,2025-04-30,MovingAverage6,2696.3,2557.3333333333335
B-Sedan,8,2024-05-31,12,12,2025-05-31,MovingAverage6,2274.2,2557.3333333333335
B-Sedan,8,2024-05-31,12,1,2024-06-30,XGBoost,2312.7,2381.310302734375
B-Sedan,8,2024-05-31,12,2,2024-07-31,XGBoost,1952.3,1992.9814453125
B-Sedan,8,2024-05-31,12,3,2024-08-31,XGBoost,2164.7,1962.6602783203125
B-Sedan,8,2024-05-31,12,4,2024-09-30,XGBoost,1732.5,2151.870361328125
B-Sedan,8,2024-05-31,12,5,2024-10-31,XGBoost,2113.9,2122.4345703125
B-Sedan,8,2024-05-31,12,6,2024-11-30,XGBoost,2288.7,2080.776611328125
B-Sedan,8,2024-05-31,12,7,2024-12-31,XGBoost,2611.7,2187.770751953125
B-Sedan,8,2024-05-31,12,8,2025-01-31,XGBoost,2735.0,2490.5703125
B-Sedan,8,2024-05-31,12,9,2025-02-28,XGBoost,2756.1,2477.895263671875
B-Sedan,8,2024-05-31,12,10,2025-03-31,XGBoost,2723.1,2473.68212890625
B-Sedan,8,2024-05-31,12,11,2025-04-30,XGBoost,2696.3,2521.66357421875
B-Sedan,8,2024-05-31,12,12,2025-05-31,XGBoost,2274.2,2560.0341796875
B-Sedan,8,2024-05-31,12,1,2024-06-30,DeepAR,2312.7,2442.634765625
B-Sedan,8,2024-05-31,12,2,2024-07-31,DeepAR,1952.3,2460.715087890625
B-Sedan,8,2024-05-31,12,3,2024-08-31,DeepAR,2164.7,2397.817626953125
B-Sedan,8,2024-05-31,12,4,2024-09-30,DeepAR,1732.5,2404.67919921875
B-Sedan,8,2024-05-31,12,5,2024-10-31,DeepAR,2113.9,2368.000732421875
B-Sedan,8,2024-05-31,12,6,2024-11-30,DeepAR,2288.7,2460.259521484375
B-Sedan,8,2024-05-31,12,7,2024-12-31,DeepAR,2611.7,2412.8671875
B-Sedan,8,2024-05-31,12,8,2025-01-31,DeepAR,2735.0,2436.98876953125
B-Sedan,8,2024-05-31,12,9,2025-02-28,DeepAR,2756.1,2455.07763671875
B-Sedan,8,2024-05-31,12,10,2025-03-31,DeepAR,2723.1,2377.073974609375
B-Sedan,8,2024-05-31,12,11,2025-04-30,DeepAR,2696.3,2422.095947265625
B-Sedan,8,2024-05-31,12,12,2025-05-31,DeepAR,2274.2,2451.22998046875
B-Sedan,8,2024-05-31,12,1,2024-06-30,LeakageSafeEnsemble,2312.7,2407.8770883727493
B-Sedan,8,2024-05-31,12,2,2024-07-31,LeakageSafeEnsemble,1952.3,2195.61164881118
B-Sedan,8,2024-05-31,12,3,2024-08-31,LeakageSafeEnsemble,2164.7,2151.177845648065
B-Sedan,8,2024-05-31,12,4,2024-09-30,LeakageSafeEnsemble,1732.5,2261.391485025979
B-Sedan,8,2024-05-31,12,5,2024-10-31,LeakageSafeEnsemble,2113.9,2228.8180298006137
B-Sedan,8,2024-05-31,12,6,2024-11-30,LeakageSafeEnsemble,2288.7,2245.1751539068146
B-Sedan,8,2024-05-31,12,7,2024-12-31,LeakageSafeEnsemble,2611.7,2285.2864399706914
B-Sedan,8,2024-05-31,12,8,2025-01-31,LeakageSafeEnsemble,2735.0,2467.3579040713526
B-Sedan,8,2024-05-31,12,9,2025-02-28,LeakageSafeEnsemble,2756.1,2468.010228816148
B-Sedan,8,2024-05-31,12,10,2025-03-31,LeakageSafeEnsemble,2723.1,2431.8297682518796
B-Sedan,8,2024-05-31,12,11,2025-04-30,LeakageSafeEnsemble,2696.3,2478.529125516542
B-Sedan,8,2024-05-31,12,12,2025-05-31,LeakageSafeEnsemble,2274.2,2512.898289933768
B_HB,1,2022-08-31,3,1,2022-09-30,LastValue,1908.8,2240.1
B_HB,1,2022-08-31,3,2,2022-10-31,LastValue,2056.8,2240.1
B_HB,1,2022-08-31,3,3,2022-11-30,LastValue,1834.0,2240.1
B_HB,1,2022-08-31,3,1,2022-09-30,SeasonalNaive,1908.8,2204.5
B_HB,1,2022-08-31,3,2,2022-10-31,SeasonalNaive,2056.8,2482.1
B_HB,1,2022-08-31,3,3,2022-11-30,SeasonalNaive,1834.0,1514.0
B_HB,1,2022-08-31,3,1,2022-09-30,MovingAverage6,1908.8,2190.233333333333
B_HB,1,2022-08-31,3,2,2022-10-31,MovingAverage6,2056.8,2190.233333333333
B_HB,1,2022-08-31,3,3,2022-11-30,MovingAverage6,1834.0,2190.233333333333
B_HB,1,2022-08-31,3,1,2022-09-30,XGBoost,1908.8,2161.913330078125
B_HB,1,2022-08-31,3,2,2022-10-31,XGBoost,2056.8,2403.385498046875
B_HB,1,2022-08-31,3,3,2022-11-30,XGBoost,1834.0,2441.966064453125
B_HB,1,2022-08-31,3,1,2022-09-30,DeepAR,1908.8,2279.9599609375
B_HB,1,2022-08-31,3,2,2022-10-31,DeepAR,2056.8,2301.860107421875
B_HB,1,2022-08-31,3,3,2022-11-30,DeepAR,1834.0,2246.180908203125
B_HB,1,2022-08-31,3,1,2022-09-30,LeakageSafeEnsemble,1908.8,2220.9366455078125
B_HB,1,2022-08-31,3,2,2022-10-31,LeakageSafeEnsemble,2056.8,2352.622802734375
B_HB,1,2022-08-31,3,3,2022-11-30,LeakageSafeEnsemble,1834.0,2344.073486328125
B_HB,1,2022-08-31,6,1,2022-09-30,LastValue,1908.8,2240.1
B_HB,1,2022-08-31,6,2,2022-10-31,LastValue,2056.8,2240.1
B_HB,1,2022-08-31,6,3,2022-11-30,LastValue,1834.0,2240.1
B_HB,1,2022-08-31,6,4,2022-12-31,LastValue,1875.8,2240.1
B_HB,1,2022-08-31,6,5,2023-01-31,LastValue,2323.2,2240.1
B_HB,1,2022-08-31,6,6,2023-02-28,LastValue,2464.8,2240.1
B_HB,1,2022-08-31,6,1,2022-09-30,SeasonalNaive,1908.8,2204.5
B_HB,1,2022-08-31,6,2,2022-10-31,SeasonalNaive,2056.8,2482.1
B_HB,1,2022-08-31,6,3,2022-11-30,SeasonalNaive,1834.0,1514.0
B_HB,1,2022-08-31,6,4,2022-12-31,SeasonalNaive,1875.8,2340.3
B_HB,1,2022-08-31,6,5,2023-01-31,SeasonalNaive,2323.2,2965.9
B_HB,1,2022-08-31,6,6,2023-02-28,SeasonalNaive,2464.8,2439.3
B_HB,1,2022-08-31,6,1,2022-09-30,MovingAverage6,1908.8,2190.233333333333
B_HB,1,2022-08-31,6,2,2022-10-31,MovingAverage6,2056.8,2190.233333333333
B_HB,1,2022-08-31,6,3,2022-11-30,MovingAverage6,1834.0,2190.233333333333
B_HB,1,2022-08-31,6,4,2022-12-31,MovingAverage6,1875.8,2190.233333333333
B_HB,1,2022-08-31,6,5,2023-01-31,MovingAverage6,2323.2,2190.233333333333
B_HB,1,2022-08-31,6,6,2023-02-28,MovingAverage6,2464.8,2190.233333333333
B_HB,1,2022-08-31,6,1,2022-09-30,XGBoost,1908.8,2161.913330078125
B_HB,1,2022-08-31,6,2,2022-10-31,XGBoost,2056.8,2403.385498046875
B_HB,1,2022-08-31,6,3,2022-11-30,XGBoost,1834.0,2441.966064453125
B_HB,1,2022-08-31,6,4,2022-12-31,XGBoost,1875.8,2517.119384765625
B_HB,1,2022-08-31,6,5,2023-01-31,XGBoost,2323.2,2744.89306640625
B_HB,1,2022-08-31,6,6,2023-02-28,XGBoost,2464.8,2632.750244140625
B_HB,1,2022-08-31,6,1,2022-09-30,DeepAR,1908.8,2279.9599609375
B_HB,1,2022-08-31,6,2,2022-10-31,DeepAR,2056.8,2301.860107421875
B_HB,1,2022-08-31,6,3,2022-11-30,DeepAR,1834.0,2246.180908203125
B_HB,1,2022-08-31,6,4,2022-12-31,DeepAR,1875.8,2252.586181640625
B_HB,1,2022-08-31,6,5,2023-01-31,DeepAR,2323.2,2227.13525390625
B_HB,1,2022-08-31,6,6,2023-02-28,DeepAR,2464.8,2319.69775390625
B_HB,1,2022-08-31,6,1,2022-09-30,LeakageSafeEnsemble,1908.8,2220.9366455078125
B_HB,1,2022-08-31,6,2,2022-10-31,LeakageSafeEnsemble,2056.8,2352.622802734375
B_HB,1,2022-08-31,6,3,2022-11-30,LeakageSafeEnsemble,1834.0,2344.073486328125
B_HB,1,2022-08-31,6,4,2022-12-31,LeakageSafeEnsemble,1875.8,2384.852783203125
B_HB,1,2022-08-31,6,5,2023-01-31,LeakageSafeEnsemble,2323.2,2486.01416015625
B_HB,1,2022-08-31,6,6,2023-02-28,LeakageSafeEnsemble,2464.8,2476.2239990234375
B_HB,1,2022-08-31,12,1,2022-09-30,LastValue,1908.8,2240.1
B_HB,1,2022-08-31,12,2,2022-10-31,LastValue,2056.8,2240.1
B_HB,1,2022-08-31,12,3,2022-11-30,LastValue,1834.0,2240.1
B_HB,1,2022-08-31,12,4,2022-12-31,LastValue,1875.8,2240.1
B_HB,1,2022-08-31,12,5,2023-01-31,LastValue,2323.2,2240.1
B_HB,1,2022-08-31,12,6,2023-02-28,LastValue,2464.8,2240.1
B_HB,1,2022-08-31,12,7,2023-03-31,LastValue,2396.0,2240.1
B_HB,1,2022-08-31,12,8,2023-04-30,LastValue,2511.8,2240.1
B_HB,1,2022-08-31,12,9,2023-05-31,LastValue,2281.4,2240.1
B_HB,1,2022-08-31,12,10,2023-06-30,LastValue,2271.7,2240.1
B_HB,1,2022-08-31,12,11,2023-07-31,LastValue,2408.9,2240.1
B_HB,1,2022-08-31,12,12,2023-08-31,LastValue,1532.9,2240.1
B_HB,1,2022-08-31,12,1,2022-09-30,SeasonalNaive,1908.8,2204.5
B_HB,1,2022-08-31,12,2,2022-10-31,SeasonalNaive,2056.8,2482.1
B_HB,1,2022-08-31,12,3,2022-11-30,SeasonalNaive,1834.0,1514.0
B_HB,1,2022-08-31,12,4,2022-12-31,SeasonalNaive,1875.8,2340.3
B_HB,1,2022-08-31,12,5,2023-01-31,SeasonalNaive,2323.2,2965.9
B_HB,1,2022-08-31,12,6,2023-02-28,SeasonalNaive,2464.8,2439.3
B_HB,1,2022-08-31,12,7,2023-03-31,SeasonalNaive,2396.0,2794.0
B_HB,1,2022-08-31,12,8,2023-04-30,SeasonalNaive,2511.8,2272.8
B_HB,1,2022-08-31,12,9,2023-05-31,SeasonalNaive,2281.4,2380.2
B_HB,1,2022-08-31,12,10,2023-06-30,SeasonalNaive,2271.7,2000.8
B_HB,1,2022-08-31,12,11,2023-07-31,SeasonalNaive,2408.9,1453.5
B_HB,1,2022-08-31,12,12,2023-08-31,SeasonalNaive,1532.9,2240.1
B_HB,1,2022-08-31,12,1,2022-09-30,MovingAverage6,1908.8,2190.233333333333
B_HB,1,2022-08-31,12,2,2022-10-31,MovingAverage6,2056.8,2190.233333333333
B_HB,1,2022-08-31,12,3,2022-11-30,MovingAverage6,1834.0,2190.233333333333
B_HB,1,2022-08-31,12,4,2022-12-31,MovingAverage6,1875.8,2190.233333333333
B_HB,1,2022-08-31,12,5,2023-01-31,MovingAverage6,2323.2,2190.233333333333
B_HB,1,2022-08-31,12,6,2023-02-28,MovingAverage6,2464.8,2190.233333333333
B_HB,1,2022-08-31,12,7,2023-03-31,MovingAverage6,2396.0,2190.233333333333
B_HB,1,2022-08-31,12,8,2023-04-30,MovingAverage6,2511.8,2190.233333333333
B_HB,1,2022-08-31,12,9,2023-05-31,MovingAverage6,2281.4,2190.233333333333
B_HB,1,2022-08-31,12,10,2023-06-30,MovingAverage6,2271.7,2190.233333333333
B_HB,1,2022-08-31,12,11,2023-07-31,MovingAverage6,2408.9,2190.233333333333
B_HB,1,2022-08-31,12,12,2023-08-31,MovingAverage6,1532.9,2190.233333333333
B_HB,1,2022-08-31,12,1,2022-09-30,XGBoost,1908.8,2161.913330078125
B_HB,1,2022-08-31,12,2,2022-10-31,XGBoost,2056.8,2403.385498046875
B_HB,1,2022-08-31,12,3,2022-11-30,XGBoost,1834.0,2441.966064453125
B_HB,1,2022-08-31,12,4,2022-12-31,XGBoost,1875.8,2517.119384765625
B_HB,1,2022-08-31,12,5,2023-01-31,XGBoost,2323.2,2744.89306640625
B_HB,1,2022-08-31,12,6,2023-02-28,XGBoost,2464.8,2632.750244140625
B_HB,1,2022-08-31,12,7,2023-03-31,XGBoost,2396.0,2679.983154296875
B_HB,1,2022-08-31,12,8,2023-04-30,XGBoost,2511.8,2432.943603515625
B_HB,1,2022-08-31,12,9,2023-05-31,XGBoost,2281.4,2368.8857421875
B_HB,1,2022-08-31,12,10,2023-06-30,XGBoost,2271.7,2137.956787109375
B_HB,1,2022-08-31,12,11,2023-07-31,XGBoost,2408.9,2079.237548828125
B_HB,1,2022-08-31,12,12,2023-08-31,XGBoost,1532.9,2161.913330078125
B_HB,1,2022-08-31,12,1,2022-09-30,DeepAR,1908.8,2279.9599609375
B_HB,1,2022-08-31,12,2,2022-10-31,DeepAR,2056.8,2301.860107421875
B_HB,1,2022-08-31,12,3,2022-11-30,DeepAR,1834.0,2246.180908203125
B_HB,1,2022-08-31,12,4,2022-12-31,DeepAR,1875.8,2252.586181640625
B_HB,1,2022-08-31,12,5,2023-01-31,DeepAR,2323.2,2227.13525390625
B_HB,1,2022-08-31,12,6,2023-02-28,DeepAR,2464.8,2319.69775390625
B_HB,1,2022-08-31,12,7,2023-03-31,DeepAR,2396.0,2276.041259765625
B_HB,1,2022-08-31,12,8,2023-04-30,DeepAR,2511.8,2287.385498046875
B_HB,1,2022-08-31,12,9,2023-05-31,DeepAR,2281.4,2298.115234375
B_HB,1,2022-08-31,12,10,2023-06-30,DeepAR,2271.7,2215.859130859375
B_HB,1,2022-08-31,12,11,2023-07-31,DeepAR,2408.9,2255.942626953125
B_HB,1,2022-08-31,12,12,2023-08-31,DeepAR,1532.9,2284.993408203125
B_HB,1,2022-08-31,12,1,2022-09-30,LeakageSafeEnsemble,1908.8,2220.9366455078125
B_HB,1,2022-08-31,12,2,2022-10-31,LeakageSafeEnsemble,2056.8,2352.622802734375
B_HB,1,2022-08-31,12,3,2022-11-30,LeakageSafeEnsemble,1834.0,2344.073486328125
B_HB,1,2022-08-31,12,4,2022-12-31,LeakageSafeEnsemble,1875.8,2384.852783203125
B_HB,1,2022-08-31,12,5,2023-01-31,LeakageSafeEnsemble,2323.2,2486.01416015625
B_HB,1,2022-08-31,12,6,2023-02-28,LeakageSafeEnsemble,2464.8,2476.2239990234375
B_HB,1,2022-08-31,12,7,2023-03-31,LeakageSafeEnsemble,2396.0,2478.01220703125
B_HB,1,2022-08-31,12,8,2023-04-30,LeakageSafeEnsemble,2511.8,2360.16455078125
B_HB,1,2022-08-31,12,9,2023-05-31,LeakageSafeEnsemble,2281.4,2333.50048828125
B_HB,1,2022-08-31,12,10,2023-06-30,LeakageSafeEnsemble,2271.7,2176.907958984375
B_HB,1,2022-08-31,12,11,2023-07-31,LeakageSafeEnsemble,2408.9,2167.590087890625
B_HB,1,2022-08-31,12,12,2023-08-31,LeakageSafeEnsemble,1532.9,2223.453369140625
B_HB,2,2022-11-30,3,1,2022-12-31,LastValue,1875.8,1834.0
B_HB,2,2022-11-30,3,2,2023-01-31,LastValue,2323.2,1834.0
B_HB,2,2022-11-30,3,3,2023-02-28,LastValue,2464.8,1834.0
B_HB,2,2022-11-30,3,1,2022-12-31,SeasonalNaive,1875.8,2340.3
B_HB,2,2022-11-30,3,2,2023-01-31,SeasonalNaive,2323.2,2965.9
B_HB,2,2022-11-30,3,3,2023-02-28,SeasonalNaive,2464.8,2439.3
B_HB,2,2022-11-30,3,1,2022-12-31,MovingAverage6,1875.8,1915.6666666666667
B_HB,2,2022-11-30,3,2,2023-01-31,MovingAverage6,2323.2,1915.6666666666667
B_HB,2,2022-11-30,3,3,2023-02-28,MovingAverage6,2464.8,1915.6666666666667
B_HB,2,2022-11-30,3,1,2022-12-31,XGBoost,1875.8,2107.86865234375
B_HB,2,2022-11-30,3,2,2023-01-31,XGBoost,2323.2,2431.3642578125
B_HB,2,2022-11-30,3,3,2023-02-28,XGBoost,2464.8,2379.173583984375
B_HB,2,2022-11-30,3,1,2022-12-31,DeepAR,1875.8,2202.04541015625
B_HB,2,2022-11-30,3,2,2023-01-31,DeepAR,2323.2,2233.550048828125
B_HB,2,2022-11-30,3,3,2023-02-28,DeepAR,2464.8,2176.311279296875
B_HB,2,2022-11-30,3,1,2022-12-31,LeakageSafeEnsemble,1875.8,2161.8209279824077
B_HB,2,2022-11-30,3,2,2023-01-31,LeakageSafeEnsemble,2323.2,2318.0397642755725
B_HB,2,2022-11-30,3,3,2023-02-28,LeakageSafeEnsemble,2464.8,2262.95711464664
B_HB,2,2022-11-30,6,1,2022-12-31,LastValue,1875.8,1834.0
B_HB,2,2022-11-30,6,2,2023-01-31,LastValue,2323.2,1834.0
B_HB,2,2022-11-30,6,3,2023-02-28,LastValue,2464.8,1834.0
B_HB,2,2022-11-30,6,4,2023-03-31,LastValue,2396.0,1834.0
B_HB,2,2022-11-30,6,5,2023-04-30,LastValue,2511.8,1834.0
B_HB,2,2022-11-30,6,6,2023-05-31,LastValue,2281.4,1834.0
B_HB,2,2022-11-30,6,1,2022-12-31,SeasonalNaive,1875.8,2340.3
B_HB,2,2022-11-30,6,2,2023-01-31,SeasonalNaive,2323.2,2965.9
B_HB,2,2022-11-30,6,3,2023-02-28,SeasonalNaive,2464.8,2439.3
B_HB,2,2022-11-30,6,4,2023-03-31,SeasonalNaive,2396.0,2794.0
B_HB,2,2022-11-30,6,5,2023-04-30,SeasonalNaive,2511.8,2272.8
B_HB,2,2022-11-30,6,6,2023-05-31,SeasonalNaive,2281.4,2380.2
B_HB,2,2022-11-30,6,1,2022-12-31,MovingAverage6,1875.8,1915.6666666666667
B_HB,2,2022-11-30,6,2,2023-01-31,MovingAverage6,2323.2,1915.6666666666667
B_HB,2,2022-11-30,6,3,2023-02-28,MovingAverage6,2464.8,1915.6666666666667
B_HB,2,2022-11-30,6,4,2023-03-31,MovingAverage6,2396.0,1915.6666666666667
B_HB,2,2022-11-30,6,5,2023-04-30,MovingAverage6,2511.8,1915.6666666666667
B_HB,2,2022-11-30,6,6,2023-05-31,MovingAverage6,2281.4,1915.6666666666667
B_HB,2,2022-11-30,6,1,2022-12-31,XGBoost,1875.8,2107.86865234375
B_HB,2,2022-11-30,6,2,2023-01-31,XGBoost,2323.2,2431.3642578125
B_HB,2,2022-11-30,6,3,2023-02-28,XGBoost,2464.8,2379.173583984375
B_HB,2,2022-11-30,6,4,2023-03-31,XGBoost,2396.0,2435.166748046875
B_HB,2,2022-11-30,6,5,2023-04-30,XGBoost,2511.8,2347.602783203125
B_HB,2,2022-11-30,6,6,2023-05-31,XGBoost,2281.4,2333.8134765625
B_HB,2,2022-11-30,6,1,2022-12-31,DeepAR,1875.8,2202.04541015625
B_HB,2,2022-11-30,6,2,2023-01-31,DeepAR,2323.2,2233.550048828125
B_HB,2,2022-11-30,6,3,2023-02-28,DeepAR,2464.8,2176.311279296875
B_HB,2,2022-11-30,6,4,2023-03-31,DeepAR,2396.0,2182.670654296875
B_HB,2,2022-11-30,6,5,2023-04-30,DeepAR,2511.8,2145.34130859375
B_HB,2,2022-11-30,6,6,2023-05-31,DeepAR,2281.4,2233.500732421875
B_HB,2,2022-11-30,6,1,2022-12-31,LeakageSafeEnsemble,1875.8,2161.8209279824077
B_HB,2,2022-11-30,6,2,2023-01-31,LeakageSafeEnsemble,2323.2,2318.0397642755725
B_HB,2,2022-11-30,6,3,2023-02-28,LeakageSafeEnsemble,2464.8,2262.95711464664
B_HB,2,2022-11-30,6,4,2023-03-31,LeakageSafeEnsemble,2396.0,2290.5159449682924
B_HB,2,2022-11-30,6,5,2023-04-30,LeakageSafeEnsemble,2511.8,2231.7304938882617
B_HB,2,2022-11-30,6,6,2023-05-31,LeakageSafeEnsemble,2281.4,2276.34598437718
B_HB,2,2022-11-30,12,1,2022-12-31,LastValue,1875.8,1834.0
B_HB,2,2022-11-30,12,2,2023-01-31,LastValue,2323.2,1834.0
B_HB,2,2022-11-30,12,3,2023-02-28,LastValue,2464.8,1834.0
B_HB,2,2022-11-30,12,4,2023-03-31,LastValue,2396.0,1834.0
B_HB,2,2022-11-30,12,5,2023-04-30,LastValue,2511.8,1834.0
B_HB,2,2022-11-30,12,6,2023-05-31,LastValue,2281.4,1834.0
B_HB,2,2022-11-30,12,7,2023-06-30,LastValue,2271.7,1834.0
B_HB,2,2022-11-30,12,8,2023-07-31,LastValue,2408.9,1834.0
B_HB,2,2022-11-30,12,9,2023-08-31,LastValue,1532.9,1834.0
B_HB,2,2022-11-30,12,10,2023-09-30,LastValue,1838.7,1834.0
B_HB,2,2022-11-30,12,11,2023-10-31,LastValue,2301.9,1834.0
B_HB,2,2022-11-30,12,12,2023-11-30,LastValue,2321.5,1834.0
B_HB,2,2022-11-30,12,1,2022-12-31,SeasonalNaive,1875.8,2340.3
B_HB,2,2022-11-30,12,2,2023-01-31,SeasonalNaive,2323.2,2965.9
B_HB,2,2022-11-30,12,3,2023-02-28,SeasonalNaive,2464.8,2439.3
B_HB,2,2022-11-30,12,4,2023-03-31,SeasonalNaive,2396.0,2794.0
B_HB,2,2022-11-30,12,5,2023-04-30,SeasonalNaive,2511.8,2272.8
B_HB,2,2022-11-30,12,6,2023-05-31,SeasonalNaive,2281.4,2380.2
B_HB,2,2022-11-30,12,7,2023-06-30,SeasonalNaive,2271.7,2000.8
B_HB,2,2022-11-30,12,8,2023-07-31,SeasonalNaive,2408.9,1453.5
B_HB,2,2022-11-30,12,9,2023-08-31,SeasonalNaive,1532.9,2240.1
B_HB,2,2022-11-30,12,10,2023-09-30,SeasonalNaive,1838.7,1908.8
B_HB,2,2022-11-30,12,11,2023-10-31,SeasonalNaive,2301.9,2056.8
B_HB,2,2022-11-30,12,12,2023-11-30,SeasonalNaive,2321.5,1834.0
B_HB,2,2022-11-30,12,1,2022-12-31,MovingAverage6,1875.8,1915.6666666666667
B_HB,2,2022-11-30,12,2,2023-01-31,MovingAverage6,2323.2,1915.6666666666667
B_HB,2,2022-11-30,12,3,2023-02-28,MovingAverage6,2464.8,1915.6666666666667
B_HB,2,2022-11-30,12,4,2023-03-31,MovingAverage6,2396.0,1915.6666666666667
B_HB,2,2022-11-30,12,5,2023-04-30,MovingAverage6,2511.8,1915.6666666666667
B_HB,2,2022-11-30,12,6,2023-05-31,MovingAverage6,2281.4,1915.6666666666667
B_HB,2,2022-11-30,12,7,2023-06-30,MovingAverage6,2271.7,1915.6666666666667
B_HB,2,2022-11-30,12,8,2023-07-31,MovingAverage6,2408.9,1915.6666666666667
B_HB,2,2022-11-30,12,9,2023-08-31,MovingAverage6,1532.9,1915.6666666666667
B_HB,2,2022-11-30,12,10,2023-09-30,MovingAverage6,1838.7,1915.6666666666667
B_HB,2,2022-11-30,12,11,2023-10-31,MovingAverage6,2301.9,1915.6666666666667
B_HB,2,2022-11-30,12,12,2023-11-30,MovingAverage6,2321.5,1915.6666666666667
B_HB,2,2022-11-30,12,1,2022-12-31,XGBoost,1875.8,2107.86865234375
B_HB,2,2022-11-30,12,2,2023-01-31,XGBoost,2323.2,2431.3642578125
B_HB,2,2022-11-30,12,3,2023-02-28,XGBoost,2464.8,2379.173583984375
B_HB,2,2022-11-30,12,4,2023-03-31,XGBoost,2396.0,2435.166748046875
B_HB,2,2022-11-30,12,5,2023-04-30,XGBoost,2511.8,2347.602783203125
B_HB,2,2022-11-30,12,6,2023-05-31,XGBoost,2281.4,2333.8134765625
B_HB,2,2022-11-30,12,7,2023-06-30,XGBoost,2271.7,2011.53955078125
B_HB,2,2022-11-30,12,8,2023-07-31,XGBoost,2408.9,1932.63525390625
B_HB,2,2022-11-30,12,9,2023-08-31,XGBoost,1532.9,1969.10400390625
B_HB,2,2022-11-30,12,10,2023-09-30,XGBoost,1838.7,1969.10400390625
B_HB,2,2022-11-30,12,11,2023-10-31,XGBoost,2301.9,1949.443603515625
B_HB,2,2022-11-30,12,12,2023-11-30,XGBoost,2321.5,1922.86328125
B_HB,2,2022-11-30,12,1,2022-12-31,DeepAR,1875.8,2202.04541015625
B_HB,2,2022-11-30,12,2,2023-01-31,DeepAR,2323.2,2233.550048828125
B_HB,2,2022-11-30,12,3,2023-02-28,DeepAR,2464.8,2176.311279296875
B_HB,2,2022-11-30,12,4,2023-03-31,DeepAR,2396.0,2182.670654296875
B_HB,2,2022-11-30,12,5,2023-04-30,DeepAR,2511.8,2145.34130859375
B_HB,2,2022-11-30,12,6,2023-05-31,DeepAR,2281.4,2233.500732421875
B_HB,2,2022-11-30,12,7,2023-06-30,DeepAR,2271.7,2181.878662109375
B_HB,2,2022-11-30,12,8,2023-07-31,DeepAR,2408.9,2192.556884765625
B_HB,2,2022-11-30,12,9,2023-08-31,DeepAR,1532.9,2205.8876953125
B_HB,2,2022-11-30,12,10,2023-09-30,DeepAR,1838.7,2133.208984375
B_HB,2,2022-11-30,12,11,2023-10-31,DeepAR,2301.9,2173.471923828125
B_HB,2,2022-11-30,12,12,2023-11-30,DeepAR,2321.5,2200.953857421875
B_HB,2,2022-11-30,12,1,2022-12-31,LeakageSafeEnsemble,1875.8,2161.8209279824077
B_HB,2,2022-11-30,12,2,2023-01-31,LeakageSafeEnsemble,2323.2,2318.0397642755725
B_HB,2,2022-11-30,12,3,2023-02-28,LeakageSafeEnsemble,2464.8,2262.95711464664
B_HB,2,2022-11-30,12,4,2023-03-31,LeakageSafeEnsemble,2396.0,2290.5159449682924
B_HB,2,2022-11-30,12,5,2023-04-30,LeakageSafeEnsemble,2511.8,2231.7304938882617
B_HB,2,2022-11-30,12,6,2023-05-31,LeakageSafeEnsemble,2281.4,2276.34598437718
B_HB,2,2022-11-30,12,7,2023-06-30,LeakageSafeEnsemble,2271.7,2109.1239933025513
B_HB,2,2022-11-30,12,8,2023-07-31,LeakageSafeEnsemble,2408.9,2081.5400767580436
B_HB,2,2022-11-30,12,9,2023-08-31,LeakageSafeEnsemble,1532.9,2104.753493967508
B_HB,2,2022-11-30,12,10,2023-09-30,LeakageSafeEnsemble,1838.7,2063.117060815549
B_HB,2,2022-11-30,12,11,2023-10-31,LeakageSafeEnsemble,2301.9,2077.785694988019
B_HB,2,2022-11-30,12,12,2023-11-30,LeakageSafeEnsemble,2321.5,2082.1767966205816
B_HB,3,2023-02-28,3,1,2023-03-31,LastValue,2396.0,2464.8
B_HB,3,2023-02-28,3,2,2023-04-30,LastValue,2511.8,2464.8
B_HB,3,2023-02-28,3,3,2023-05-31,LastValue,2281.4,2464.8
B_HB,3,2023-02-28,3,1,2023-03-31,SeasonalNaive,2396.0,2794.0
B_HB,3,2023-02-28,3,2,2023-04-30,SeasonalNaive,2511.8,2272.8
B_HB,3,2023-02-28,3,3,2023-05-31,SeasonalNaive,2281.4,2380.2
B_HB,3,2023-02-28,3,1,2023-03-31,MovingAverage6,2396.0,2077.2333333333336
B_HB,3,2023-02-28,3,2,2023-04-30,MovingAverage6,2511.8,2077.2333333333336
B_HB,3,2023-02-28,3,3,2023-05-31,MovingAverage6,2281.4,2077.2333333333336
B_HB,3,2023-02-28,3,1,2023-03-31,XGBoost,2396.0,2509.877685546875
B_HB,3,2023-02-28,3,2,2023-04-30,XGBoost,2511.8,2393.735107421875
B_HB,3,2023-02-28,3,3,2023-05-31,XGBoost,2281.4,2355.6318359375
B_HB,3,2023-02-28,3,1,2023-03-31,DeepAR,2396.0,2208.90283203125
B_HB,3,2023-02-28,3,2,2023-04-30,DeepAR,2511.8,2227.902099609375
B_HB,3,2023-02-28,3,3,2023-05-31,DeepAR,2281.4,2165.900390625
B_HB,3,2023-02-28,3,1,2023-03-31,LeakageSafeEnsemble,2396.0,2348.6607326301337
B_HB,3,2023-02-28,3,2,2023-04-30,LeakageSafeEnsemble,2511.8,2304.906766498615
B_HB,3,2023-02-28,3,3,2023-05-31,LeakageSafeEnsemble,2281.4,2254.0023647066664
B_HB,3,2023-02-28,6,1,2023-03-31,LastValue,2396.0,2464.8
B_HB,3,2023-02-28,6,2,2023-04-30,LastValue,2511.8,2464.8
B_HB,3,2023-02-28,6,3,2023-05-31,LastValue,2281.4,2464.8
B_HB,3,2023-02-28,6,4,2023-06-30,LastValue,2271.7,2464.8
B_HB,3,2023-02-28,6,5,2023-07-31,LastValue,2408.9,2464.8
B_HB,3,2023-02-28,6,6,2023-08-31,LastValue,1532.9,2464.8
B_HB,3,2023-02-28,6,1,2023-03-31,SeasonalNaive,2396.0,2794.0
B_HB,3,2023-02-28,6,2,2023-04-30,SeasonalNaive,2511.8,2272.8
B_HB,3,2023-02-28,6,3,2023-05-31,SeasonalNaive,2281.4,2380.2
B_HB,3,2023-02-28,6,4,2023-06-30,SeasonalNaive,2271.7,2000.8
B_HB,3,2023-02-28,6,5,2023-07-31,SeasonalNaive,2408.9,1453.5
B_HB,3,2023-02-28,6,6,2023-08-31,SeasonalNaive,1532.9,2240.1
B_HB,3,2023-02-28,6,1,2023-03-31,MovingAverage6,2396.0,2077.2333333333336
B_HB,3,2023-02-28,6,2,2023-04-30,MovingAverage6,2511.8,2077.2333333333336
B_HB,3,2023-02-28,6,3,2023-05-31,MovingAverage6,2281.4,2077.2333333333336
B_HB,3,2023-02-28,6,4,2023-06-30,MovingAverage6,2271.7,2077.2333333333336
B_HB,3,2023-02-28,6,5,2023-07-31,MovingAverage6,2408.9,2077.2333333333336
B_HB,3,2023-02-28,6,6,2023-08-31,MovingAverage6,1532.9,2077.2333333333336
B_HB,3,2023-02-28,6,1,2023-03-31,XGBoost,2396.0,2509.877685546875
B_HB,3,2023-02-28,6,2,2023-04-30,XGBoost,2511.8,2393.735107421875
B_HB,3,2023-02-28,6,3,2023-05-31,XGBoost,2281.4,2355.6318359375
B_HB,3,2023-02-28,6,4,2023-06-30,XGBoost,2271.7,2085.17431640625
B_HB,3,2023-02-28,6,5,2023-07-31,XGBoost,2408.9,2020.567626953125
B_HB,3,2023-02-28,6,6,2023-08-31,XGBoost,1532.9,2069.493408203125
B_HB,3,2023-02-28,6,1,2023-03-31,DeepAR,2396.0,2208.90283203125
B_HB,3,2023-02-28,6,2,2023-04-30,DeepAR,2511.8,2227.902099609375
B_HB,3,2023-02-28,6,3,2023-05-31,DeepAR,2281.4,2165.900390625
B_HB,3,2023-02-28,6,4,2023-06-30,DeepAR,2271.7,2164.107177734375
B_HB,3,2023-02-28,6,5,2023-07-31,DeepAR,2408.9,2128.34423828125
B_HB,3,2023-02-28,6,6,2023-08-31,DeepAR,1532.9,2217.375732421875
B_HB,3,2023-02-28,6,1,2023-03-31,LeakageSafeEnsemble,2396.0,2348.6607326301337
B_HB,3,2023-02-28,6,2,2023-04-30,LeakageSafeEnsemble,2511.8,2304.906766498615
B_HB,3,2023-02-28,6,3,2023-05-31,LeakageSafeEnsemble,2281.4,2254.0023647066664
B_HB,3,2023-02-28,6,4,2023-06-30,LeakageSafeEnsemble,2271.7,2127.454612456525
B_HB,3,2023-02-28,6,5,2023-07-31,LeakageSafeEnsemble,2408.9,2078.2981012449873
B_HB,3,2023-02-28,6,6,2023-08-31,LeakageSafeEnsemble,1532.9,2148.7064369128934
B_HB,3,2023-02-28,12,1,2023-03-31,LastValue,2396.0,2464.8
B_HB,3,2023-02-28,12,2,2023-04-30,LastValue,2511.8,2464.8
B_HB,3,2023-02-28,12,3,2023-05-31,LastValue,2281.4,2464.8
B_HB,3,2023-02-28,12,4,2023-06-30,LastValue,2271.7,2464.8
B_HB,3,2023-02-28,12,5,2023-07-31,LastValue,2408.9,2464.8
B_HB,3,2023-02-28,12,6,2023-08-31,LastValue,1532.9,2464.8
B_HB,3,2023-02-28,12,7,2023-09-30,LastValue,1838.7,2464.8
B_HB,3,2023-02-28,12,8,2023-10-31,LastValue,2301.9,2464.8
B_HB,3,2023-02-28,12,9,2023-11-30,LastValue,2321.5,2464.8
B_HB,3,2023-02-28,12,10,2023-12-31,LastValue,1666.7,2464.8
B_HB,3,2023-02-28,12,11,2024-01-31,LastValue,2191.6,2464.8
B_HB,3,2023-02-28,12,12,2024-02-29,LastValue,2590.3,2464.8
B_HB,3,2023-02-28,12,1,2023-03-31,SeasonalNaive,2396.0,2794.0
B_HB,3,2023-02-28,12,2,2023-04-30,SeasonalNaive,2511.8,2272.8
B_HB,3,2023-02-28,12,3,2023-05-31,SeasonalNaive,2281.4,2380.2
B_HB,3,2023-02-28,12,4,2023-06-30,SeasonalNaive,2271.7,2000.8
B_HB,3,2023-02-28,12,5,2023-07-31,SeasonalNaive,2408.9,1453.5
B_HB,3,2023-02-28,12,6,2023-08-31,SeasonalNaive,1532.9,2240.1
B_HB,3,2023-02-28,12,7,2023-09-30,SeasonalNaive,1838.7,1908.8
B_HB,3,2023-02-28,12,8,2023-10-31,SeasonalNaive,2301.9,2056.8
B_HB,3,2023-02-28,12,9,2023-11-30,SeasonalNaive,2321.5,1834.0
B_HB,3,2023-02-28,12,10,2023-12-31,SeasonalNaive,1666.7,1875.8
B_HB,3,2023-02-28,12,11,2024-01-31,SeasonalNaive,2191.6,2323.2
B_HB,3,2023-02-28,12,12,2024-02-29,SeasonalNaive,2590.3,2464.8
B_HB,3,2023-02-28,12,1,2023-03-31,MovingAverage6,2396.0,2077.2333333333336
B_HB,3,2023-02-28,12,2,2023-04-30,MovingAverage6,2511.8,2077.2333333333336
B_HB,3,2023-02-28,12,3,2023-05-31,MovingAverage6,2281.4,2077.2333333333336
B_HB,3,2023-02-28,12,4,2023-06-30,MovingAverage6,2271.7,2077.2333333333336
B_HB,3,2023-02-28,12,5,2023-07-31,MovingAverage6,2408.9,2077.2333333333336
B_HB,3,2023-02-28,12,6,2023-08-31,MovingAverage6,1532.9,2077.2333333333336
B_HB,3,2023-02-28,12,7,2023-09-30,MovingAverage6,1838.7,2077.2333333333336
B_HB,3,2023-02-28,12,8,2023-10-31,MovingAverage6,2301.9,2077.2333333333336
B_HB,3,2023-02-28,12,9,2023-11-30,MovingAverage6,2321.5,2077.2333333333336
B_HB,3,2023-02-28,12,10,2023-12-31,MovingAverage6,1666.7,2077.2333333333336
B_HB,3,2023-02-28,12,11,2024-01-31,MovingAverage6,2191.6,2077.2333333333336
B_HB,3,2023-02-28,12,12,2024-02-29,MovingAverage6,2590.3,2077.2333333333336
B_HB,3,2023-02-28,12,1,2023-03-31,XGBoost,2396.0,2509.877685546875
B_HB,3,2023-02-28,12,2,2023-04-30,XGBoost,2511.8,2393.735107421875
B_HB,3,2023-02-28,12,3,2023-05-31,XGBoost,2281.4,2355.6318359375
B_HB,3,2023-02-28,12,4,2023-06-30,XGBoost,2271.7,2085.17431640625
B_HB,3,2023-02-28,12,5,2023-07-31,XGBoost,2408.9,2020.567626953125
B_HB,3,2023-02-28,12,6,2023-08-31,XGBoost,1532.9,2069.493408203125
B_HB,3,2023-02-28,12,7,2023-09-30,XGBoost,1838.7,2062.50927734375
B_HB,3,2023-02-28,12,8,2023-10-31,XGBoost,2301.9,2072.887451171875
B_HB,3,2023-02-28,12,9,2023-11-30,XGBoost,2321.5,2035.515869140625
B_HB,3,2023-02-28,12,10,2023-12-31,XGBoost,1666.7,2158.704345703125
B_HB,3,2023-02-28,12,11,2024-01-31,XGBoost,2191.6,2423.924072265625
B_HB,3,2023-02-28,12,12,2024-02-29,XGBoost,2590.3,2421.860595703125
B_HB,3,2023-02-28,12,1,2023-03-31,DeepAR,2396.0,2208.90283203125
B_HB,3,2023-02-28,12,2,2023-04-30,DeepAR,2511.8,2227.902099609375
B_HB,3,2023-02-28,12,3,2023-05-31,DeepAR,2281.4,2165.900390625
B_HB,3,2023-02-28,12,4,2023-06-30,DeepAR,2271.7,2164.107177734375
B_HB,3,2023-02-28,12,5,2023-07-31,DeepAR,2408.9,2128.34423828125
B_HB,3,2023-02-28,12,6,2023-08-31,DeepAR,1532.9,2217.375732421875
B_HB,3,2023-02-28,12,7,2023-09-30,DeepAR,1838.7,2177.856201171875
B_HB,3,2023-02-28,12,8,2023-10-31,DeepAR,2301.9,2186.9033203125
B_HB,3,2023-02-28,12,9,2023-11-30,DeepAR,2321.5,2197.23583984375
B_HB,3,2023-02-28,12,10,2023-12-31,DeepAR,1666.7,2125.963134765625
B_HB,3,2023-02-28,12,11,2024-01-31,DeepAR,2191.6,2181.264892578125
B_HB,3,2023-02-28,12,12,2024-02-29,DeepAR,2590.3,2212.838623046875
B_HB,3,2023-02-28,12,1,2023-03-31,LeakageSafeEnsemble,2396.0,2348.6607326301337
B_HB,3,2023-02-28,12,2,2023-04-30,LeakageSafeEnsemble,2511.8,2304.906766498615
B_HB,3,2023-02-28,12,3,2023-05-31,LeakageSafeEnsemble,2281.4,2254.0023647066664
B_HB,3,2023-02-28,12,4,2023-06-30,LeakageSafeEnsemble,2271.7,2127.454612456525
B_HB,3,2023-02-28,12,5,2023-07-31,LeakageSafeEnsemble,2408.9,2078.2981012449873
B_HB,3,2023-02-28,12,6,2023-08-31,LeakageSafeEnsemble,1532.9,2148.7064369128934
B_HB,3,2023-02-28,12,7,2023-09-30,LeakageSafeEnsemble,1838.7,2124.2947294341147
B_HB,3,2023-02-28,12,8,2023-10-31,LeakageSafeEnsemble,2301.9,2133.959964202224
B_HB,3,2023-02-28,12,9,2023-11-30,LeakageSafeEnsemble,2321.5,2122.141054176671
B_HB,3,2023-02-28,12,10,2023-12-31,LeakageSafeEnsemble,1666.7,2141.16652496604
B_HB,3,2023-02-28,12,11,2024-01-31,LeakageSafeEnsemble,2191.6,2293.943895408519
B_HB,3,2023-02-28,12,12,2024-02-29,LeakageSafeEnsemble,2590.3,2309.8980862452913
B_HB,4,2023-05-31,3,1,2023-06-30,LastValue,2271.7,2281.4
B_HB,4,2023-05-31,3,2,2023-07-31,LastValue,2408.9,2281.4
B_HB,4,2023-05-31,3,3,2023-08-31,LastValue,1532.9,2281.4
B_HB,4,2023-05-31,3,1,2023-06-30,SeasonalNaive,2271.7,2000.8
B_HB,4,2023-05-31,3,2,2023-07-31,SeasonalNaive,2408.9,1453.5
B_HB,4,2023-05-31,3,3,2023-08-31,SeasonalNaive,1532.9,2240.1
B_HB,4,2023-05-31,3,1,2023-06-30,MovingAverage6,2271.7,2308.833333333333
B_HB,4,2023-05-31,3,2,2023-07-31,MovingAverage6,2408.9,2308.833333333333
B_HB,4,2023-05-31,3,3,2023-08-31,MovingAverage6,1532.9,2308.833333333333
B_HB,4,2023-05-31,3,1,2023-06-30,XGBoost,2271.7,2012.75390625
B_HB,4,2023-05-31,3,2,2023-07-31,XGBoost,2408.9,1953.623046875
B_HB,4,2023-05-31,3,3,2023-08-31,XGBoost,1532.9,2011.82666015625
B_HB,4,2023-05-31,3,1,2023-06-30,DeepAR,2271.7,2168.8115234375
B_HB,4,2023-05-31,3,2,2023-07-31,DeepAR,2408.9,2186.6708984375
B_HB,4,2023-05-31,3,3,2023-08-31,DeepAR,1532.9,2127.914306640625
B_HB,4,2023-05-31,3,1,2023-06-30,LeakageSafeEnsemble,2271.7,2094.370767568659
B_HB,4,2023-05-31,3,2,2023-07-31,LeakageSafeEnsemble,2408.9,2075.505203393059
B_HB,4,2023-05-31,3,3,2023-08-31,LeakageSafeEnsemble,1532.9,2072.539535095937
B_HB,4,2023-05-31,6,1,2023-06-30,LastValue,2271.7,2281.4
B_HB,4,2023-05-31,6,2,2023-07-31,LastValue,2408.9,2281.4
B_HB,4,2023-05-31,6,3,2023-08-31,LastValue,1532.9,2281.4
B_HB,4,2023-05-31,6,4,2023-09-30,LastValue,1838.7,2281.4
B_HB,4,2023-05-31,6,5,2023-10-31,LastValue,2301.9,2281.4
B_HB,4,2023-05-31,6,6,2023-11-30,LastValue,2321.5,2281.4
B_HB,4,2023-05-31,6,1,2023-06-30,SeasonalNaive,2271.7,2000.8
B_HB,4,2023-05-31,6,2,2023-07-31,SeasonalNaive,2408.9,1453.5
B_HB,4,2023-05-31,6,3,2023-08-31,SeasonalNaive,1532.9,2240.1
B_HB,4,2023-05-31,6,4,2023-09-30,SeasonalNaive,1838.7,1908.8
B_HB,4,2023-05-31,6,5,2023-10-31,SeasonalNaive,2301.9,2056.8
B_HB,4,2023-05-31,6,6,2023-11-30,SeasonalNaive,2321.5,1834.0
B_HB,4,2023-05-31,6,1,2023-06-30,MovingAverage6,2271.7,2308.833333333333
B_HB,4,2023-05-31,6,2,2023-07-31,MovingAverage6,2408.9,2308.833333333333
B_HB,4,2023-05-31,6,3,2023-08-31,MovingAverage6,1532.9,2308.833333333333
B_HB,4,2023-05-31,6,4,2023-09-30,MovingAverage6,1838.7,2308.833333333333
B_HB,4,2023-05-31,6,5,2023-10-31,MovingAverage6,2301.9,2308.833333333333
B_HB,4,2023-05-31,6,6,2023-11-30,MovingAverage6,2321.5,2308.833333333333
B_HB,4,2023-05-31,6,1,2023-06-30,XGBoost,2271.7,2012.75390625
B_HB,4,2023-05-31,6,2,2023-07-31,XGBoost,2408.9,1953.623046875
B_HB,4,2023-05-31,6,3,2023-08-31,XGBoost,1532.9,2011.82666015625
B_HB,4,2023-05-31,6,4,2023-09-30,XGBoost,1838.7,2004.648193359375
B_HB,4,2023-05-31,6,5,2023-10-31,XGBoost,2301.9,2004.5950927734375
B_HB,4,2023-05-31,6,6,2023-11-30,XGBoost,2321.5,1973.0469970703125
B_HB,4,2023-05-31,6,1,2023-06-30,DeepAR,2271.7,2168.8115234375
B_HB,4,2023-05-31,6,2,2023-07-31,DeepAR,2408.9,2186.6708984375
B_HB,4,2023-05-31,6,3,2023-08-31,DeepAR,1532.9,2127.914306640625
B_HB,4,2023-05-31,6,4,2023-09-30,DeepAR,1838.7,2138.4013671875
B_HB,4,2023-05-31,6,5,2023-10-31,DeepAR,2301.9,2102.18701171875
B_HB,4,2023-05-31,6,6,2023-11-30,DeepAR,2321.5,2189.832275390625
B_HB,4,2023-05-31,6,1,2023-06-30,LeakageSafeEnsemble,2271.7,2094.370767568659
B_HB,4,2023-05-31,6,2,2023-07-31,LeakageSafeEnsemble,2408.9,2075.505203393059
B_HB,4,2023-05-31,6,3,2023-08-31,LeakageSafeEnsemble,1532.9,2072.539535095937
B_HB,4,2023-05-31,6,4,2023-09-30,LeakageSafeEnsemble,1838.7,2074.6000488949376
B_HB,4,2023-05-31,6,5,2023-10-31,LeakageSafeEnsemble,2301.9,2055.6349068758295
B_HB,4,2023-05-31,6,6,2023-11-30,LeakageSafeEnsemble,2321.5,2086.4239586045487
B_HB,4,2023-05-31,12,1,2023-06-30,LastValue,2271.7,2281.4
B_HB,4,2023-05-31,12,2,2023-07-31,LastValue,2408.9,2281.4
B_HB,4,2023-05-31,12,3,2023-08-31,LastValue,1532.9,2281.4
B_HB,4,2023-05-31,12,4,2023-09-30,LastValue,1838.7,2281.4
B_HB,4,2023-05-31,12,5,2023-10-31,LastValue,2301.9,2281.4
B_HB,4,2023-05-31,12,6,2023-11-30,LastValue,2321.5,2281.4
B_HB,4,2023-05-31,12,7,2023-12-31,LastValue,1666.7,2281.4
B_HB,4,2023-05-31,12,8,2024-01-31,LastValue,2191.6,2281.4
B_HB,4,2023-05-31,12,9,2024-02-29,LastValue,2590.3,2281.4
B_HB,4,2023-05-31,12,10,2024-03-31,LastValue,2144.2,2281.4
B_HB,4,2023-05-31,12,11,2024-04-30,LastValue,2146.2,2281.4
B_HB,4,2023-05-31,12,12,2024-05-31,LastValue,2107.8,2281.4
B_HB,4,2023-05-31,12,1,2023-06-30,SeasonalNaive,2271.7,2000.8
B_HB,4,2023-05-31,12,2,2023-07-31,SeasonalNaive,2408.9,1453.5
B_HB,4,2023-05-31,12,3,2023-08-31,SeasonalNaive,1532.9,2240.1
B_HB,4,2023-05-31,12,4,2023-09-30,SeasonalNaive,1838.7,1908.8
B_HB,4,2023-05-31,12,5,2023-10-31,SeasonalNaive,2301.9,2056.8
B_HB,4,2023-05-31,12,6,2023-11-30,SeasonalNaive,2321.5,1834.0
B_HB,4,2023-05-31,12,7,2023-12-31,SeasonalNaive,1666.7,1875.8
B_HB,4,2023-05-31,12,8,2024-01-31,SeasonalNaive,2191.6,2323.2
B_HB,4,2023-05-31,12,9,2024-02-29,SeasonalNaive,2590.3,2464.8
B_HB,4,2023-05-31,12,10,2024-03-31,SeasonalNaive,2144.2,2396.0
B_HB,4,2023-05-31,12,11,2024-04-30,SeasonalNaive,2146.2,2511.8
B_HB,4,2023-05-31,12,12,2024-05-31,SeasonalNaive,2107.8,2281.4
B_HB,4,2023-05-31,12,1,2023-06-30,MovingAverage6,2271.7,2308.833333333333
B_HB,4,2023-05-31,12,2,2023-07-31,MovingAverage6,2408.9,2308.833333333333
B_HB,4,2023-05-31,12,3,2023-08-31,MovingAverage6,1532.9,2308.833333333333
B_HB,4,2023-05-31,12,4,2023-09-30,MovingAverage6,1838.7,2308.833333333333
B_HB,4,2023-05-31,12,5,2023-10-31,MovingAverage6,2301.9,2308.833333333333
B_HB,4,2023-05-31,12,6,2023-11-30,MovingAverage6,2321.5,2308.833333333333
B_HB,4,2023-05-31,12,7,2023-12-31,MovingAverage6,1666.7,2308.833333333333
B_HB,4,2023-05-31,12,8,2024-01-31,MovingAverage6,2191.6,2308.833333333333
B_HB,4,2023-05-31,12,9,2024-02-29,MovingAverage6,2590.3,2308.833333333333
B_HB,4,2023-05-31,12,10,2024-03-31,MovingAverage6,2144.2,2308.833333333333
B_HB,4,2023-05-31,12,11,2024-04-30,MovingAverage6,2146.2,2308.833333333333
B_HB,4,2023-05-31,12,12,2024-05-31,MovingAverage6,2107.8,2308.833333333333
B_HB,4,2023-05-31,12,1,2023-06-30,XGBoost,2271.7,2012.75390625
B_HB,4,2023-05-31,12,2,2023-07-31,XGBoost,2408.9,1953.623046875
B_HB,4,2023-05-31,12,3,2023-08-31,XGBoost,1532.9,2011.82666015625
B_HB,4,2023-05-31,12,4,2023-09-30,XGBoost,1838.7,2004.648193359375
B_HB,4,2023-05-31,12,5,2023-10-31,XGBoost,2301.9,2004.5950927734375
B_HB,4,2023-05-31,12,6,2023-11-30,XGBoost,2321.5,1973.0469970703125
B_HB,4,2023-05-31,12,7,2023-12-31,XGBoost,1666.7,2099.92822265625
B_HB,4,2023-05-31,12,8,2024-01-31,XGBoost,2191.6,2349.433349609375
B_HB,4,2023-05-31,12,9,2024-02-29,XGBoost,2590.3,2355.405517578125
B_HB,4,2023-05-31,12,10,2024-03-31,XGBoost,2144.2,2391.368408203125
B_HB,4,2023-05-31,12,11,2024-04-30,XGBoost,2146.2,2361.157958984375
B_HB,4,2023-05-31,12,12,2024-05-31,XGBoost,2107.8,2300.1591796875
B_HB,4,2023-05-31,12,1,2023-06-30,DeepAR,2271.7,2168.8115234375
B_HB,4,2023-05-31,12,2,2023-07-31,DeepAR,2408.9,2186.6708984375
B_HB,4,2023-05-31,12,3,2023-08-31,DeepAR,1532.9,2127.914306640625
B_HB,4,2023-05-31,12,4,2023-09-30,DeepAR,1838.7,2138.4013671875
B_HB,4,2023-05-31,12,5,2023-10-31,DeepAR,2301.9,2102.18701171875
B_HB,4,2023-05-31,12,6,2023-11-30,DeepAR,2321.5,2189.832275390625
B_HB,4,2023-05-31,12,7,2023-12-31,DeepAR,1666.7,2147.622802734375
B_HB,4,2023-05-31,12,8,2024-01-31,DeepAR,2191.6,2173.71826171875
B_HB,4,2023-05-31,12,9,2024-02-29,DeepAR,2590.3,2191.61865234375
B_HB,4,2023-05-31,12,10,2024-03-31,DeepAR,2144.2,2117.702880859375
B_HB,4,2023-05-31,12,11,2024-04-30,DeepAR,2146.2,2157.8173828125
B_HB,4,2023-05-31,12,12,2024-05-31,DeepAR,2107.8,2183.724365234375
B_HB,4,2023-05-31,12,1,2023-06-30,LeakageSafeEnsemble,2271.7,2094.370767568659
B_HB,4,2023-05-31,12,2,2023-07-31,LeakageSafeEnsemble,2408.9,2075.505203393059
B_HB,4,2023-05-31,12,3,2023-08-31,LeakageSafeEnsemble,1532.9,2072.539535095937
B_HB,4,2023-05-31,12,4,2023-09-30,LeakageSafeEnsemble,1838.7,2074.6000488949376
B_HB,4,2023-05-31,12,5,2023-10-31,LeakageSafeEnsemble,2301.9,2055.6349068758295
B_HB,4,2023-05-31,12,6,2023-11-30,LeakageSafeEnsemble,2321.5,2086.4239586045487
B_HB,4,2023-05-31,12,7,2023-12-31,LeakageSafeEnsemble,1666.7,2124.872125266545
B_HB,4,2023-05-31,12,8,2024-01-31,LeakageSafeEnsemble,2191.6,2257.535767572565
B_HB,4,2023-05-31,12,9,2024-02-29,LeakageSafeEnsemble,2590.3,2269.746280699028
B_HB,4,2023-05-31,12,10,2024-03-31,LeakageSafeEnsemble,2144.2,2248.243598393675
B_HB,4,2023-05-31,12,11,2024-04-30,LeakageSafeEnsemble,2146.2,2254.8125110808646
B_HB,4,2023-05-31,12,12,2024-05-31,LeakageSafeEnsemble,2107.8,2239.2647276786124
B_HB,5,2023-08-31,3,1,2023-09-30,LastValue,1838.7,1532.9
B_HB,5,2023-08-31,3,2,2023-10-31,LastValue,2301.9,1532.9
B_HB,5,2023-08-31,3,3,2023-11-30,LastValue,2321.5,1532.9
B_HB,5,2023-08-31,3,1,2023-09-30,SeasonalNaive,1838.7,1908.8
B_HB,5,2023-08-31,3,2,2023-10-31,SeasonalNaive,2301.9,2056.8
B_HB,5,2023-08-31,3,3,2023-11-30,SeasonalNaive,2321.5,1834.0
B_HB,5,2023-08-31,3,1,2023-09-30,MovingAverage6,1838.7,2233.7833333333333
B_HB,5,2023-08-31,3,2,2023-10-31,MovingAverage6,2301.9,2233.7833333333333
B_HB,5,2023-08-31,3,3,2023-11-30,MovingAverage6,2321.5,2233.7833333333333
B_HB,5,2023-08-31,3,1,2023-09-30,XGBoost,1838.7,1697.3201904296875
B_HB,5,2023-08-31,3,2,2023-10-31,XGBoost,2301.9,1846.008056640625
B_HB,5,2023-08-31,3,3,2023-11-30,XGBoost,2321.5,1839.974609375
B_HB,5,2023-08-31,3,1,2023-09-30,DeepAR,1838.7,2249.74560546875
B_HB,5,2023-08-31,3,2,2023-10-31,DeepAR,2301.9,2269.114501953125
B_HB,5,2023-08-31,3,3,2023-11-30,DeepAR,2321.5,2208.15771484375
B_HB,5,2023-08-31,3,1,2023-09-30,LeakageSafeEnsemble,1838.7,1993.4344048881082
B_HB,5,2023-08-31,3,2,2023-10-31,LeakageSafeEnsemble,2301.9,2072.803997453525
B_HB,5,2023-08-31,3,3,2023-11-30,LeakageSafeEnsemble,2321.5,2037.3302138121621
B_HB,5,2023-08-31,6,1,2023-09-30,LastValue,1838.7,1532.9
B_HB,5,2023-08-31,6,2,2023-10-31,LastValue,2301.9,1532.9
B_HB,5,2023-08-31,6,3,2023-11-30,LastValue,2321.5,1532.9
B_HB,5,2023-08-31,6,4,2023-12-31,LastValue,1666.7,1532.9
B_HB,5,2023-08-31,6,5,2024-01-31,LastValue,2191.6,1532.9
B_HB,5,2023-08-31,6,6,2024-02-29,LastValue,2590.3,1532.9
B_HB,5,2023-08-31,6,1,2023-09-30,SeasonalNaive,1838.7,1908.8
B_HB,5,2023-08-31,6,2,2023-10-31,SeasonalNaive,2301.9,2056.8
B_HB,5,2023-08-31,6,3,2023-11-30,SeasonalNaive,2321.5,1834.0
B_HB,5,2023-08-31,6,4,2023-12-31,SeasonalNaive,1666.7,1875.8
B_HB,5,2023-08-31,6,5,2024-01-31,SeasonalNaive,2191.6,2323.2
B_HB,5,2023-08-31,6,6,2024-02-29,SeasonalNaive,2590.3,2464.8
B_HB,5,2023-08-31,6,1,2023-09-30,MovingAverage6,1838.7,2233.7833333333333
B_HB,5,2023-08-31,6,2,2023-10-31,MovingAverage6,2301.9,2233.7833333333333
B_HB,5,2023-08-31,6,3,2023-11-30,MovingAverage6,2321.5,2233.7833333333333
B_HB,5,2023-08-31,6,4,2023-12-31,MovingAverage6,1666.7,2233.7833333333333
B_HB,5,2023-08-31,6,5,2024-01-31,MovingAverage6,2191.6,2233.7833333333333
B_HB,5,2023-08-31,6,6,2024-02-29,MovingAverage6,2590.3,2233.7833333333333
B_HB,5,2023-08-31,6,1,2023-09-30,XGBoost,1838.7,1697.3201904296875
B_HB,5,2023-08-31,6,2,2023-10-31,XGBoost,2301.9,1846.008056640625
B_HB,5,2023-08-31,6,3,2023-11-30,XGBoost,2321.5,1839.974609375
B_HB,5,2023-08-31,6,4,2023-12-31,XGBoost,1666.7,2028.7850341796875
B_HB,5,2023-08-31,6,5,2024-01-31,XGBoost,2191.6,2296.156982421875
B_HB,5,2023-08-31,6,6,2024-02-29,XGBoost,2590.3,2297.501708984375
B_HB,5,2023-08-31,6,1,2023-09-30,DeepAR,1838.7,2249.74560546875
B_HB,5,2023-08-31,6,2,2023-10-31,DeepAR,2301.9,2269.114501953125
B_HB,5,2023-08-31,6,3,2023-11-30,DeepAR,2321.5,2208.15771484375
B_HB,5,2023-08-31,6,4,2023-12-31,DeepAR,1666.7,2219.31396484375
B_HB,5,2023-08-31,6,5,2024-01-31,DeepAR,2191.6,2197.053466796875
B_HB,5,2023-08-31,6,6,2024-02-29,DeepAR,2590.3,2293.284423828125
B_HB,5,2023-08-31,6,1,2023-09-30,LeakageSafeEnsemble,1838.7,1993.4344048881082
B_HB,5,2023-08-31,6,2,2023-10-31,LeakageSafeEnsemble,2301.9,2072.803997453525
B_HB,5,2023-08-31,6,3,2023-11-30,LeakageSafeEnsemble,2321.5,2037.3302138121621
B_HB,5,2023-08-31,6,4,2023-12-31,LeakageSafeEnsemble,1666.7,2130.9134612917805
B_HB,5,2023-08-31,6,5,2024-01-31,LeakageSafeEnsemble,2191.6,2243.0349725532733
B_HB,5,2023-08-31,6,6,2024-02-29,LeakageSafeEnsemble,2590.3,2295.241142739974
B_HB,5,2023-08-31,12,1,2023-09-30,LastValue,1838.7,1532.9
B_HB,5,2023-08-31,12,2,2023-10-31,LastValue,2301.9,1532.9
B_HB,5,2023-08-31,12,3,2023-11-30,LastValue,2321.5,1532.9
B_HB,5,2023-08-31,12,4,2023-12-31,LastValue,1666.7,1532.9
B_HB,5,2023-08-31,12,5,2024-01-31,LastValue,2191.6,1532.9
B_HB,5,2023-08-31,12,6,2024-02-29,LastValue,2590.3,1532.9
B_HB,5,2023-08-31,12,7,2024-03-31,LastValue,2144.2,1532.9
B_HB,5,2023-08-31,12,8,2024-04-30,LastValue,2146.2,1532.9
B_HB,5,2023-08-31,12,9,2024-05-31,LastValue,2107.8,1532.9
B_HB,5,2023-08-31,12,10,2024-06-30,LastValue,1757.6,1532.9
B_HB,5,2023-08-31,12,11,2024-07-31,LastValue,1957.4,1532.9
B_HB,5,2023-08-31,12,12,2024-08-31,LastValue,1638.9,1532.9
B_HB,5,2023-08-31,12,1,2023-09-30,SeasonalNaive,1838.7,1908.8
B_HB,5,2023-08-31,12,2,2023-10-31,SeasonalNaive,2301.9,2056.8
B_HB,5,2023-08-31,12,3,2023-11-30,SeasonalNaive,2321.5,1834.0
B_HB,5,2023-08-31,12,4,2023-12-31,SeasonalNaive,1666.7,1875.8
B_HB,5,2023-08-31,12,5,2024-01-31,SeasonalNaive,2191.6,2323.2
B_HB,5,2023-08-31,12,6,2024-02-29,SeasonalNaive,2590.3,2464.8
B_HB,5,2023-08-31,12,7,2024-03-31,SeasonalNaive,2144.2,2396.0
B_HB,5,2023-08-31,12,8,2024-04-30,SeasonalNaive,2146.2,2511.8
B_HB,5,2023-08-31,12,9,2024-05-31,SeasonalNaive,2107.8,2281.4
B_HB,5,2023-08-31,12,10,2024-06-30,SeasonalNaive,1757.6,2271.7
B_HB,5,2023-08-31,12,11,2024-07-31,SeasonalNaive,1957.4,2408.9
B_HB,5,2023-08-31,12,12,2024-08-31,SeasonalNaive,1638.9,1532.9
B_HB,5,2023-08-31,12,1,2023-09-30,MovingAverage6,1838.7,2233.7833333333333
B_HB,5,2023-08-31,12,2,2023-10-31,MovingAverage6,2301.9,2233.7833333333333
B_HB,5,2023-08-31,12,3,2023-11-30,MovingAverage6,2321.5,2233.7833333333333
B_HB,5,2023-08-31,12,4,2023-12-31,MovingAverage6,1666.7,2233.7833333333333
B_HB,5,2023-08-31,12,5,2024-01-31,MovingAverage6,2191.6,2233.7833333333333
B_HB,5,2023-08-31,12,6,2024-02-29,MovingAverage6,2590.3,2233.7833333333333
B_HB,5,2023-08-31,12,7,2024-03-31,MovingAverage6,2144.2,2233.7833333333333
B_HB,5,2023-08-31,12,8,2024-04-30,MovingAverage6,2146.2,2233.7833333333333
B_HB,5,2023-08-31,12,9,2024-05-31,MovingAverage6,2107.8,2233.7833333333333
B_HB,5,2023-08-31,12,10,2024-06-30,MovingAverage6,1757.6,2233.7833333333333
B_HB,5,2023-08-31,12,11,2024-07-31,MovingAverage6,1957.4,2233.7833333333333
B_HB,5,2023-08-31,12,12,2024-08-31,MovingAverage6,1638.9,2233.7833333333333
B_HB,5,2023-08-31,12,1,2023-09-30,XGBoost,1838.7,1697.3201904296875
B_HB,5,2023-08-31,12,2,2023-10-31,XGBoost,2301.9,1846.008056640625
B_HB,5,2023-08-31,12,3,2023-11-30,XGBoost,2321.5,1839.974609375
B_HB,5,2023-08-31,12,4,2023-12-31,XGBoost,1666.7,2028.7850341796875
B_HB,5,2023-08-31,12,5,2024-01-31,XGBoost,2191.6,2296.156982421875
B_HB,5,2023-08-31,12,6,2024-02-29,XGBoost,2590.3,2297.501708984375
B_HB,5,2023-08-31,12,7,2024-03-31,XGBoost,2144.2,2348.456298828125
B_HB,5,2023-08-31,12,8,2024-04-30,XGBoost,2146.2,2158.010009765625
B_HB,5,2023-08-31,12,9,2024-05-31,XGBoost,2107.8,2136.1279296875
B_HB,5,2023-08-31,12,10,2024-06-30,XGBoost,1757.6,1836.9310302734375
B_HB,5,2023-08-31,12,11,2024-07-31,XGBoost,1957.4,1695.58837890625
B_HB,5,2023-08-31,12,12,2024-08-31,XGBoost,1638.9,1687.8349609375
B_HB,5,2023-08-31,12,1,2023-09-30,DeepAR,1838.7,2249.74560546875
B_HB,5,2023-08-31,12,2,2023-10-31,DeepAR,2301.9,2269.114501953125
B_HB,5,2023-08-31,12,3,2023-11-30,DeepAR,2321.5,2208.15771484375
B_HB,5,2023-08-31,12,4,2023-12-31,DeepAR,1666.7,2219.31396484375
B_HB,5,2023-08-31,12,5,2024-01-31,DeepAR,2191.6,2197.053466796875
B_HB,5,2023-08-31,12,6,2024-02-29,DeepAR,2590.3,2293.284423828125
B_HB,5,2023-08-31,12,7,2024-03-31,DeepAR,2144.2,2246.675048828125
B_HB,5,2023-08-31,12,8,2024-04-30,DeepAR,2146.2,2258.34130859375
B_HB,5,2023-08-31,12,9,2024-05-31,DeepAR,2107.8,2270.163818359375
B_HB,5,2023-08-31,12,10,2024-06-30,DeepAR,1757.6,2190.425537109375
B_HB,5,2023-08-31,12,11,2024-07-31,DeepAR,1957.4,2229.261474609375
B_HB,5,2023-08-31,12,12,2024-08-31,DeepAR,1638.9,2258.780517578125
B_HB,5,2023-08-31,12,1,2023-09-30,LeakageSafeEnsemble,1838.7,1993.4344048881082
B_HB,5,2023-08-31,12,2,2023-10-31,LeakageSafeEnsemble,2301.9,2072.803997453525
B_HB,5,2023-08-31,12,3,2023-11-30,LeakageSafeEnsemble,2321.5,2037.3302138121621
B_HB,5,2023-08-31,12,4,2023-12-31,LeakageSafeEnsemble,1666.7,2130.9134612917805
B_HB,5,2023-08-31,12,5,2024-01-31,LeakageSafeEnsemble,2191.6,2243.0349725532733
B_HB,5,2023-08-31,12,6,2024-02-29,LeakageSafeEnsemble,2590.3,2295.241142739974
B_HB,5,2023-08-31,12,7,2024-03-31,LeakageSafeEnsemble,2144.2,2293.8989201264476
B_HB,5,2023-08-31,12,8,2024-04-30,LeakageSafeEnsemble,2146.2,2211.7901528956763
B_HB,5,2023-08-31,12,9,2024-05-31,LeakageSafeEnsemble,2107.8,2207.974612341188
B_HB,5,2023-08-31,12,10,2024-06-30,LeakageSafeEnsemble,1757.6,2026.4132009542539
B_HB,5,2023-08-31,12,11,2024-07-31,LeakageSafeEnsemble,1957.4,1981.6508558953267
B_HB,5,2023-08-31,12,12,2024-08-31,LeakageSafeEnsemble,1638.9,1993.8764713246455
B_HB,6,2023-11-30,3,1,2023-12-31,LastValue,1666.7,2321.5
B_HB,6,2023-11-30,3,2,2024-01-31,LastValue,2191.6,2321.5
B_HB,6,2023-11-30,3,3,2024-02-29,LastValue,2590.3,2321.5
B_HB,6,2023-11-30,3,1,2023-12-31,SeasonalNaive,1666.7,1875.8
B_HB,6,2023-11-30,3,2,2024-01-31,SeasonalNaive,2191.6,2323.2
B_HB,6,2023-11-30,3,3,2024-02-29,SeasonalNaive,2590.3,2464.8
B_HB,6,2023-11-30,3,1,2023-12-31,MovingAverage6,1666.7,2112.6
B_HB,6,2023-11-30,3,2,2024-01-31,MovingAverage6,2191.6,2112.6
B_HB,6,2023-11-30,3,3,2024-02-29,MovingAverage6,2590.3,2112.6
B_HB,6,2023-11-30,3,1,2023-12-31,XGBoost,1666.7,2325.414794921875
B_HB,6,2023-11-30,3,2,2024-01-31,XGBoost,2191.6,2560.317138671875
B_HB,6,2023-11-30,3,3,2024-02-29,XGBoost,2590.3,2539.016357421875
B_HB,6,2023-11-30,3,1,2023-12-31,DeepAR,1666.7,2235.88525390625
B_HB,6,2023-11-30,3,2,2024-01-31,DeepAR,2191.6,2271.874755859375
B_HB,6,2023-11-30,3,3,2024-02-29,DeepAR,2590.3,2215.8525390625
B_HB,6,2023-11-30,3,1,2023-12-31,LeakageSafeEnsemble,1666.7,2278.965996913171
B_HB,6,2023-11-30,3,2,2024-01-31,LeakageSafeEnsemble,2191.6,2410.670520788791
B_HB,6,2023-11-30,3,3,2024-02-29,LeakageSafeEnsemble,2590.3,2371.3560420267086
B_HB,6,2023-11-30,6,1,2023-12-31,LastValue,1666.7,2321.5
B_HB,6,2023-11-30,6,2,2024-01-31,LastValue,2191.6,2321.5
B_HB,6,2023-11-30,6,3,2024-02-29,LastValue,2590.3,2321.5
B_HB,6,2023-11-30,6,4,2024-03-31,LastValue,2144.2,2321.5
B_HB,6,2023-11-30,6,5,2024-04-30,LastValue,2146.2,2321.5
B_HB,6,2023-11-30,6,6,2024-05-31,LastValue,2107.8,2321.5
B_HB,6,2023-11-30,6,1,2023-12-31,SeasonalNaive,1666.7,1875.8
B_HB,6,2023-11-30,6,2,2024-01-31,SeasonalNaive,2191.6,2323.2
B_HB,6,2023-11-30,6,3,2024-02-29,SeasonalNaive,2590.3,2464.8
B_HB,6,2023-11-30,6,4,2024-03-31,SeasonalNaive,2144.2,2396.0
B_HB,6,2023-11-30,6,5,2024-04-30,SeasonalNaive,2146.2,2511.8
B_HB,6,2023-11-30,6,6,2024-05-31,SeasonalNaive,2107.8,2281.4
B_HB,6,2023-11-30,6,1,2023-12-31,MovingAverage6,1666.7,2112.6
B_HB,6,2023-11-30,6,2,2024-01-31,MovingAverage6,2191.6,2112.6
B_HB,6,2023-11-30,6,3,2024-02-29,MovingAverage6,2590.3,2112.6
B_HB,6,2023-11-30,6,4,2024-03-31,MovingAverage6,2144.2,2112.6
B_HB,6,2023-11-30,6,5,2024-04-30,MovingAverage6,2146.2,2112.6
B_HB,6,2023-11-30,6,6,2024-05-31,MovingAverage6,2107.8,2112.6
B_HB,6,2023-11-30,6,1,2023-12-31,XGBoost,1666.7,2325.414794921875
B_HB,6,2023-11-30,6,2,2024-01-31,XGBoost,2191.6,2560.317138671875
B_HB,6,2023-11-30,6,3,2024-02-29,XGBoost,2590.3,2539.016357421875
B_HB,6,2023-11-30,6,4,2024-03-31,XGBoost,2144.2,2583.72998046875
B_HB,6,2023-11-30,6,5,2024-04-30,XGBoost,2146.2,2325.720458984375
B_HB,6,2023-11-30,6,6,2024-05-31,XGBoost,2107.8,2305.927490234375
B_HB,6,2023-11-30,6,1,2023-12-31,DeepAR,1666.7,2235.88525390625
B_HB,6,2023-11-30,6,2,2024-01-31,DeepAR,2191.6,2271.874755859375
B_HB,6,2023-11-30,6,3,2024-02-29,DeepAR,2590.3,2215.8525390625
B_HB,6,2023-11-30,6,4,2024-03-31,DeepAR,2144.2,2219.840576171875
B_HB,6,2023-11-30,6,5,2024-04-30,DeepAR,2146.2,2183.52001953125
B_HB,6,2023-11-30,6,6,2024-05-31,DeepAR,2107.8,2274.993408203125
B_HB,6,2023-11-30,6,1,2023-12-31,LeakageSafeEnsemble,1666.7,2278.965996913171
B_HB,6,2023-11-30,6,2,2024-01-31,LeakageSafeEnsemble,2191.6,2410.670520788791
B_HB,6,2023-11-30,6,3,2024-02-29,LeakageSafeEnsemble,2590.3,2371.3560420267086
B_HB,6,2023-11-30,6,4,2024-03-31,LeakageSafeEnsemble,2144.2,2394.9408196880618
B_HB,6,2023-11-30,6,5,2024-04-30,LeakageSafeEnsemble,2146.2,2251.9455230195267
B_HB,6,2023-11-30,6,6,2024-05-31,LeakageSafeEnsemble,2107.8,2289.8785944014817
B_HB,6,2023-11-30,12,1,2023-12-31,LastValue,1666.7,2321.5
B_HB,6,2023-11-30,12,2,2024-01-31,LastValue,2191.6,2321.5
B_HB,6,2023-11-30,12,3,2024-02-29,LastValue,2590.3,2321.5
B_HB,6,2023-11-30,12,4,2024-03-31,LastValue,2144.2,2321.5
B_HB,6,2023-11-30,12,5,2024-04-30,LastValue,2146.2,2321.5
B_HB,6,2023-11-30,12,6,2024-05-31,LastValue,2107.8,2321.5
B_HB,6,2023-11-30,12,7,2024-06-30,LastValue,1757.6,2321.5
B_HB,6,2023-11-30,12,8,2024-07-31,LastValue,1957.4,2321.5
B_HB,6,2023-11-30,12,9,2024-08-31,LastValue,1638.9,2321.5
B_HB,6,2023-11-30,12,10,2024-09-30,LastValue,1805.6,2321.5
B_HB,6,2023-11-30,12,11,2024-10-31,LastValue,1797.5,2321.5
B_HB,6,2023-11-30,12,12,2024-11-30,LastValue,1794.0,2321.5
B_HB,6,2023-11-30,12,1,2023-12-31,SeasonalNaive,1666.7,1875.8
B_HB,6,2023-11-30,12,2,2024-01-31,SeasonalNaive,2191.6,2323.2
B_HB,6,2023-11-30,12,3,2024-02-29,SeasonalNaive,2590.3,2464.8
B_HB,6,2023-11-30,12,4,2024-03-31,SeasonalNaive,2144.2,2396.0
B_HB,6,2023-11-30,12,5,2024-04-30,SeasonalNaive,2146.2,2511.8
B_HB,6,2023-11-30,12,6,2024-05-31,SeasonalNaive,2107.8,2281.4
B_HB,6,2023-11-30,12,7,2024-06-30,SeasonalNaive,1757.6,2271.7
B_HB,6,2023-11-30,12,8,2024-07-31,SeasonalNaive,1957.4,2408.9
B_HB,6,2023-11-30,12,9,2024-08-31,SeasonalNaive,1638.9,1532.9
B_HB,6,2023-11-30,12,10,2024-09-30,SeasonalNaive,1805.6,1838.7
B_HB,6,2023-11-30,12,11,2024-10-31,SeasonalNaive,1797.5,2301.9
B_HB,6,2023-11-30,12,12,2024-11-30,SeasonalNaive,1794.0,2321.5
B_HB,6,2023-11-30,12,1,2023-12-31,MovingAverage6,1666.7,2112.6
B_HB,6,2023-11-30,12,2,2024-01-31,MovingAverage6,2191.6,2112.6
B_HB,6,2023-11-30,12,3,2024-02-29,MovingAverage6,2590.3,2112.6
B_HB,6,2023-11-30,12,4,2024-03-31,MovingAverage6,2144.2,2112.6
B_HB,6,2023-11-30,12,5,2024-04-30,MovingAverage6,2146.2,2112.6
B_HB,6,2023-11-30,12,6,2024-05-31,MovingAverage6,2107.8,2112.6
B_HB,6,2023-11-30,12,7,2024-06-30,MovingAverage6,1757.6,2112.6
B_HB,6,2023-11-30,12,8,2024-07-31,MovingAverage6,1957.4,2112.6
B_HB,6,2023-11-30,12,9,2024-08-31,MovingAverage6,1638.9,2112.6
B_HB,6,2023-11-30,12,10,2024-09-30,MovingAverage6,1805.6,2112.6
B_HB,6,2023-11-30,12,11,2024-10-31,MovingAverage6,1797.5,2112.6
B_HB,6,2023-11-30,12,12,2024-11-30,MovingAverage6,1794.0,2112.6
B_HB,6,2023-11-30,12,1,2023-12-31,XGBoost,1666.7,2325.414794921875
B_HB,6,2023-11-30,12,2,2024-01-31,XGBoost,2191.6,2560.317138671875
B_HB,6,2023-11-30,12,3,2024-02-29,XGBoost,2590.3,2539.016357421875
B_HB,6,2023-11-30,12,4,2024-03-31,XGBoost,2144.2,2583.72998046875
B_HB,6,2023-11-30,12,5,2024-04-30,XGBoost,2146.2,2325.720458984375
B_HB,6,2023-11-30,12,6,2024-05-31,XGBoost,2107.8,2305.927490234375
B_HB,6,2023-11-30,12,7,2024-06-30,XGBoost,1757.6,2043.544677734375
B_HB,6,2023-11-30,12,8,2024-07-31,XGBoost,1957.4,2010.33837890625
B_HB,6,2023-11-30,12,9,2024-08-31,XGBoost,1638.9,2013.9017333984375
B_HB,6,2023-11-30,12,10,2024-09-30,XGBoost,1805.6,2002.86181640625
B_HB,6,2023-11-30,12,11,2024-10-31,XGBoost,1797.5,2268.732177734375
B_HB,6,2023-11-30,12,12,2024-11-30,XGBoost,1794.0,2278.667236328125
B_HB,6,2023-11-30,12,1,2023-12-31,DeepAR,1666.7,2235.88525390625
B_HB,6,2023-11-30,12,2,2024-01-31,DeepAR,2191.6,2271.874755859375
B_HB,6,2023-11-30,12,3,2024-02-29,DeepAR,2590.3,2215.8525390625
B_HB,6,2023-11-30,12,4,2024-03-31,DeepAR,2144.2,2219.840576171875
B_HB,6,2023-11-30,12,5,2024-04-30,DeepAR,2146.2,2183.52001953125
B_HB,6,2023-11-30,12,6,2024-05-31,DeepAR,2107.8,2274.993408203125
B_HB,6,2023-11-30,12,7,2024-06-30,DeepAR,1757.6,2225.807861328125
B_HB,6,2023-11-30,12,8,2024-07-31,DeepAR,1957.4,2234.116943359375
B_HB,6,2023-11-30,12,9,2024-08-31,DeepAR,1638.9,2246.976806640625
B_HB,6,2023-11-30,12,10,2024-09-30,DeepAR,1805.6,2168.4365234375
B_HB,6,2023-11-30,12,11,2024-10-31,DeepAR,1797.5,2211.598388671875
B_HB,6,2023-11-30,12,12,2024-11-30,DeepAR,1794.0,2239.50146484375
B_HB,6,2023-11-30,12,1,2023-12-31,LeakageSafeEnsemble,1666.7,2278.965996913171
B_HB,6,2023-11-30,12,2,2024-01-31,LeakageSafeEnsemble,2191.6,2410.670520788791
B_HB,6,2023-11-30,12,3,2024-02-29,LeakageSafeEnsemble,2590.3,2371.3560420267086
B_HB,6,2023-11-30,12,4,2024-03-31,LeakageSafeEnsemble,2144.2,2394.9408196880618
B_HB,6,2023-11-30,12,5,2024-04-30,LeakageSafeEnsemble,2146.2,2251.9455230195267
B_HB,6,2023-11-30,12,6,2024-05-31,LeakageSafeEnsemble,2107.8,2289.8785944014817
B_HB,6,2023-11-30,12,7,2024-06-30,LeakageSafeEnsemble,1757.6,2138.104512556953
B_HB,6,2023-11-30,12,8,2024-07-31,LeakageSafeEnsemble,1957.4,2126.436764616446
B_HB,6,2023-11-30,12,9,2024-08-31,LeakageSafeEnsemble,1638.9,2134.8232414441704
B_HB,6,2023-11-30,12,10,2024-09-30,LeakageSafeEnsemble,1805.6,2088.763498154274
B_HB,6,2023-11-30,12,11,2024-10-31,LeakageSafeEnsemble,1797.5,2239.0905997911395
B_HB,6,2023-11-30,12,12,2024-11-30,LeakageSafeEnsemble,1794.0,2258.347735876624
B_HB,7,2024-02-29,3,1,2024-03-31,LastValue,2144.2,2590.3
B_HB,7,2024-02-29,3,2,2024-04-30,LastValue,2146.2,2590.3
B_HB,7,2024-02-29,3,3,2024-05-31,LastValue,2107.8,2590.3
B_HB,7,2024-02-29,3,1,2024-03-31,SeasonalNaive,2144.2,2396.0
B_HB,7,2024-02-29,3,2,2024-04-30,SeasonalNaive,2146.2,2511.8
B_HB,7,2024-02-29,3,3,2024-05-31,SeasonalNaive,2107.8,2281.4
B_HB,7,2024-02-29,3,1,2024-03-31,MovingAverage6,2144.2,2151.7833333333333
B_HB,7,2024-02-29,3,2,2024-04-30,MovingAverage6,2146.2,2151.7833333333333
B_HB,7,2024-02-29,3,3,2024-05-31,MovingAverage6,2107.8,2151.7833333333333
B_HB,7,2024-02-29,3,1,2024-03-31,XGBoost,2144.2,2547.593505859375
B_HB,7,2024-02-29,3,2,2024-04-30,XGBoost,2146.2,2309.66552734375
B_HB,7,2024-02-29,3,3,2024-05-31,XGBoost,2107.8,2291.591796875
B_HB,7,2024-02-29,3,1,2024-03-31,DeepAR,2144.2,2175.45751953125
B_HB,7,2024-02-29,3,2,2024-04-30,DeepAR,2146.2,2197.760986328125
B_HB,7,2024-02-29,3,3,2024-05-31,DeepAR,2107.8,2136.5771484375
B_HB,7,2024-02-29,3,1,2024-03-31,LeakageSafeEnsemble,2144.2,2356.5069612146976
B_HB,7,2024-02-29,3,2,2024-04-30,LeakageSafeEnsemble,2146.2,2252.2041047275197
B_HB,7,2024-02-29,3,3,2024-05-31,LeakageSafeEnsemble,2107.8,2211.993978900493
B_HB,7,2024-02-29,6,1,2024-03-31,LastValue,2144.2,2590.3
B_HB,7,2024-02-29,6,2,2024-04-30,LastValue,2146.2,2590.3
B_HB,7,2024-02-29,6,3,2024-05-31,LastValue,2107.8,2590.3
B_HB,7,2024-02-29,6,4,2024-06-30,LastValue,1757.6,2590.3
B_HB,7,2024-02-29,6,5,2024-07-31,LastValue,1957.4,2590.3
B_HB,7,2024-02-29,6,6,2024-08-31,LastValue,1638.9,2590.3
B_HB,7,2024-02-29,6,1,2024-03-31,SeasonalNaive,2144.2,2396.0
B_HB,7,2024-02-29,6,2,2024-04-30,SeasonalNaive,2146.2,2511.8
B_HB,7,2024-02-29,6,3,2024-05-31,SeasonalNaive,2107.8,2281.4
B_HB,7,2024-02-29,6,4,2024-06-30,SeasonalNaive,1757.6,2271.7
B_HB,7,2024-02-29,6,5,2024-07-31,SeasonalNaive,1957.4,2408.9
B_HB,7,2024-02-29,6,6,2024-08-31,SeasonalNaive,1638.9,1532.9
B_HB,7,2024-02-29,6,1,2024-03-31,MovingAverage6,2144.2,2151.7833333333333
B_HB,7,2024-02-29,6,2,2024-04-30,MovingAverage6,2146.2,2151.7833333333333
B_HB,7,2024-02-29,6,3,2024-05-31,MovingAverage6,2107.8,2151.7833333333333
B_HB,7,2024-02-29,6,4,2024-06-30,MovingAverage6,1757.6,2151.7833333333333
B_HB,7,2024-02-29,6,5,2024-07-31,MovingAverage6,1957.4,2151.7833333333333
B_HB,7,2024-02-29,6,6,2024-08-31,MovingAverage6,1638.9,2151.7833333333333
B_HB,7,2024-02-29,6,1,2024-03-31,XGBoost,2144.2,2547.593505859375
B_HB,7,2024-02-29,6,2,2024-04-30,XGBoost,2146.2,2309.66552734375
B_HB,7,2024-02-29,6,3,2024-05-31,XGBoost,2107.8,2291.591796875
B_HB,7,2024-02-29,6,4,2024-06-30,XGBoost,1757.6,1973.510986328125
B_HB,7,2024-02-29,6,5,2024-07-31,XGBoost,1957.4,1973.7745361328125
B_HB,7,2024-02-29,6,6,2024-08-31,XGBoost,1638.9,1983.29736328125
B_HB,7,2024-02-29,6,1,2024-03-31,DeepAR,2144.2,2175.45751953125
B_HB,7,2024-02-29,6,2,2024-04-30,DeepAR,2146.2,2197.760986328125
B_HB,7,2024-02-29,6,3,2024-05-31,DeepAR,2107.8,2136.5771484375
B_HB,7,2024-02-29,6,4,2024-06-30,DeepAR,1757.6,2137.725341796875
B_HB,7,2024-02-29,6,5,2024-07-31,DeepAR,1957.4,2098.956787109375
B_HB,7,2024-02-29,6,6,2024-08-31,DeepAR,1638.9,2189.810546875
B_HB,7,2024-02-29,6,1,2024-03-31,LeakageSafeEnsemble,2144.2,2356.5069612146976
B_HB,7,2024-02-29,6,2,2024-04-30,LeakageSafeEnsemble,2146.2,2252.2041047275197
B_HB,7,2024-02-29,6,3,2024-05-31,LeakageSafeEnsemble,2107.8,2211.993978900493
B_HB,7,2024-02-29,6,4,2024-06-30,LeakageSafeEnsemble,1757.6,2057.8327664865865
B_HB,7,2024-02-29,6,5,2024-07-31,LeakageSafeEnsemble,1957.4,2038.053836056979
B_HB,7,2024-02-29,6,6,2024-08-31,LeakageSafeEnsemble,1638.9,2089.3389517231544
B_HB,7,2024-02-29,12,1,2024-03-31,LastValue,2144.2,2590.3
B_HB,7,2024-02-29,12,2,2024-04-30,LastValue,2146.2,2590.3
B_HB,7,2024-02-29,12,3,2024-05-31,LastValue,2107.8,2590.3
B_HB,7,2024-02-29,12,4,2024-06-30,LastValue,1757.6,2590.3
B_HB,7,2024-02-29,12,5,2024-07-31,LastValue,1957.4,2590.3
B_HB,7,2024-02-29,12,6,2024-08-31,LastValue,1638.9,2590.3
B_HB,7,2024-02-29,12,7,2024-09-30,LastValue,1805.6,2590.3
B_HB,7,2024-02-29,12,8,2024-10-31,LastValue,1797.5,2590.3
B_HB,7,2024-02-29,12,9,2024-11-30,LastValue,1794.0,2590.3
B_HB,7,2024-02-29,12,10,2024-12-31,LastValue,2553.1,2590.3
B_HB,7,2024-02-29,12,11,2025-01-31,LastValue,3126.7,2590.3
B_HB,7,2024-02-29,12,12,2025-02-28,LastValue,2103.5,2590.3
B_HB,7,2024-02-29,12,1,2024-03-31,SeasonalNaive,2144.2,2396.0
B_HB,7,2024-02-29,12,2,2024-04-30,SeasonalNaive,2146.2,2511.8
B_HB,7,2024-02-29,12,3,2024-05-31,SeasonalNaive,2107.8,2281.4
B_HB,7,2024-02-29,12,4,2024-06-30,SeasonalNaive,1757.6,2271.7
B_HB,7,2024-02-29,12,5,2024-07-31,SeasonalNaive,1957.4,2408.9
B_HB,7,2024-02-29,12,6,2024-08-31,SeasonalNaive,1638.9,1532.9
B_HB,7,2024-02-29,12,7,2024-09-30,SeasonalNaive,1805.6,1838.7
B_HB,7,2024-02-29,12,8,2024-10-31,SeasonalNaive,1797.5,2301.9
B_HB,7,2024-02-29,12,9,2024-11-30,SeasonalNaive,1794.0,2321.5
B_HB,7,2024-02-29,12,10,2024-12-31,SeasonalNaive,2553.1,1666.7
B_HB,7,2024-02-29,12,11,2025-01-31,SeasonalNaive,3126.7,2191.6
B_HB,7,2024-02-29,12,12,2025-02-28,SeasonalNaive,2103.5,2590.3
B_HB,7,2024-02-29,12,1,2024-03-31,MovingAverage6,2144.2,2151.7833333333333
B_HB,7,2024-02-29,12,2,2024-04-30,MovingAverage6,2146.2,2151.7833333333333
B_HB,7,2024-02-29,12,3,2024-05-31,MovingAverage6,2107.8,2151.7833333333333
B_HB,7,2024-02-29,12,4,2024-06-30,MovingAverage6,1757.6,2151.7833333333333
B_HB,7,2024-02-29,12,5,2024-07-31,MovingAverage6,1957.4,2151.7833333333333
B_HB,7,2024-02-29,12,6,2024-08-31,MovingAverage6,1638.9,2151.7833333333333
B_HB,7,2024-02-29,12,7,2024-09-30,MovingAverage6,1805.6,2151.7833333333333
B_HB,7,2024-02-29,12,8,2024-10-31,MovingAverage6,1797.5,2151.7833333333333
B_HB,7,2024-02-29,12,9,2024-11-30,MovingAverage6,1794.0,2151.7833333333333
B_HB,7,2024-02-29,12,10,2024-12-31,MovingAverage6,2553.1,2151.7833333333333
B_HB,7,2024-02-29,12,11,2025-01-31,MovingAverage6,3126.7,2151.7833333333333
B_HB,7,2024-02-29,12,12,2025-02-28,MovingAverage6,2103.5,2151.7833333333333
B_HB,7,2024-02-29,12,1,2024-03-31,XGBoost,2144.2,2547.593505859375
B_HB,7,2024-02-29,12,2,2024-04-30,XGBoost,2146.2,2309.66552734375
B_HB,7,2024-02-29,12,3,2024-05-31,XGBoost,2107.8,2291.591796875
B_HB,7,2024-02-29,12,4,2024-06-30,XGBoost,1757.6,1973.510986328125
B_HB,7,2024-02-29,12,5,2024-07-31,XGBoost,1957.4,1973.7745361328125
B_HB,7,2024-02-29,12,6,2024-08-31,XGBoost,1638.9,1983.29736328125
B_HB,7,2024-02-29,12,7,2024-09-30,XGBoost,1805.6,1973.431396484375
B_HB,7,2024-02-29,12,8,2024-10-31,XGBoost,1797.5,2215.91455078125
B_HB,7,2024-02-29,12,9,2024-11-30,XGBoost,1794.0,2217.240234375
B_HB,7,2024-02-29,12,10,2024-12-31,XGBoost,2553.1,2202.271484375
B_HB,7,2024-02-29,12,11,2025-01-31,XGBoost,3126.7,2506.039794921875
B_HB,7,2024-02-29,12,12,2025-02-28,XGBoost,2103.5,2504.714111328125
B_HB,7,2024-02-29,12,1,2024-03-31,DeepAR,2144.2,2175.45751953125
B_HB,7,2024-02-29,12,2,2024-04-30,DeepAR,2146.2,2197.760986328125
B_HB,7,2024-02-29,12,3,2024-05-31,DeepAR,2107.8,2136.5771484375
B_HB,7,2024-02-29,12,4,2024-06-30,DeepAR,1757.6,2137.725341796875
B_HB,7,2024-02-29,12,5,2024-07-31,DeepAR,1957.4,2098.956787109375
B_HB,7,2024-02-29,12,6,2024-08-31,DeepAR,1638.9,2189.810546875
B_HB,7,2024-02-29,12,7,2024-09-30,DeepAR,1805.6,2144.61328125
B_HB,7,2024-02-29,12,8,2024-10-31,DeepAR,1797.5,2156.31884765625
B_HB,7,2024-02-29,12,9,2024-11-30,DeepAR,1794.0,2165.92236328125
B_HB,7,2024-02-29,12,10,2024-12-31,DeepAR,2553.1,2089.452880859375
B_HB,7,2024-02-29,12,11,2025-01-31,DeepAR,3126.7,2146.420654296875
B_HB,7,2024-02-29,12,12,2025-02-28,DeepAR,2103.5,2179.36767578125
B_HB,7,2024-02-29,12,1,2024-03-31,LeakageSafeEnsemble,2144.2,2356.5069612146976
B_HB,7,2024-02-29,12,2,2024-04-30,LeakageSafeEnsemble,2146.2,2252.2041047275197
B_HB,7,2024-02-29,12,3,2024-05-31,LeakageSafeEnsemble,2107.8,2211.993978900493
B_HB,7,2024-02-29,12,4,2024-06-30,LeakageSafeEnsemble,1757.6,2057.8327664865865
B_HB,7,2024-02-29,12,5,2024-07-31,LeakageSafeEnsemble,1957.4,2038.053836056979
B_HB,7,2024-02-29,12,6,2024-08-31,LeakageSafeEnsemble,1638.9,2089.3389517231544
B_HB,7,2024-02-29,12,7,2024-09-30,LeakageSafeEnsemble,1805.6,2061.330868607338
B_HB,7,2024-02-29,12,8,2024-10-31,LeakageSafeEnsemble,1797.5,2185.312946870284
B_HB,7,2024-02-29,12,9,2024-11-30,LeakageSafeEnsemble,1794.0,2190.8892357854115
B_HB,7,2024-02-29,12,10,2024-12-31,LeakageSafeEnsemble,2553.1,2144.3407679003494
B_HB,7,2024-02-29,12,11,2025-01-31,LeakageSafeEnsemble,3126.7,2321.3805111238644
B_HB,7,2024-02-29,12,12,2025-02-28,LeakageSafeEnsemble,2103.5,2337.6533209251247
B_HB,8,2024-05-31,3,1,2024-06-30,LastValue,1757.6,2107.8
B_HB,8,2024-05-31,3,2,2024-07-31,LastValue,1957.4,2107.8
B_HB,8,2024-05-31,3,3,2024-08-31,LastValue,1638.9,2107.8
B_HB,8,2024-05-31,3,1,2024-06-30,SeasonalNaive,1757.6,2271.7
B_HB,8,2024-05-31,3,2,2024-07-31,SeasonalNaive,1957.4,2408.9
B_HB,8,2024-05-31,3,3,2024-08-31,SeasonalNaive,1638.9,1532.9
B_HB,8,2024-05-31,3,1,2024-06-30,MovingAverage6,1757.6,2141.133333333333
B_HB,8,2024-05-31,3,2,2024-07-31,MovingAverage6,1957.4,2141.133333333333
B_HB,8,2024-05-31,3,3,2024-08-31,MovingAverage6,1638.9,2141.133333333333
B_HB,8,2024-05-31,3,1,2024-06-30,XGBoost,1757.6,1938.7679443359375
B_HB,8,2024-05-31,3,2,2024-07-31,XGBoost,1957.4,1940.4346923828125
B_HB,8,2024-05-31,3,3,2024-08-31,XGBoost,1638.9,1938.67626953125
B_HB,8,2024-05-31,3,1,2024-06-30,DeepAR,1757.6,2120.701904296875
B_HB,8,2024-05-31,3,2,2024-07-31,DeepAR,1957.4,2137.53759765625
B_HB,8,2024-05-31,3,3,2024-08-31,DeepAR,1638.9,2080.017578125
B_HB,8,2024-05-31,3,1,2024-06-30,LeakageSafeEnsemble,1757.6,2031.6557820689359
B_HB,8,2024-05-31,3,2,2024-07-31,LeakageSafeEnsemble,1957.4,2041.0671756551703
B_HB,8,2024-05-31,3,3,2024-08-31,LeakageSafeEnsemble,1638.9,2010.8392136131529
B_HB,8,2024-05-31,6,1,2024-06-30,LastValue,1757.6,2107.8
B_HB,8,2024-05-31,6,2,2024-07-31,LastValue,1957.4,2107.8
B_HB,8,2024-05-31,6,3,2024-08-31,LastValue,1638.9,2107.8
B_HB,8,2024-05-31,6,4,2024-09-30,LastValue,1805.6,2107.8
B_HB,8,2024-05-31,6,5,2024-10-31,LastValue,1797.5,2107.8
B_HB,8,2024-05-31,6,6,2024-11-30,LastValue,1794.0,2107.8
B_HB,8,2024-05-31,6,1,2024-06-30,SeasonalNaive,1757.6,2271.7
B_HB,8,2024-05-31,6,2,2024-07-31,SeasonalNaive,1957.4,2408.9
B_HB,8,2024-05-31,6,3,2024-08-31,SeasonalNaive,1638.9,1532.9
B_HB,8,2024-05-31,6,4,2024-09-30,SeasonalNaive,1805.6,1838.7
B_HB,8,2024-05-31,6,5,2024-10-31,SeasonalNaive,1797.5,2301.9
B_HB,8,2024-05-31,6,6,2024-11-30,SeasonalNaive,1794.0,2321.5
B_HB,8,2024-05-31,6,1,2024-06-30,MovingAverage6,1757.6,2141.133333333333
B_HB,8,2024-05-31,6,2,2024-07-31,MovingAverage6,1957.4,2141.133333333333
B_HB,8,2024-05-31,6,3,2024-08-31,MovingAverage6,1638.9,2141.133333333333
B_HB,8,2024-05-31,6,4,2024-09-30,MovingAverage6,1805.6,2141.133333333333
B_HB,8,2024-05-31,6,5,2024-10-31,MovingAverage6,1797.5,2141.133333333333
B_HB,8,2024-05-31,6,6,2024-11-30,MovingAverage6,1794.0,2141.133333333333
B_HB,8,2024-05-31,6,1,2024-06-30,XGBoost,1757.6,1938.7679443359375
B_HB,8,2024-05-31,6,2,2024-07-31,XGBoost,1957.4,1940.4346923828125
B_HB,8,2024-05-31,6,3,2024-08-31,XGBoost,1638.9,1938.67626953125
B_HB,8,2024-05-31,6,4,2024-09-30,XGBoost,1805.6,1921.6915283203125
B_HB,8,2024-05-31,6,5,2024-10-31,XGBoost,1797.5,1992.7347412109375
B_HB,8,2024-05-31,6,6,2024-11-30,XGBoost,1794.0,1968.9725341796875
B_HB,8,2024-05-31,6,1,2024-06-30,DeepAR,1757.6,2120.701904296875
B_HB,8,2024-05-31,6,2,2024-07-31,DeepAR,1957.4,2137.53759765625
B_HB,8,2024-05-31,6,3,2024-08-31,DeepAR,1638.9,2080.017578125
B_HB,8,2024-05-31,6,4,2024-09-30,DeepAR,1805.6,2085.501953125
B_HB,8,2024-05-31,6,5,2024-10-31,DeepAR,1797.5,2050.982177734375
B_HB,8,2024-05-31,6,6,2024-11-30,DeepAR,1794.0,2136.901611328125
B_HB,8,2024-05-31,6,1,2024-06-30,LeakageSafeEnsemble,1757.6,2031.6557820689359
B_HB,8,2024-05-31,6,2,2024-07-31,LeakageSafeEnsemble,1957.4,2041.0671756551703
B_HB,8,2024-05-31,6,3,2024-08-31,LeakageSafeEnsemble,1638.9,2010.8392136131529
B_HB,8,2024-05-31,6,4,2024-09-30,LeakageSafeEnsemble,1805.6,2005.3262557490398
B_HB,8,2024-05-31,6,5,2024-10-31,LeakageSafeEnsemble,1797.5,2022.473454172281
B_HB,8,2024-05-31,6,6,2024-11-30,LeakageSafeEnsemble,1794.0,2054.7100580886427
B_HB,8,2024-05-31,12,1,2024-06-30,LastValue,1757.6,2107.8
B_HB,8,2024-05-31,12,2,2024-07-31,LastValue,1957.4,2107.8
B_HB,8,2024-05-31,12,3,2024-08-31,LastValue,1638.9,2107.8
B_HB,8,2024-05-31,12,4,2024-09-30,LastValue,1805.6,2107.8
B_HB,8,2024-05-31,12,5,2024-10-31,LastValue,1797.5,2107.8
B_HB,8,2024-05-31,12,6,2024-11-30,LastValue,1794.0,2107.8
B_HB,8,2024-05-31,12,7,2024-12-31,LastValue,2553.1,2107.8
B_HB,8,2024-05-31,12,8,2025-01-31,LastValue,3126.7,2107.8
B_HB,8,2024-05-31,12,9,2025-02-28,LastValue,2103.5,2107.8
B_HB,8,2024-05-31,12,10,2025-03-31,LastValue,2698.2,2107.8
B_HB,8,2024-05-31,12,11,2025-04-30,LastValue,2246.6,2107.8
B_HB,8,2024-05-31,12,12,2025-05-31,LastValue,2375.8,2107.8
B_HB,8,2024-05-31,12,1,2024-06-30,SeasonalNaive,1757.6,2271.7
B_HB,8,2024-05-31,12,2,2024-07-31,SeasonalNaive,1957.4,2408.9
B_HB,8,2024-05-31,12,3,2024-08-31,SeasonalNaive,1638.9,1532.9
B_HB,8,2024-05-31,12,4,2024-09-30,SeasonalNaive,1805.6,1838.7
B_HB,8,2024-05-31,12,5,2024-10-31,SeasonalNaive,1797.5,2301.9
B_HB,8,2024-05-31,12,6,2024-11-30,SeasonalNaive,1794.0,2321.5
B_HB,8,2024-05-31,12,7,2024-12-31,SeasonalNaive,2553.1,1666.7
B_HB,8,2024-05-31,12,8,2025-01-31,SeasonalNaive,3126.7,2191.6
B_HB,8,2024-05-31,12,9,2025-02-28,SeasonalNaive,2103.5,2590.3
B_HB,8,2024-05-31,12,10,2025-03-31,SeasonalNaive,2698.2,2144.2
B_HB,8,2024-05-31,12,11,2025-04-30,SeasonalNaive,2246.6,2146.2
B_HB,8,2024-05-31,12,12,2025-05-31,SeasonalNaive,2375.8,2107.8
B_HB,8,2024-05-31,12,1,2024-06-30,MovingAverage6,1757.6,2141.133333333333
B_HB,8,2024-05-31,12,2,2024-07-31,MovingAverage6,1957.4,2141.133333333333
B_HB,8,2024-05-31,12,3,2024-08-31,MovingAverage6,1638.9,2141.133333333333
B_HB,8,2024-05-31,12,4,2024-09-30,MovingAverage6,1805.6,2141.133333333333
B_HB,8,2024-05-31,12,5,2024-10-31,MovingAverage6,1797.5,2141.133333333333
B_HB,8,2024-05-31,12,6,2024-11-30,MovingAverage6,1794.0,2141.133333333333
B_HB,8,2024-05-31,12,7,2024-12-31,MovingAverage6,2553.1,2141.133333333333
B_HB,8,2024-05-31,12,8,2025-01-31,MovingAverage6,3126.7,2141.133333333333
B_HB,8,2024-05-31,12,9,2025-02-28,MovingAverage6,2103.5,2141.133333333333
B_HB,8,2024-05-31,12,10,2025-03-31,MovingAverage6,2698.2,2141.133333333333
B_HB,8,2024-05-31,12,11,2025-04-30,MovingAverage6,2246.6,2141.133333333333
B_HB,8,2024-05-31,12,12,2025-05-31,MovingAverage6,2375.8,2141.133333333333
B_HB,8,2024-05-31,12,1,2024-06-30,XGBoost,1757.6,1938.7679443359375
B_HB,8,2024-05-31,12,2,2024-07-31,XGBoost,1957.4,1940.4346923828125
B_HB,8,2024-05-31,12,3,2024-08-31,XGBoost,1638.9,1938.67626953125
B_HB,8,2024-05-31,12,4,2024-09-30,XGBoost,1805.6,1921.6915283203125
B_HB,8,2024-05-31,12,5,2024-10-31,XGBoost,1797.5,1992.7347412109375
B_HB,8,2024-05-31,12,6,2024-11-30,XGBoost,1794.0,1968.9725341796875
B_HB,8,2024-05-31,12,7,2024-12-31,XGBoost,2553.1,1921.3719482421875
B_HB,8,2024-05-31,12,8,2025-01-31,XGBoost,3126.7,2172.7216796875
B_HB,8,2024-05-31,12,9,2025-02-28,XGBoost,2103.5,2222.272705078125
B_HB,8,2024-05-31,12,10,2025-03-31,XGBoost,2698.2,2247.4970703125
B_HB,8,2024-05-31,12,11,2025-04-30,XGBoost,2246.6,2190.4248046875
B_HB,8,2024-05-31,12,12,2025-05-31,XGBoost,2375.8,2129.827880859375
B_HB,8,2024-05-31,12,1,2024-06-30,DeepAR,1757.6,2120.701904296875
B_HB,8,2024-05-31,12,2,2024-07-31,DeepAR,1957.4,2137.53759765625
B_HB,8,2024-05-31,12,3,2024-08-31,DeepAR,1638.9,2080.017578125
B_HB,8,2024-05-31,12,4,2024-09-30,DeepAR,1805.6,2085.501953125
B_HB,8,2024-05-31,12,5,2024-10-31,DeepAR,1797.5,2050.982177734375
B_HB,8,2024-05-31,12,6,2024-11-30,DeepAR,1794.0,2136.901611328125
B_HB,8,2024-05-31,12,7,2024-12-31,DeepAR,2553.1,2091.203125
B_HB,8,2024-05-31,12,8,2025-01-31,DeepAR,3126.7,2117.736083984375
B_HB,8,2024-05-31,12,9,2025-02-28,DeepAR,2103.5,2135.487548828125
B_HB,8,2024-05-31,12,10,2025-03-31,DeepAR,2698.2,2062.80712890625
B_HB,8,2024-05-31,12,11,2025-04-30,DeepAR,2246.6,2104.153076171875
B_HB,8,2024-05-31,12,12,2025-05-31,DeepAR,2375.8,2130.63134765625
B_HB,8,2024-05-31,12,1,2024-06-30,LeakageSafeEnsemble,1757.6,2031.6557820689359
B_HB,8,2024-05-31,12,2,2024-07-31,LeakageSafeEnsemble,1957.4,2041.0671756551703
B_HB,8,2024-05-31,12,3,2024-08-31,LeakageSafeEnsemble,1638.9,2010.8392136131529
B_HB,8,2024-05-31,12,4,2024-09-30,LeakageSafeEnsemble,1805.6,2005.3262557490398
B_HB,8,2024-05-31,12,5,2024-10-31,LeakageSafeEnsemble,1797.5,2022.473454172281
B_HB,8,2024-05-31,12,6,2024-11-30,LeakageSafeEnsemble,1794.0,2054.7100580886427
B_HB,8,2024-05-31,12,7,2024-12-31,LeakageSafeEnsemble,2553.1,2008.080601471649
B_HB,8,2024-05-31,12,8,2025-01-31,LeakageSafeEnsemble,3126.7,2144.6483337268683
B_HB,8,2024-05-31,12,9,2025-02-28,LeakageSafeEnsemble,2103.5,2177.9638051949382
B_HB,8,2024-05-31,12,10,2025-03-31,LeakageSafeEnsemble,2698.2,2153.2021836724507
B_HB,8,2024-05-31,12,11,2025-04-30,LeakageSafeEnsemble,2246.6,2146.378093471247
B_HB,8,2024-05-31,12,12,2025-05-31,LeakageSafeEnsemble,2375.8,2130.2380950163165
SUV-A,1,2022-08-31,3,1,2022-09-30,LastValue,1326.7,1214.0
SUV-A,1,2022-08-31,3,2,2022-10-31,LastValue,1220.1,1214.0
SUV-A,1,2022-08-31,3,3,2022-11-30,LastValue,1539.2,1214.0
SUV-A,1,2022-08-31,3,1,2022-09-30,SeasonalNaive,1326.7,1381.1
SUV-A,1,2022-08-31,3,2,2022-10-31,SeasonalNaive,1220.1,900.0
SUV-A,1,2022-08-31,3,3,2022-11-30,SeasonalNaive,1539.2,1092.8
SUV-A,1,2022-08-31,3,1,2022-09-30,MovingAverage6,1326.7,1348.5833333333333
SUV-A,1,2022-08-31,3,2,2022-10-31,MovingAverage6,1220.1,1348.5833333333333
SUV-A,1,2022-08-31,3,3,2022-11-30,MovingAverage6,1539.2,1348.5833333333333
SUV-A,1,2022-08-31,3,1,2022-09-30,XGBoost,1326.7,1143.7344970703125
SUV-A,1,2022-08-31,3,2,2022-10-31,XGBoost,1220.1,1185.0941162109375
SUV-A,1,2022-08-31,3,3,2022-11-30,XGBoost,1539.2,1209.5965576171875
SUV-A,1,2022-08-31,3,1,2022-09-30,DeepAR,1326.7,1303.393310546875
SUV-A,1,2022-08-31,3,2,2022-10-31,DeepAR,1220.1,1320.1129150390625
SUV-A,1,2022-08-31,3,3,2022-11-30,DeepAR,1539.2,1267.829345703125
SUV-A,1,2022-08-31,3,1,2022-09-30,LeakageSafeEnsemble,1326.7,1223.5639038085938
SUV-A,1,2022-08-31,3,2,2022-10-31,LeakageSafeEnsemble,1220.1,1252.603515625
SUV-A,1,2022-08-31,3,3,2022-11-30,LeakageSafeEnsemble,1539.2,1238.7129516601562
SUV-A,1,2022-08-31,6,1,2022-09-30,LastValue,1326.7,1214.0
SUV-A,1,2022-08-31,6,2,2022-10-31,LastValue,1220.1,1214.0
SUV-A,1,2022-08-31,6,3,2022-11-30,LastValue,1539.2,1214.0
SUV-A,1,2022-08-31,6,4,2022-12-31,LastValue,1516.7,1214.0
SUV-A,1,2022-08-31,6,5,2023-01-31,LastValue,1534.0,1214.0
SUV-A,1,2022-08-31,6,6,2023-02-28,LastValue,1642.7,1214.0
SUV-A,1,2022-08-31,6,1,2022-09-30,SeasonalNaive,1326.7,1381.1
SUV-A,1,2022-08-31,6,2,2022-10-31,SeasonalNaive,1220.1,900.0
SUV-A,1,2022-08-31,6,3,2022-11-30,SeasonalNaive,1539.2,1092.8
SUV-A,1,2022-08-31,6,4,2022-12-31,SeasonalNaive,1516.7,1431.1
SUV-A,1,2022-08-31,6,5,2023-01-31,SeasonalNaive,1534.0,1383.8
SUV-A,1,2022-08-31,6,6,2023-02-28,SeasonalNaive,1642.7,1758.4
SUV-A,1,2022-08-31,6,1,2022-09-30,MovingAverage6,1326.7,1348.5833333333333
SUV-A,1,2022-08-31,6,2,2022-10-31,MovingAverage6,1220.1,1348.5833333333333
SUV-A,1,2022-08-31,6,3,2022-11-30,MovingAverage6,1539.2,1348.5833333333333
SUV-A,1,2022-08-31,6,4,2022-12-31,MovingAverage6,1516.7,1348.5833333333333
SUV-A,1,2022-08-31,6,5,2023-01-31,MovingAverage6,1534.0,1348.5833333333333
SUV-A,1,2022-08-31,6,6,2023-02-28,MovingAverage6,1642.7,1348.5833333333333
SUV-A,1,2022-08-31,6,1,2022-09-30,XGBoost,1326.7,1143.7344970703125
SUV-A,1,2022-08-31,6,2,2022-10-31,XGBoost,1220.1,1185.0941162109375
SUV-A,1,2022-08-31,6,3,2022-11-30,XGBoost,1539.2,1209.5965576171875
SUV-A,1,2022-08-31,6,4,2022-12-31,XGBoost,1516.7,1237.5189208984375
SUV-A,1,2022-08-31,6,5,2023-01-31,XGBoost,1534.0,1335.9378662109375
SUV-A,1,2022-08-31,6,6,2023-02-28,XGBoost,1642.7,1399.5572509765625
SUV-A,1,2022-08-31,6,1,2022-09-30,DeepAR,1326.7,1303.393310546875
SUV-A,1,2022-08-31,6,2,2022-10-31,DeepAR,1220.1,1320.1129150390625
SUV-A,1,2022-08-31,6,3,2022-11-30,DeepAR,1539.2,1267.829345703125
SUV-A,1,2022-08-31,6,4,2022-12-31,DeepAR,1516.7,1273.61181640625
SUV-A,1,2022-08-31,6,5,2023-01-31,DeepAR,1534.0,1244.1298828125
SUV-A,1,2022-08-31,6,6,2023-02-28,DeepAR,1642.7,1327.41796875
SUV-A,1,2022-08-31,6,1,2022-09-30,LeakageSafeEnsemble,1326.7,1223.5639038085938
SUV-A,1,2022-08-31,6,2,2022-10-31,LeakageSafeEnsemble,1220.1,1252.603515625
SUV-A,1,2022-08-31,6,3,2022-11-30,LeakageSafeEnsemble,1539.2,1238.7129516601562
SUV-A,1,2022-08-31,6,4,2022-12-31,LeakageSafeEnsemble,1516.7,1255.5653686523438
SUV-A,1,2022-08-31,6,5,2023-01-31,LeakageSafeEnsemble,1534.0,1290.0338745117188
SUV-A,1,2022-08-31,6,6,2023-02-28,LeakageSafeEnsemble,1642.7,1363.4876098632812
SUV-A,1,2022-08-31,12,1,2022-09-30,LastValue,1326.7,1214.0
SUV-A,1,2022-08-31,12,2,2022-10-31,LastValue,1220.1,1214.0
SUV-A,1,2022-08-31,12,3,2022-11-30,LastValue,1539.2,1214.0
SUV-A,1,2022-08-31,12,4,2022-12-31,LastValue,1516.7,1214.0
SUV-A,1,2022-08-31,12,5,2023-01-31,LastValue,1534.0,1214.0
SUV-A,1,2022-08-31,12,6,2023-02-28,LastValue,1642.7,1214.0
SUV-A,1,2022-08-31,12,7,2023-03-31,LastValue,1729.4,1214.0
SUV-A,1,2022-08-31,12,8,2023-04-30,LastValue,1544.7,1214.0
SUV-A,1,2022-08-31,12,9,2023-05-31,LastValue,1403.1,1214.0
SUV-A,1,2022-08-31,12,10,2023-06-30,LastValue,1521.5,1214.0
SUV-A,1,2022-08-31,12,11,2023-07-31,LastValue,1793.4,1214.0
SUV-A,1,2022-08-31,12,12,2023-08-31,LastValue,895.0,1214.0
SUV-A,1,2022-08-31,12,1,2022-09-30,SeasonalNaive,1326.7,1381.1
SUV-A,1,2022-08-31,12,2,2022-10-31,SeasonalNaive,1220.1,900.0
SUV-A,1,2022-08-31,12,3,2022-11-30,SeasonalNaive,1539.2,1092.8
SUV-A,1,2022-08-31,12,4,2022-12-31,SeasonalNaive,1516.7,1431.1
SUV-A,1,2022-08-31,12,5,2023-01-31,SeasonalNaive,1534.0,1383.8
SUV-A,1,2022-08-31,12,6,2023-02-28,SeasonalNaive,1642.7,1758.4
SUV-A,1,2022-08-31,12,7,2023-03-31,SeasonalNaive,1729.4,1350.6
SUV-A,1,2022-08-31,12,8,2023-04-30,SeasonalNaive,1544.7,1459.2
SUV-A,1,2022-08-31,12,9,2023-05-31,SeasonalNaive,1403.1,1368.7
SUV-A,1,2022-08-31,12,10,2023-06-30,SeasonalNaive,1521.5,1562.3
SUV-A,1,2022-08-31,12,11,2023-07-31,SeasonalNaive,1793.4,1136.7
SUV-A,1,2022-08-31,12,12,2023-08-31,SeasonalNaive,895.0,1214.0
SUV-A,1,2022-08-31,12,1,2022-09-30,MovingAverage6,1326.7,1348.5833333333333
SUV-A,1,2022-08-31,12,2,2022-10-31,MovingAverage6,1220.1,1348.5833333333333
SUV-A,1,2022-08-31,12,3,2022-11-30,MovingAverage6,1539.2,1348.5833333333333
SUV-A,1,2022-08-31,12,4,2022-12-31,MovingAverage6,1516.7,1348.5833333333333
SUV-A,1,2022-08-31,12,5,2023-01-31,MovingAverage6,1534.0,1348.5833333333333
SUV-A,1,2022-08-31,12,6,2023-02-28,MovingAverage6,1642.7,1348.5833333333333
SUV-A,1,2022-08-31,12,7,2023-03-31,MovingAverage6,1729.4,1348.5833333333333
SUV-A,1,2022-08-31,12,8,2023-04-30,MovingAverage6,1544.7,1348.5833333333333
SUV-A,1,2022-08-31,12,9,2023-05-31,MovingAverage6,1403.1,1348.5833333333333
SUV-A,1,2022-08-31,12,10,2023-06-30,MovingAverage6,1521.5,1348.5833333333333
SUV-A,1,2022-08-31,12,11,2023-07-31,MovingAverage6,1793.4,1348.5833333333333
SUV-A,1,2022-08-31,12,12,2023-08-31,MovingAverage6,895.0,1348.5833333333333
SUV-A,1,2022-08-31,12,1,2022-09-30,XGBoost,1326.7,1143.7344970703125
SUV-A,1,2022-08-31,12,2,2022-10-31,XGBoost,1220.1,1185.0941162109375
SUV-A,1,2022-08-31,12,3,2022-11-30,XGBoost,1539.2,1209.5965576171875
SUV-A,1,2022-08-31,12,4,2022-12-31,XGBoost,1516.7,1237.5189208984375
SUV-A,1,2022-08-31,12,5,2023-01-31,XGBoost,1534.0,1335.9378662109375
SUV-A,1,2022-08-31,12,6,2023-02-28,XGBoost,1642.7,1399.5572509765625
SUV-A,1,2022-08-31,12,7,2023-03-31,XGBoost,1729.4,1432.060546875
SUV-A,1,2022-08-31,12,8,2023-04-30,XGBoost,1544.7,1407.2340087890625
SUV-A,1,2022-08-31,12,9,2023-05-31,XGBoost,1403.1,1396.9241943359375
SUV-A,1,2022-08-31,12,10,2023-06-30,XGBoost,1521.5,1370.9334716796875
SUV-A,1,2022-08-31,12,11,2023-07-31,XGBoost,1793.4,1226.9527587890625
SUV-A,1,2022-08-31,12,12,2023-08-31,XGBoost,895.0,1192.7708740234375
SUV-A,1,2022-08-31,12,1,2022-09-30,DeepAR,1326.7,1303.393310546875
SUV-A,1,2022-08-31,12,2,2022-10-31,DeepAR,1220.1,1320.1129150390625
SUV-A,1,2022-08-31,12,3,2022-11-30,DeepAR,1539.2,1267.829345703125
SUV-A,1,2022-08-31,12,4,2022-12-31,DeepAR,1516.7,1273.61181640625
SUV-A,1,2022-08-31,12,5,2023-01-31,DeepAR,1534.0,1244.1298828125
SUV-A,1,2022-08-31,12,6,2023-02-28,DeepAR,1642.7,1327.41796875
SUV-A,1,2022-08-31,12,7,2023-03-31,DeepAR,1729.4,1279.91943359375
SUV-A,1,2022-08-31,12,8,2023-04-30,DeepAR,1544.7,1295.0595703125
SUV-A,1,2022-08-31,12,9,2023-05-31,DeepAR,1403.1,1303.1077880859375
SUV-A,1,2022-08-31,12,10,2023-06-30,DeepAR,1521.5,1237.8626708984375
SUV-A,1,2022-08-31,12,11,2023-07-31,DeepAR,1793.4,1278.4593505859375
SUV-A,1,2022-08-31,12,12,2023-08-31,DeepAR,895.0,1307.4241943359375
SUV-A,1,2022-08-31,12,1,2022-09-30,LeakageSafeEnsemble,1326.7,1223.5639038085938
SUV-A,1,2022-08-31,12,2,2022-10-31,LeakageSafeEnsemble,1220.1,1252.603515625
SUV-A,1,2022-08-31,12,3,2022-11-30,LeakageSafeEnsemble,1539.2,1238.7129516601562
SUV-A,1,2022-08-31,12,4,2022-12-31,LeakageSafeEnsemble,1516.7,1255.5653686523438
SUV-A,1,2022-08-31,12,5,2023-01-31,LeakageSafeEnsemble,1534.0,1290.0338745117188
SUV-A,1,2022-08-31,12,6,2023-02-28,LeakageSafeEnsemble,1642.7,1363.4876098632812
SUV-A,1,2022-08-31,12,7,2023-03-31,LeakageSafeEnsemble,1729.4,1355.989990234375
SUV-A,1,2022-08-31,12,8,2023-04-30,LeakageSafeEnsemble,1544.7,1351.1467895507812
SUV-A,1,2022-08-31,12,9,2023-05-31,LeakageSafeEnsemble,1403.1,1350.0159912109375
SUV-A,1,2022-08-31,12,10,2023-06-30,LeakageSafeEnsemble,1521.5,1304.3980712890625
SUV-A,1,2022-08-31,12,11,2023-07-31,LeakageSafeEnsemble,1793.4,1252.7060546875
SUV-A,1,2022-08-31,12,12,2023-08-31,LeakageSafeEnsemble,895.0,1250.0975341796875
SUV-A,2,2022-11-30,3,1,2022-12-31,LastValue,1516.7,1539.2
SUV-A,2,2022-11-30,3,2,2023-01-31,LastValue,1534.0,1539.2
SUV-A,2,2022-11-30,3,3,2023-02-28,LastValue,1642.7,1539.2
SUV-A,2,2022-11-30,3,1,2022-12-31,SeasonalNaive,1516.7,1431.1
SUV-A,2,2022-11-30,3,2,2023-01-31,SeasonalNaive,1534.0,1383.8
SUV-A,2,2022-11-30,3,3,2023-02-28,SeasonalNaive,1642.7,1758.4
SUV-A,2,2022-11-30,3,1,2022-12-31,MovingAverage6,1516.7,1333.1666666666665
SUV-A,2,2022-11-30,3,2,2023-01-31,MovingAverage6,1534.0,1333.1666666666665
SUV-A,2,2022-11-30,3,3,2023-02-28,MovingAverage6,1642.7,1333.1666666666665
SUV-A,2,2022-11-30,3,1,2022-12-31,XGBoost,1516.7,1412.98828125
SUV-A,2,2022-11-30,3,2,2023-01-31,XGBoost,1534.0,1498.489013671875
SUV-A,2,2022-11-30,3,3,2023-02-28,XGBoost,1642.7,1523.1866455078125
SUV-A,2,2022-11-30,3,1,2022-12-31,DeepAR,1516.7,1321.361572265625
SUV-A,2,2022-11-30,3,2,2023-01-31,DeepAR,1534.0,1349.93212890625
SUV-A,2,2022-11-30,3,3,2023-02-28,DeepAR,1642.7,1291.4989013671875
SUV-A,2,2022-11-30,3,1,2022-12-31,LeakageSafeEnsemble,1516.7,1371.2322652006033
SUV-A,2,2022-11-30,3,2,2023-01-31,LeakageSafeEnsemble,1534.0,1430.7888993355414
SUV-A,2,2022-11-30,3,3,2023-02-28,LeakageSafeEnsemble,1642.7,1417.6022324126416
SUV-A,2,2022-11-30,6,1,2022-12-31,LastValue,1516.7,1539.2
SUV-A,2,2022-11-30,6,2,2023-01-31,LastValue,1534.0,1539.2
SUV-A,2,2022-11-30,6,3,2023-02-28,LastValue,1642.7,1539.2
SUV-A,2,2022-11-30,6,4,2023-03-31,LastValue,1729.4,1539.2
SUV-A,2,2022-11-30,6,5,2023-04-30,LastValue,1544.7,1539.2
SUV-A,2,2022-11-30,6,6,2023-05-31,LastValue,1403.1,1539.2
SUV-A,2,2022-11-30,6,1,2022-12-31,SeasonalNaive,1516.7,1431.1
SUV-A,2,2022-11-30,6,2,2023-01-31,SeasonalNaive,1534.0,1383.8
SUV-A,2,2022-11-30,6,3,2023-02-28,SeasonalNaive,1642.7,1758.4
SUV-A,2,2022-11-30,6,4,2023-03-31,SeasonalNaive,1729.4,1350.6
SUV-A,2,2022-11-30,6,5,2023-04-30,SeasonalNaive,1544.7,1459.2
SUV-A,2,2022-11-30,6,6,2023-05-31,SeasonalNaive,1403.1,1368.7
SUV-A,2,2022-11-30,6,1,2022-12-31,MovingAverage6,1516.7,1333.1666666666665
SUV-A,2,2022-11-30,6,2,2023-01-31,MovingAverage6,1534.0,1333.1666666666665
SUV-A,2,2022-11-30,6,3,2023-02-28,MovingAverage6,1642.7,1333.1666666666665
SUV-A,2,2022-11-30,6,4,2023-03-31,MovingAverage6,1729.4,1333.1666666666665
SUV-A,2,2022-11-30,6,5,2023-04-30,MovingAverage6,1544.7,1333.1666666666665
SUV-A,2,2022-11-30,6,6,2023-05-31,MovingAverage6,1403.1,1333.1666666666665
SUV-A,2,2022-11-30,6,1,2022-12-31,XGBoost,1516.7,1412.98828125
SUV-A,2,2022-11-30,6,2,2023-01-31,XGBoost,1534.0,1498.489013671875
SUV-A,2,2022-11-30,6,3,2023-02-28,XGBoost,1642.7,1523.1866455078125
SUV-A,2,2022-11-30,6,4,2023-03-31,XGBoost,1729.4,1529.7716064453125
SUV-A,2,2022-11-30,6,5,2023-04-30,XGBoost,1544.7,1517.7601318359375
SUV-A,2,2022-11-30,6,6,2023-05-31,XGBoost,1403.1,1512.9388427734375
SUV-A,2,2022-11-30,6,1,2022-12-31,DeepAR,1516.7,1321.361572265625
SUV-A,2,2022-11-30,6,2,2023-01-31,DeepAR,1534.0,1349.93212890625
SUV-A,2,2022-11-30,6,3,2023-02-28,DeepAR,1642.7,1291.4989013671875
SUV-A,2,2022-11-30,6,4,2023-03-31,DeepAR,1729.4,1296.1414794921875
SUV-A,2,2022-11-30,6,5,2023-04-30,DeepAR,1544.7,1262.2080078125
SUV-A,2,2022-11-30,6,6,2023-05-31,DeepAR,1403.1,1349.4278564453125
SUV-A,2,2022-11-30,6,1,2022-12-31,LeakageSafeEnsemble,1516.7,1371.2322652006033
SUV-A,2,2022-11-30,6,2,2023-01-31,LeakageSafeEnsemble,1534.0,1430.7888993355414
SUV-A,2,2022-11-30,6,3,2023-02-28,LeakageSafeEnsemble,1642.7,1417.6022324126416
SUV-A,2,2022-11-30,6,4,2023-03-31,LeakageSafeEnsemble,1729.4,1423.3019871949855
SUV-A,2,2022-11-30,6,5,2023-04-30,LeakageSafeEnsemble,1544.7,1401.3002740988711
SUV-A,2,2022-11-30,6,6,2023-05-31,LeakageSafeEnsemble,1403.1,1438.4238390710534
SUV-A,2,2022-11-30,12,1,2022-12-31,LastValue,1516.7,1539.2
SUV-A,2,2022-11-30,12,2,2023-01-31,LastValue,1534.0,1539.2
SUV-A,2,2022-11-30,12,3,2023-02-28,LastValue,1642.7,1539.2
SUV-A,2,2022-11-30,12,4,2023-03-31,LastValue,1729.4,1539.2
SUV-A,2,2022-11-30,12,5,2023-04-30,LastValue,1544.7,1539.2
SUV-A,2,2022-11-30,12,6,2023-05-31,LastValue,1403.1,1539.2
SUV-A,2,2022-11-30,12,7,2023-06-30,LastValue,1521.5,1539.2
SUV-A,2,2022-11-30,12,8,2023-07-31,LastValue,1793.4,1539.2
SUV-A,2,2022-11-30,12,9,2023-08-31,LastValue,895.0,1539.2
SUV-A,2,2022-11-30,12,10,2023-09-30,LastValue,1465.4,1539.2
SUV-A,2,2022-11-30,12,11,2023-10-31,LastValue,921.6,1539.2
SUV-A,2,2022-11-30,12,12,2023-11-30,LastValue,1447.6,1539.2
SUV-A,2,2022-11-30,12,1,2022-12-31,SeasonalNaive,1516.7,1431.1
SUV-A,2,2022-11-30,12,2,2023-01-31,SeasonalNaive,1534.0,1383.8
SUV-A,2,2022-11-30,12,3,2023-02-28,SeasonalNaive,1642.7,1758.4
SUV-A,2,2022-11-30,12,4,2023-03-31,SeasonalNaive,1729.4,1350.6
SUV-A,2,2022-11-30,12,5,2023-04-30,SeasonalNaive,1544.7,1459.2
SUV-A,2,2022-11-30,12,6,2023-05-31,SeasonalNaive,1403.1,1368.7
SUV-A,2,2022-11-30,12,7,2023-06-30,SeasonalNaive,1521.5,1562.3
SUV-A,2,2022-11-30,12,8,2023-07-31,SeasonalNaive,1793.4,1136.7
SUV-A,2,2022-11-30,12,9,2023-08-31,SeasonalNaive,895.0,1214.0
SUV-A,2,2022-11-30,12,10,2023-09-30,SeasonalNaive,1465.4,1326.7
SUV-A,2,2022-11-30,12,11,2023-10-31,SeasonalNaive,921.6,1220.1
SUV-A,2,2022-11-30,12,12,2023-11-30,SeasonalNaive,1447.6,1539.2
SUV-A,2,2022-11-30,12,1,2022-12-31,MovingAverage6,1516.7,1333.1666666666665
SUV-A,2,2022-11-30,12,2,2023-01-31,MovingAverage6,1534.0,1333.1666666666665
SUV-A,2,2022-11-30,12,3,2023-02-28,MovingAverage6,1642.7,1333.1666666666665
SUV-A,2,2022-11-30,12,4,2023-03-31,MovingAverage6,1729.4,1333.1666666666665
SUV-A,2,2022-11-30,12,5,2023-04-30,MovingAverage6,1544.7,1333.1666666666665
SUV-A,2,2022-11-30,12,6,2023-05-31,MovingAverage6,1403.1,1333.1666666666665
SUV-A,2,2022-11-30,12,7,2023-06-30,MovingAverage6,1521.5,1333.1666666666665
SUV-A,2,2022-11-30,12,8,2023-07-31,MovingAverage6,1793.4,1333.1666666666665
SUV-A,2,2022-11-30,12,9,2023-08-31,MovingAverage6,895.0,1333.1666666666665
SUV-A,2,2022-11-30,12,10,2023-09-30,MovingAverage6,1465.4,1333.1666666666665
SUV-A,2,2022-11-30,12,11,2023-10-31,MovingAverage6,921.6,1333.1666666666665
SUV-A,2,2022-11-30,12,12,2023-11-30,MovingAverage6,1447.6,1333.1666666666665
SUV-A,2,2022-11-30,12,1,2022-12-31,XGBoost,1516.7,1412.98828125
SUV-A,2,2022-11-30,12,2,2023-01-31,XGBoost,1534.0,1498.489013671875
SUV-A,2,2022-11-30,12,3,2023-02-28,XGBoost,1642.7,1523.1866455078125
SUV-A,2,2022-11-30,12,4,2023-03-31,XGBoost,1729.4,1529.7716064453125
SUV-A,2,2022-11-30,12,5,2023-04-30,XGBoost,1544.7,1517.7601318359375
SUV-A,2,2022-11-30,12,6,2023-05-31,XGBoost,1403.1,1512.9388427734375
SUV-A,2,2022-11-30,12,7,2023-06-30,XGBoost,1521.5,1510.9234619140625
SUV-A,2,2022-11-30,12,8,2023-07-31,XGBoost,1793.4,1492.10693359375
SUV-A,2,2022-11-30,12,9,2023-08-31,XGBoost,895.0,1418.2955322265625
SUV-A,2,2022-11-30,12,10,2023-09-30,XGBoost,1465.4,1372.19921875
SUV-A,2,2022-11-30,12,11,2023-10-31,XGBoost,921.6,1423.721923828125
SUV-A,2,2022-11-30,12,12,2023-11-30,XGBoost,1447.6,1497.533447265625
SUV-A,2,2022-11-30,12,1,2022-12-31,DeepAR,1516.7,1321.361572265625
SUV-A,2,2022-11-30,12,2,2023-01-31,DeepAR,1534.0,1349.93212890625
SUV-A,2,2022-11-30,12,3,2023-02-28,DeepAR,1642.7,1291.4989013671875
SUV-A,2,2022-11-30,12,4,2023-03-31,DeepAR,1729.4,1296.1414794921875
SUV-A,2,2022-11-30,12,5,2023-04-30,DeepAR,1544.7,1262.2080078125
SUV-A,2,2022-11-30,12,6,2023-05-31,DeepAR,1403.1,1349.4278564453125
SUV-A,2,2022-11-30,12,7,2023-06-30,DeepAR,1521.5,1304.634033203125
SUV-A,2,2022-11-30,12,8,2023-07-31,DeepAR,1793.4,1319.8204345703125
SUV-A,2,2022-11-30,12,9,2023-08-31,DeepAR,895.0,1329.6429443359375
SUV-A,2,2022-11-30,12,10,2023-09-30,DeepAR,1465.4,1263.20556640625
SUV-A,2,2022-11-30,12,11,2023-10-31,DeepAR,921.6,1302.6329345703125
SUV-A,2,2022-11-30,12,12,2023-11-30,DeepAR,1447.6,1328.54052734375
SUV-A,2,2022-11-30,12,1,2022-12-31,LeakageSafeEnsemble,1516.7,1371.2322652006033
SUV-A,2,2022-11-30,12,2,2023-01-31,LeakageSafeEnsemble,1534.0,1430.7888993355414
SUV-A,2,2022-11-30,12,3,2023-02-28,LeakageSafeEnsemble,1642.7,1417.6022324126416
SUV-A,2,2022-11-30,12,4,2023-03-31,LeakageSafeEnsemble,1729.4,1423.3019871949855
SUV-A,2,2022-11-30,12,5,2023-04-30,LeakageSafeEnsemble,1544.7,1401.3002740988711
SUV-A,2,2022-11-30,12,6,2023-05-31,LeakageSafeEnsemble,1403.1,1438.4238390710534
SUV-A,2,2022-11-30,12,7,2023-06-30,LeakageSafeEnsemble,1521.5,1416.9135351989196
SUV-A,2,2022-11-30,12,8,2023-07-31,LeakageSafeEnsemble,1793.4,1413.5927452074775
SUV-A,2,2022-11-30,12,9,2023-08-31,LeakageSafeEnsemble,895.0,1377.8949126624407
SUV-A,2,2022-11-30,12,10,2023-09-30,LeakageSafeEnsemble,1465.4,1322.5288059221257
SUV-A,2,2022-11-30,12,11,2023-10-31,LeakageSafeEnsemble,921.6,1368.5394390556842
SUV-A,2,2022-11-30,12,12,2023-11-30,LeakageSafeEnsemble,1447.6,1420.5202062409674
SUV-A,3,2023-02-28,3,1,2023-03-31,LastValue,1729.4,1642.7
SUV-A,3,2023-02-28,3,2,2023-04-30,LastValue,1544.7,1642.7
SUV-A,3,2023-02-28,3,3,2023-05-31,LastValue,1403.1,1642.7
SUV-A,3,2023-02-28,3,1,2023-03-31,SeasonalNaive,1729.4,1350.6
SUV-A,3,2023-02-28,3,2,2023-04-30,SeasonalNaive,1544.7,1459.2
SUV-A,3,2023-02-28,3,3,2023-05-31,SeasonalNaive,1403.1,1368.7
SUV-A,3,2023-02-28,3,1,2023-03-31,MovingAverage6,1729.4,1463.2333333333333
SUV-A,3,2023-02-28,3,2,2023-04-30,MovingAverage6,1544.7,1463.2333333333333
SUV-A,3,2023-02-28,3,3,2023-05-31,MovingAverage6,1403.1,1463.2333333333333
SUV-A,3,2023-02-28,3,1,2023-03-31,XGBoost,1729.4,1634.380126953125
SUV-A,3,2023-02-28,3,2,2023-04-30,XGBoost,1544.7,1618.737548828125
SUV-A,3,2023-02-28,3,3,2023-05-31,XGBoost,1403.1,1616.38525390625
SUV-A,3,2023-02-28,3,1,2023-03-31,DeepAR,1729.4,1380.0068359375
SUV-A,3,2023-02-28,3,2,2023-04-30,DeepAR,1544.7,1404.4410400390625
SUV-A,3,2023-02-28,3,3,2023-05-31,DeepAR,1403.1,1345.65869140625
SUV-A,3,2023-02-28,3,1,2023-03-31,LeakageSafeEnsemble,1729.4,1527.100769211858
SUV-A,3,2023-02-28,3,2,2023-04-30,LeakageSafeEnsemble,1544.7,1528.3601761319323
SUV-A,3,2023-02-28,3,3,2023-05-31,LeakageSafeEnsemble,1403.1,1502.2090864484383
SUV-A,3,2023-02-28,6,1,2023-03-31,LastValue,1729.4,1642.7
SUV-A,3,2023-02-28,6,2,2023-04-30,LastValue,1544.7,1642.7
SUV-A,3,2023-02-28,6,3,2023-05-31,LastValue,1403.1,1642.7
SUV-A,3,2023-02-28,6,4,2023-06-30,LastValue,1521.5,1642.7
SUV-A,3,2023-02-28,6,5,2023-07-31,LastValue,1793.4,1642.7
SUV-A,3,2023-02-28,6,6,2023-08-31,LastValue,895.0,1642.7
SUV-A,3,2023-02-28,6,1,2023-03-31,SeasonalNaive,1729.4,1350.6
SUV-A,3,2023-02-28,6,2,2023-04-30,SeasonalNaive,1544.7,1459.2
SUV-A,3,2023-02-28,6,3,2023-05-31,SeasonalNaive,1403.1,1368.7
SUV-A,3,2023-02-28,6,4,2023-06-30,SeasonalNaive,1521.5,1562.3
SUV-A,3,2023-02-28,6,5,2023-07-31,SeasonalNaive,1793.4,1136.7
SUV-A,3,2023-02-28,6,6,2023-08-31,SeasonalNaive,895.0,1214.0
SUV-A,3,2023-02-28,6,1,2023-03-31,MovingAverage6,1729.4,1463.2333333333333
SUV-A,3,2023-02-28,6,2,2023-04-30,MovingAverage6,1544.7,1463.2333333333333
SUV-A,3,2023-02-28,6,3,2023-05-31,MovingAverage6,1403.1,1463.2333333333333
SUV-A,3,2023-02-28,6,4,2023-06-30,MovingAverage6,1521.5,1463.2333333333333
SUV-A,3,2023-02-28,6,5,2023-07-31,MovingAverage6,1793.4,1463.2333333333333
SUV-A,3,2023-02-28,6,6,2023-08-31,MovingAverage6,895.0,1463.2333333333333
SUV-A,3,2023-02-28,6,1,2023-03-31,XGBoost,1729.4,1634.380126953125
SUV-A,3,2023-02-28,6,2,2023-04-30,XGBoost,1544.7,1618.737548828125
SUV-A,3,2023-02-28,6,3,2023-05-31,XGBoost,1403.1,1616.38525390625
SUV-A,3,2023-02-28,6,4,2023-06-30,XGBoost,1521.5,1583.21142578125
SUV-A,3,2023-02-28,6,5,2023-07-31,XGBoost,1793.4,1554.8333740234375
SUV-A,3,2023-02-28,6,6,2023-08-31,XGBoost,895.0,1471.5389404296875
SUV-A,3,2023-02-28,6,1,2023-03-31,DeepAR,1729.4,1380.0068359375
SUV-A,3,2023-02-28,6,2,2023-04-30,DeepAR,1544.7,1404.4410400390625
SUV-A,3,2023-02-28,6,3,2023-05-31,DeepAR,1403.1,1345.65869140625
SUV-A,3,2023-02-28,6,4,2023-06-30,DeepAR,1521.5,1355.005126953125
SUV-A,3,2023-02-28,6,5,2023-07-31,DeepAR,1793.4,1321.15576171875
SUV-A,3,2023-02-28,6,6,2023-08-31,DeepAR,895.0,1412.0391845703125
SUV-A,3,2023-02-28,6,1,2023-03-31,LeakageSafeEnsemble,1729.4,1527.100769211858
SUV-A,3,2023-02-28,6,2,2023-04-30,LeakageSafeEnsemble,1544.7,1528.3601761319323
SUV-A,3,2023-02-28,6,3,2023-05-31,LeakageSafeEnsemble,1403.1,1502.2090864484383
SUV-A,3,2023-02-28,6,4,2023-06-30,LeakageSafeEnsemble,1521.5,1486.9677455113679
SUV-A,3,2023-02-28,6,5,2023-07-31,LeakageSafeEnsemble,1793.4,1456.2822064390127
SUV-A,3,2023-02-28,6,6,2023-08-31,LeakageSafeEnsemble,895.0,1446.445537044529
SUV-A,3,2023-02-28,12,1,2023-03-31,LastValue,1729.4,1642.7
SUV-A,3,2023-02-28,12,2,2023-04-30,LastValue,1544.7,1642.7
SUV-A,3,2023-02-28,12,3,2023-05-31,LastValue,1403.1,1642.7
SUV-A,3,2023-02-28,12,4,2023-06-30,LastValue,1521.5,1642.7
SUV-A,3,2023-02-28,12,5,2023-07-31,LastValue,1793.4,1642.7
SUV-A,3,2023-02-28,12,6,2023-08-31,LastValue,895.0,1642.7
SUV-A,3,2023-02-28,12,7,2023-09-30,LastValue,1465.4,1642.7
SUV-A,3,2023-02-28,12,8,2023-10-31,LastValue,921.6,1642.7
SUV-A,3,2023-02-28,12,9,2023-11-30,LastValue,1447.6,1642.7
SUV-A,3,2023-02-28,12,10,2023-12-31,LastValue,1806.3,1642.7
SUV-A,3,2023-02-28,12,11,2024-01-31,LastValue,1716.3,1642.7
SUV-A,3,2023-02-28,12,12,2024-02-29,LastValue,1632.1,1642.7
SUV-A,3,2023-02-28,12,1,2023-03-31,SeasonalNaive,1729.4,1350.6
SUV-A,3,2023-02-28,12,2,2023-04-30,SeasonalNaive,1544.7,1459.2
SUV-A,3,2023-02-28,12,3,2023-05-31,SeasonalNaive,1403.1,1368.7
SUV-A,3,2023-02-28,12,4,2023-06-30,SeasonalNaive,1521.5,1562.3
SUV-A,3,2023-02-28,12,5,2023-07-31,SeasonalNaive,1793.4,1136.7
SUV-A,3,2023-02-28,12,6,2023-08-31,SeasonalNaive,895.0,1214.0
SUV-A,3,2023-02-28,12,7,2023-09-30,SeasonalNaive,1465.4,1326.7
SUV-A,3,2023-02-28,12,8,2023-10-31,SeasonalNaive,921.6,1220.1
SUV-A,3,2023-02-28,12,9,2023-11-30,SeasonalNaive,1447.6,1539.2
SUV-A,3,2023-02-28,12,10,2023-12-31,SeasonalNaive,1806.3,1516.7
SUV-A,3,2023-02-28,12,11,2024-01-31,SeasonalNaive,1716.3,1534.0
SUV-A,3,2023-02-28,12,12,2024-02-29,SeasonalNaive,1632.1,1642.7
SUV-A,3,2023-02-28,12,1,2023-03-31,MovingAverage6,1729.4,1463.2333333333333
SUV-A,3,2023-02-28,12,2,2023-04-30,MovingAverage6,1544.7,1463.2333333333333
SUV-A,3,2023-02-28,12,3,2023-05-31,MovingAverage6,1403.1,1463.2333333333333
SUV-A,3,2023-02-28,12,4,2023-06-30,MovingAverage6,1521.5,1463.2333333333333
SUV-A,3,2023-02-28,12,5,2023-07-31,MovingAverage6,1793.4,1463.2333333333333
SUV-A,3,2023-02-28,12,6,2023-08-31,MovingAverage6,895.0,1463.2333333333333
SUV-A,3,2023-02-28,12,7,2023-09-30,MovingAverage6,1465.4,1463.2333333333333
SUV-A,3,2023-02-28,12,8,2023-10-31,MovingAverage6,921.6,1463.2333333333333
SUV-A,3,2023-02-28,12,9,2023-11-30,MovingAverage6,1447.6,1463.2333333333333
SUV-A,3,2023-02-28,12,10,2023-12-31,MovingAverage6,1806.3,1463.2333333333333
SUV-A,3,2023-02-28,12,11,2024-01-31,MovingAverage6,1716.3,1463.2333333333333
SUV-A,3,2023-02-28,12,12,2024-02-29,MovingAverage6,1632.1,1463.2333333333333
SUV-A,3,2023-02-28,12,1,2023-03-31,XGBoost,1729.4,1634.380126953125
SUV-A,3,2023-02-28,12,2,2023-04-30,XGBoost,1544.7,1618.737548828125
SUV-A,3,2023-02-28,12,3,2023-05-31,XGBoost,1403.1,1616.38525390625
SUV-A,3,2023-02-28,12,4,2023-06-30,XGBoost,1521.5,1583.21142578125
SUV-A,3,2023-02-28,12,5,2023-07-31,XGBoost,1793.4,1554.8333740234375
SUV-A,3,2023-02-28,12,6,2023-08-31,XGBoost,895.0,1471.5389404296875
SUV-A,3,2023-02-28,12,7,2023-09-30,XGBoost,1465.4,1446.5604248046875
SUV-A,3,2023-02-28,12,8,2023-10-31,XGBoost,921.6,1467.2515869140625
SUV-A,3,2023-02-28,12,9,2023-11-30,XGBoost,1447.6,1550.5460205078125
SUV-A,3,2023-02-28,12,10,2023-12-31,XGBoost,1806.3,1474.739501953125
SUV-A,3,2023-02-28,12,11,2024-01-31,XGBoost,1716.3,1609.4384765625
SUV-A,3,2023-02-28,12,12,2024-02-29,XGBoost,1632.1,1614.4501953125
SUV-A,3,2023-02-28,12,1,2023-03-31,DeepAR,1729.4,1380.0068359375
SUV-A,3,2023-02-28,12,2,2023-04-30,DeepAR,1544.7,1404.4410400390625
SUV-A,3,2023-02-28,12,3,2023-05-31,DeepAR,1403.1,1345.65869140625
SUV-A,3,2023-02-28,12,4,2023-06-30,DeepAR,1521.5,1355.005126953125
SUV-A,3,2023-02-28,12,5,2023-07-31,DeepAR,1793.4,1321.15576171875
SUV-A,3,2023-02-28,12,6,2023-08-31,DeepAR,895.0,1412.0391845703125
SUV-A,3,2023-02-28,12,7,2023-09-30,DeepAR,1465.4,1364.8070068359375
SUV-A,3,2023-02-28,12,8,2023-10-31,DeepAR,921.6,1378.17919921875
SUV-A,3,2023-02-28,12,9,2023-11-30,DeepAR,1447.6,1385.0986328125
SUV-A,3,2023-02-28,12,10,2023-12-31,DeepAR,1806.3,1316.7320556640625
SUV-A,3,2023-02-28,12,11,2024-01-31,DeepAR,1716.3,1363.6451416015625
SUV-A,3,2023-02-28,12,12,2024-02-29,DeepAR,1632.1,1392.561767578125
SUV-A,3,2023-02-28,12,1,2023-03-31,LeakageSafeEnsemble,1729.4,1527.100769211858
SUV-A,3,2023-02-28,12,2,2023-04-30,LeakageSafeEnsemble,1544.7,1528.3601761319323
SUV-A,3,2023-02-28,12,3,2023-05-31,LeakageSafeEnsemble,1403.1,1502.2090864484383
SUV-A,3,2023-02-28,12,4,2023-06-30,LeakageSafeEnsemble,1521.5,1486.9677455113679
SUV-A,3,2023-02-28,12,5,2023-07-31,LeakageSafeEnsemble,1793.4,1456.2822064390127
SUV-A,3,2023-02-28,12,6,2023-08-31,LeakageSafeEnsemble,895.0,1446.445537044529
SUV-A,3,2023-02-28,12,7,2023-09-30,LeakageSafeEnsemble,1465.4,1412.081752653231
SUV-A,3,2023-02-28,12,8,2023-10-31,LeakageSafeEnsemble,921.6,1429.6861831078104
SUV-A,3,2023-02-28,12,9,2023-11-30,LeakageSafeEnsemble,1447.6,1480.7702777009968
SUV-A,3,2023-02-28,12,10,2023-12-31,LeakageSafeEnsemble,1806.3,1408.1014287017954
SUV-A,3,2023-02-28,12,11,2024-01-31,LeakageSafeEnsemble,1716.3,1505.7775998087254
SUV-A,3,2023-02-28,12,12,2024-02-29,LeakageSafeEnsemble,1632.1,1520.8709652373132
SUV-A,4,2023-05-31,3,1,2023-06-30,LastValue,1521.5,1403.1
SUV-A,4,2023-05-31,3,2,2023-07-31,LastValue,1793.4,1403.1
SUV-A,4,2023-05-31,3,3,2023-08-31,LastValue,895.0,1403.1
SUV-A,4,2023-05-31,3,1,2023-06-30,SeasonalNaive,1521.5,1562.3
SUV-A,4,2023-05-31,3,2,2023-07-31,SeasonalNaive,1793.4,1136.7
SUV-A,4,2023-05-31,3,3,2023-08-31,SeasonalNaive,895.0,1214.0
SUV-A,4,2023-05-31,3,1,2023-06-30,MovingAverage6,1521.5,1561.7666666666664
SUV-A,4,2023-05-31,3,2,2023-07-31,MovingAverage6,1793.4,1561.7666666666664
SUV-A,4,2023-05-31,3,3,2023-08-31,MovingAverage6,895.0,1561.7666666666664
SUV-A,4,2023-05-31,3,1,2023-06-30,XGBoost,1521.5,1447.5927734375
SUV-A,4,2023-05-31,3,2,2023-07-31,XGBoost,1793.4,1422.821533203125
SUV-A,4,2023-05-31,3,3,2023-08-31,XGBoost,895.0,1318.9146728515625
SUV-A,4,2023-05-31,3,1,2023-06-30,DeepAR,1521.5,1427.0926513671875
SUV-A,4,2023-05-31,3,2,2023-07-31,DeepAR,1793.4,1451.1646728515625
SUV-A,4,2023-05-31,3,3,2023-08-31,DeepAR,895.0,1394.1058349609375
SUV-A,4,2023-05-31,3,1,2023-06-30,LeakageSafeEnsemble,1521.5,1439.0162132843366
SUV-A,4,2023-05-31,3,2,2023-07-31,LeakageSafeEnsemble,1793.4,1434.679337165395
SUV-A,4,2023-05-31,3,3,2023-08-31,LeakageSafeEnsemble,895.0,1350.3720442724084
SUV-A,4,2023-05-31,6,1,2023-06-30,LastValue,1521.5,1403.1
SUV-A,4,2023-05-31,6,2,2023-07-31,LastValue,1793.4,1403.1
SUV-A,4,2023-05-31,6,3,2023-08-31,LastValue,895.0,1403.1
SUV-A,4,2023-05-31,6,4,2023-09-30,LastValue,1465.4,1403.1
SUV-A,4,2023-05-31,6,5,2023-10-31,LastValue,921.6,1403.1
SUV-A,4,2023-05-31,6,6,2023-11-30,LastValue,1447.6,1403.1
SUV-A,4,2023-05-31,6,1,2023-06-30,SeasonalNaive,1521.5,1562.3
SUV-A,4,2023-05-31,6,2,2023-07-31,SeasonalNaive,1793.4,1136.7
SUV-A,4,2023-05-31,6,3,2023-08-31,SeasonalNaive,895.0,1214.0
SUV-A,4,2023-05-31,6,4,2023-09-30,SeasonalNaive,1465.4,1326.7
SUV-A,4,2023-05-31,6,5,2023-10-31,SeasonalNaive,921.6,1220.1
SUV-A,4,2023-05-31,6,6,2023-11-30,SeasonalNaive,1447.6,1539.2
SUV-A,4,2023-05-31,6,1,2023-06-30,MovingAverage6,1521.5,1561.7666666666664
SUV-A,4,2023-05-31,6,2,2023-07-31,MovingAverage6,1793.4,1561.7666666666664
SUV-A,4,2023-05-31,6,3,2023-08-31,MovingAverage6,895.0,1561.7666666666664
SUV-A,4,2023-05-31,6,4,2023-09-30,MovingAverage6,1465.4,1561.7666666666664
SUV-A,4,2023-05-31,6,5,2023-10-31,MovingAverage6,921.6,1561.7666666666664
SUV-A,4,2023-05-31,6,6,2023-11-30,MovingAverage6,1447.6,1561.7666666666664
SUV-A,4,2023-05-31,6,1,2023-06-30,XGBoost,1521.5,1447.5927734375
SUV-A,4,2023-05-31,6,2,2023-07-31,XGBoost,1793.4,1422.821533203125
SUV-A,4,2023-05-31,6,3,2023-08-31,XGBoost,895.0,1318.9146728515625
SUV-A,4,2023-05-31,6,4,2023-09-30,XGBoost,1465.4,1239.2593994140625
SUV-A,4,2023-05-31,6,5,2023-10-31,XGBoost,921.6,1332.3985595703125
SUV-A,4,2023-05-31,6,6,2023-11-30,XGBoost,1447.6,1438.614501953125
SUV-A,4,2023-05-31,6,1,2023-06-30,DeepAR,1521.5,1427.0926513671875
SUV-A,4,2023-05-31,6,2,2023-07-31,DeepAR,1793.4,1451.1646728515625
SUV-A,4,2023-05-31,6,3,2023-08-31,DeepAR,895.0,1394.1058349609375
SUV-A,4,2023-05-31,6,4,2023-09-30,DeepAR,1465.4,1402.406982421875
SUV-A,4,2023-05-31,6,5,2023-10-31,DeepAR,921.6,1364.6763916015625
SUV-A,4,2023-05-31,6,6,2023-11-30,DeepAR,1447.6,1454.135986328125
SUV-A,4,2023-05-31,6,1,2023-06-30,LeakageSafeEnsemble,1521.5,1439.0162132843366
SUV-A,4,2023-05-31,6,2,2023-07-31,LeakageSafeEnsemble,1793.4,1434.679337165395
SUV-A,4,2023-05-31,6,3,2023-08-31,LeakageSafeEnsemble,895.0,1350.3720442724084
SUV-A,4,2023-05-31,6,4,2023-09-30,LeakageSafeEnsemble,1465.4,1307.51469552775
SUV-A,4,2023-05-31,6,5,2023-10-31,LeakageSafeEnsemble,921.6,1345.9024972221673
SUV-A,4,2023-05-31,6,6,2023-11-30,LeakageSafeEnsemble,1447.6,1445.1081617566474
SUV-A,4,2023-05-31,12,1,2023-06-30,LastValue,1521.5,1403.1
SUV-A,4,2023-05-31,12,2,2023-07-31,LastValue,1793.4,1403.1
SUV-A,4,2023-05-31,12,3,2023-08-31,LastValue,895.0,1403.1
SUV-A,4,2023-05-31,12,4,2023-09-30,LastValue,1465.4,1403.1
SUV-A,4,2023-05-31,12,5,2023-10-31,LastValue,921.6,1403.1
SUV-A,4,2023-05-31,12,6,2023-11-30,LastValue,1447.6,1403.1
SUV-A,4,2023-05-31,12,7,2023-12-31,LastValue,1806.3,1403.1
SUV-A,4,2023-05-31,12,8,2024-01-31,LastValue,1716.3,1403.1
SUV-A,4,2023-05-31,12,9,2024-02-29,LastValue,1632.1,1403.1
SUV-A,4,2023-05-31,12,10,2024-03-31,LastValue,1292.1,1403.1
SUV-A,4,2023-05-31,12,11,2024-04-30,LastValue,1505.0,1403.1
SUV-A,4,2023-05-31,12,12,2024-05-31,LastValue,1488.9,1403.1
SUV-A,4,2023-05-31,12,1,2023-06-30,SeasonalNaive,1521.5,1562.3
SUV-A,4,2023-05-31,12,2,2023-07-31,SeasonalNaive,1793.4,1136.7
SUV-A,4,2023-05-31,12,3,2023-08-31,SeasonalNaive,895.0,1214.0
SUV-A,4,2023-05-31,12,4,2023-09-30,SeasonalNaive,1465.4,1326.7
SUV-A,4,2023-05-31,12,5,2023-10-31,SeasonalNaive,921.6,1220.1
SUV-A,4,2023-05-31,12,6,2023-11-30,SeasonalNaive,1447.6,1539.2
SUV-A,4,2023-05-31,12,7,2023-12-31,SeasonalNaive,1806.3,1516.7
SUV-A,4,2023-05-31,12,8,2024-01-31,SeasonalNaive,1716.3,1534.0
SUV-A,4,2023-05-31,12,9,2024-02-29,SeasonalNaive,1632.1,1642.7
SUV-A,4,2023-05-31,12,10,2024-03-31,SeasonalNaive,1292.1,1729.4
SUV-A,4,2023-05-31,12,11,2024-04-30,SeasonalNaive,1505.0,1544.7
SUV-A,4,2023-05-31,12,12,2024-05-31,SeasonalNaive,1488.9,1403.1
SUV-A,4,2023-05-31,12,1,2023-06-30,MovingAverage6,1521.5,1561.7666666666664
SUV-A,4,2023-05-31,12,2,2023-07-31,MovingAverage6,1793.4,1561.7666666666664
SUV-A,4,2023-05-31,12,3,2023-08-31,MovingAverage6,895.0,1561.7666666666664
SUV-A,4,2023-05-31,12,4,2023-09-30,MovingAverage6,1465.4,1561.7666666666664
SUV-A,4,2023-05-31,12,5,2023-10-31,MovingAverage6,921.6,1561.7666666666664
SUV-A,4,2023-05-31,12,6,2023-11-30,MovingAverage6,1447.6,1561.7666666666664
SUV-A,4,2023-05-31,12,7,2023-12-31,MovingAverage6,1806.3,1561.7666666666664
SUV-A,4,2023-05-31,12,8,2024-01-31,MovingAverage6,1716.3,1561.7666666666664
SUV-A,4,2023-05-31,12,9,2024-02-29,MovingAverage6,1632.1,1561.7666666666664
SUV-A,4,2023-05-31,12,10,2024-03-31,MovingAverage6,1292.1,1561.7666666666664
SUV-A,4,2023-05-31,12,11,2024-04-30,MovingAverage6,1505.0,1561.7666666666664
SUV-A,4,2023-05-31,12,12,2024-05-31,MovingAverage6,1488.9,1561.7666666666664
SUV-A,4,2023-05-31,12,1,2023-06-30,XGBoost,1521.5,1447.5927734375
SUV-A,4,2023-05-31,12,2,2023-07-31,XGBoost,1793.4,1422.821533203125
SUV-A,4,2023-05-31,12,3,2023-08-31,XGBoost,895.0,1318.9146728515625
SUV-A,4,2023-05-31,12,4,2023-09-30,XGBoost,1465.4,1239.2593994140625
SUV-A,4,2023-05-31,12,5,2023-10-31,XGBoost,921.6,1332.3985595703125
SUV-A,4,2023-05-31,12,6,2023-11-30,XGBoost,1447.6,1438.614501953125
SUV-A,4,2023-05-31,12,7,2023-12-31,XGBoost,1806.3,1350.3095703125
SUV-A,4,2023-05-31,12,8,2024-01-31,XGBoost,1716.3,1450.3179931640625
SUV-A,4,2023-05-31,12,9,2024-02-29,XGBoost,1632.1,1502.2003173828125
SUV-A,4,2023-05-31,12,10,2024-03-31,XGBoost,1292.1,1539.594482421875
SUV-A,4,2023-05-31,12,11,2024-04-30,XGBoost,1505.0,1494.0186767578125
SUV-A,4,2023-05-31,12,12,2024-05-31,XGBoost,1488.9,1443.2919921875
SUV-A,4,2023-05-31,12,1,2023-06-30,DeepAR,1521.5,1427.0926513671875
SUV-A,4,2023-05-31,12,2,2023-07-31,DeepAR,1793.4,1451.1646728515625
SUV-A,4,2023-05-31,12,3,2023-08-31,DeepAR,895.0,1394.1058349609375
SUV-A,4,2023-05-31,12,4,2023-09-30,DeepAR,1465.4,1402.406982421875
SUV-A,4,2023-05-31,12,5,2023-10-31,DeepAR,921.6,1364.6763916015625
SUV-A,4,2023-05-31,12,6,2023-11-30,DeepAR,1447.6,1454.135986328125
SUV-A,4,2023-05-31,12,7,2023-12-31,DeepAR,1806.3,1404.53515625
SUV-A,4,2023-05-31,12,8,2024-01-31,DeepAR,1716.3,1426.8477783203125
SUV-A,4,2023-05-31,12,9,2024-02-29,DeepAR,1632.1,1438.40234375
SUV-A,4,2023-05-31,12,10,2024-03-31,DeepAR,1292.1,1368.783935546875
SUV-A,4,2023-05-31,12,11,2024-04-30,DeepAR,1505.0,1408.592529296875
SUV-A,4,2023-05-31,12,12,2024-05-31,DeepAR,1488.9,1438.593017578125
SUV-A,4,2023-05-31,12,1,2023-06-30,LeakageSafeEnsemble,1521.5,1439.0162132843366
SUV-A,4,2023-05-31,12,2,2023-07-31,LeakageSafeEnsemble,1793.4,1434.679337165395
SUV-A,4,2023-05-31,12,3,2023-08-31,LeakageSafeEnsemble,895.0,1350.3720442724084
SUV-A,4,2023-05-31,12,4,2023-09-30,LeakageSafeEnsemble,1465.4,1307.51469552775
SUV-A,4,2023-05-31,12,5,2023-10-31,LeakageSafeEnsemble,921.6,1345.9024972221673
SUV-A,4,2023-05-31,12,6,2023-11-30,LeakageSafeEnsemble,1447.6,1445.1081617566474
SUV-A,4,2023-05-31,12,7,2023-12-31,LeakageSafeEnsemble,1806.3,1372.9956869291202
SUV-A,4,2023-05-31,12,8,2024-01-31,LeakageSafeEnsemble,1716.3,1440.4988498935118
SUV-A,4,2023-05-31,12,9,2024-02-29,LeakageSafeEnsemble,1632.1,1475.5094544425265
SUV-A,4,2023-05-31,12,10,2024-03-31,LeakageSafeEnsemble,1292.1,1468.1332803953887
SUV-A,4,2023-05-31,12,11,2024-04-30,LeakageSafeEnsemble,1505.0,1458.2793328757812
SUV-A,4,2023-05-31,12,12,2024-05-31,LeakageSafeEnsemble,1488.9,1441.3261032072983
SUV-A,5,2023-08-31,3,1,2023-09-30,LastValue,1465.4,895.0
SUV-A,5,2023-08-31,3,2,2023-10-31,LastValue,921.6,895.0
SUV-A,5,2023-08-31,3,3,2023-11-30,LastValue,1447.6,895.0
SUV-A,5,2023-08-31,3,1,2023-09-30,SeasonalNaive,1465.4,1326.7
SUV-A,5,2023-08-31,3,2,2023-10-31,SeasonalNaive,921.6,1220.1
SUV-A,5,2023-08-31,3,3,2023-11-30,SeasonalNaive,1447.6,1539.2
SUV-A,5,2023-08-31,3,1,2023-09-30,MovingAverage6,1465.4,1481.1833333333334
SUV-A,5,2023-08-31,3,2,2023-10-31,MovingAverage6,921.6,1481.1833333333334
SUV-A,5,2023-08-31,3,3,2023-11-30,MovingAverage6,1447.6,1481.1833333333334
SUV-A,5,2023-08-31,3,1,2023-09-30,XGBoost,1465.4,975.0718994140625
SUV-A,5,2023-08-31,3,2,2023-10-31,XGBoost,921.6,1006.1156616210938
SUV-A,5,2023-08-31,3,3,2023-11-30,XGBoost,1447.6,1232.4805908203125
SUV-A,5,2023-08-31,3,1,2023-09-30,DeepAR,1465.4,1456.51953125
SUV-A,5,2023-08-31,3,2,2023-10-31,DeepAR,921.6,1477.75537109375
SUV-A,5,2023-08-31,3,3,2023-11-30,DeepAR,1447.6,1416.3826904296875
SUV-A,5,2023-08-31,3,1,2023-09-30,LeakageSafeEnsemble,1465.4,1186.8879520522187
SUV-A,5,2023-08-31,3,2,2023-10-31,LeakageSafeEnsemble,921.6,1213.6166640699985
SUV-A,5,2023-08-31,3,3,2023-11-30,LeakageSafeEnsemble,1447.6,1313.389518466593
SUV-A,5,2023-08-31,6,1,2023-09-30,LastValue,1465.4,895.0
SUV-A,5,2023-08-31,6,2,2023-10-31,LastValue,921.6,895.0
SUV-A,5,2023-08-31,6,3,2023-11-30,LastValue,1447.6,895.0
SUV-A,5,2023-08-31,6,4,2023-12-31,LastValue,1806.3,895.0
SUV-A,5,2023-08-31,6,5,2024-01-31,LastValue,1716.3,895.0
SUV-A,5,2023-08-31,6,6,2024-02-29,LastValue,1632.1,895.0
SUV-A,5,2023-08-31,6,1,2023-09-30,SeasonalNaive,1465.4,1326.7
SUV-A,5,2023-08-31,6,2,2023-10-31,SeasonalNaive,921.6,1220.1
SUV-A,5,2023-08-31,6,3,2023-11-30,SeasonalNaive,1447.6,1539.2
SUV-A,5,2023-08-31,6,4,2023-12-31,SeasonalNaive,1806.3,1516.7
SUV-A,5,2023-08-31,6,5,2024-01-31,SeasonalNaive,1716.3,1534.0
SUV-A,5,2023-08-31,6,6,2024-02-29,SeasonalNaive,1632.1,1642.7
SUV-A,5,2023-08-31,6,1,2023-09-30,MovingAverage6,1465.4,1481.1833333333334
SUV-A,5,2023-08-31,6,2,2023-10-31,MovingAverage6,921.6,1481.1833333333334
SUV-A,5,2023-08-31,6,3,2023-11-30,MovingAverage6,1447.6,1481.1833333333334
SUV-A,5,2023-08-31,6,4,2023-12-31,MovingAverage6,1806.3,1481.1833333333334
SUV-A,5,2023-08-31,6,5,2024-01-31,MovingAverage6,1716.3,1481.1833333333334
SUV-A,5,2023-08-31,6,6,2024-02-29,MovingAverage6,1632.1,1481.1833333333334
SUV-A,5,2023-08-31,6,1,2023-09-30,XGBoost,1465.4,975.0718994140625
SUV-A,5,2023-08-31,6,2,2023-10-31,XGBoost,921.6,1006.1156616210938
SUV-A,5,2023-08-31,6,3,2023-11-30,XGBoost,1447.6,1232.4805908203125
SUV-A,5,2023-08-31,6,4,2023-12-31,XGBoost,1806.3,1165.676025390625
SUV-A,5,2023-08-31,6,5,2024-01-31,XGBoost,1716.3,1256.6766357421875
SUV-A,5,2023-08-31,6,6,2024-02-29,XGBoost,1632.1,1284.0303955078125
SUV-A,5,2023-08-31,6,1,2023-09-30,DeepAR,1465.4,1456.51953125
SUV-A,5,2023-08-31,6,2,2023-10-31,DeepAR,921.6,1477.75537109375
SUV-A,5,2023-08-31,6,3,2023-11-30,DeepAR,1447.6,1416.3826904296875
SUV-A,5,2023-08-31,6,4,2023-12-31,DeepAR,1806.3,1426.6376953125
SUV-A,5,2023-08-31,6,5,2024-01-31,DeepAR,1716.3,1394.5458984375
SUV-A,5,2023-08-31,6,6,2024-02-29,DeepAR,1632.1,1489.3387451171875
SUV-A,5,2023-08-31,6,1,2023-09-30,LeakageSafeEnsemble,1465.4,1186.8879520522187
SUV-A,5,2023-08-31,6,2,2023-10-31,LeakageSafeEnsemble,921.6,1213.6166640699985
SUV-A,5,2023-08-31,6,3,2023-11-30,LeakageSafeEnsemble,1447.6,1313.389518466593
SUV-A,5,2023-08-31,6,4,2023-12-31,LeakageSafeEnsemble,1806.3,1280.4878233337859
SUV-A,5,2023-08-31,6,5,2024-01-31,LeakageSafeEnsemble,1716.3,1317.3331201316369
SUV-A,5,2023-08-31,6,6,2024-02-29,LeakageSafeEnsemble,1632.1,1374.357132957161
SUV-A,5,2023-08-31,12,1,2023-09-30,LastValue,1465.4,895.0
SUV-A,5,2023-08-31,12,2,2023-10-31,LastValue,921.6,895.0
SUV-A,5,2023-08-31,12,3,2023-11-30,LastValue,1447.6,895.0
SUV-A,5,2023-08-31,12,4,2023-12-31,LastValue,1806.3,895.0
SUV-A,5,2023-08-31,12,5,2024-01-31,LastValue,1716.3,895.0
SUV-A,5,2023-08-31,12,6,2024-02-29,LastValue,1632.1,895.0
SUV-A,5,2023-08-31,12,7,2024-03-31,LastValue,1292.1,895.0
SUV-A,5,2023-08-31,12,8,2024-04-30,LastValue,1505.0,895.0
SUV-A,5,2023-08-31,12,9,2024-05-31,LastValue,1488.9,895.0
SUV-A,5,2023-08-31,12,10,2024-06-30,LastValue,1141.0,895.0
SUV-A,5,2023-08-31,12,11,2024-07-31,LastValue,1295.3,895.0
SUV-A,5,2023-08-31,12,12,2024-08-31,LastValue,1291.0,895.0
SUV-A,5,2023-08-31,12,1,2023-09-30,SeasonalNaive,1465.4,1326.7
SUV-A,5,2023-08-31,12,2,2023-10-31,SeasonalNaive,921.6,1220.1
SUV-A,5,2023-08-31,12,3,2023-11-30,SeasonalNaive,1447.6,1539.2
SUV-A,5,2023-08-31,12,4,2023-12-31,SeasonalNaive,1806.3,1516.7
SUV-A,5,2023-08-31,12,5,2024-01-31,SeasonalNaive,1716.3,1534.0
SUV-A,5,2023-08-31,12,6,2024-02-29,SeasonalNaive,1632.1,1642.7
SUV-A,5,2023-08-31,12,7,2024-03-31,SeasonalNaive,1292.1,1729.4
SUV-A,5,2023-08-31,12,8,2024-04-30,SeasonalNaive,1505.0,1544.7
SUV-A,5,2023-08-31,12,9,2024-05-31,SeasonalNaive,1488.9,1403.1
SUV-A,5,2023-08-31,12,10,2024-06-30,SeasonalNaive,1141.0,1521.5
SUV-A,5,2023-08-31,12,11,2024-07-31,SeasonalNaive,1295.3,1793.4
SUV-A,5,2023-08-31,12,12,2024-08-31,SeasonalNaive,1291.0,895.0
SUV-A,5,2023-08-31,12,1,2023-09-30,MovingAverage6,1465.4,1481.1833333333334
SUV-A,5,2023-08-31,12,2,2023-10-31,MovingAverage6,921.6,1481.1833333333334
SUV-A,5,2023-08-31,12,3,2023-11-30,MovingAverage6,1447.6,1481.1833333333334
SUV-A,5,2023-08-31,12,4,2023-12-31,MovingAverage6,1806.3,1481.1833333333334
SUV-A,5,2023-08-31,12,5,2024-01-31,MovingAverage6,1716.3,1481.1833333333334
SUV-A,5,2023-08-31,12,6,2024-02-29,MovingAverage6,1632.1,1481.1833333333334
SUV-A,5,2023-08-31,12,7,2024-03-31,MovingAverage6,1292.1,1481.1833333333334
SUV-A,5,2023-08-31,12,8,2024-04-30,MovingAverage6,1505.0,1481.1833333333334
SUV-A,5,2023-08-31,12,9,2024-05-31,MovingAverage6,1488.9,1481.1833333333334
SUV-A,5,2023-08-31,12,10,2024-06-30,MovingAverage6,1141.0,1481.1833333333334
SUV-A,5,2023-08-31,12,11,2024-07-31,MovingAverage6,1295.3,1481.1833333333334
SUV-A,5,2023-08-31,12,12,2024-08-31,MovingAverage6,1291.0,1481.1833333333334
SUV-A,5,2023-08-31,12,1,2023-09-30,XGBoost,1465.4,975.0718994140625
SUV-A,5,2023-08-31,12,2,2023-10-31,XGBoost,921.6,1006.1156616210938
SUV-A,5,2023-08-31,12,3,2023-11-30,XGBoost,1447.6,1232.4805908203125
SUV-A,5,2023-08-31,12,4,2023-12-31,XGBoost,1806.3,1165.676025390625
SUV-A,5,2023-08-31,12,5,2024-01-31,XGBoost,1716.3,1256.6766357421875
SUV-A,5,2023-08-31,12,6,2024-02-29,XGBoost,1632.1,1284.0303955078125
SUV-A,5,2023-08-31,12,7,2024-03-31,XGBoost,1292.1,1348.481689453125
SUV-A,5,2023-08-31,12,8,2024-04-30,XGBoost,1505.0,1268.693359375
SUV-A,5,2023-08-31,12,9,2024-05-31,XGBoost,1488.9,1260.6507568359375
SUV-A,5,2023-08-31,12,10,2024-06-30,XGBoost,1141.0,1238.9447021484375
SUV-A,5,2023-08-31,12,11,2024-07-31,XGBoost,1295.3,1224.8167724609375
SUV-A,5,2023-08-31,12,12,2024-08-31,XGBoost,1291.0,995.8009033203125
SUV-A,5,2023-08-31,12,1,2023-09-30,DeepAR,1465.4,1456.51953125
SUV-A,5,2023-08-31,12,2,2023-10-31,DeepAR,921.6,1477.75537109375
SUV-A,5,2023-08-31,12,3,2023-11-30,DeepAR,1447.6,1416.3826904296875
SUV-A,5,2023-08-31,12,4,2023-12-31,DeepAR,1806.3,1426.6376953125
SUV-A,5,2023-08-31,12,5,2024-01-31,DeepAR,1716.3,1394.5458984375
SUV-A,5,2023-08-31,12,6,2024-02-29,DeepAR,1632.1,1489.3387451171875
SUV-A,5,2023-08-31,12,7,2024-03-31,DeepAR,1292.1,1438.435791015625
SUV-A,5,2023-08-31,12,8,2024-04-30,DeepAR,1505.0,1453.9219970703125
SUV-A,5,2023-08-31,12,9,2024-05-31,DeepAR,1488.9,1464.7818603515625
SUV-A,5,2023-08-31,12,10,2024-06-30,DeepAR,1141.0,1396.150146484375
SUV-A,5,2023-08-31,12,11,2024-07-31,DeepAR,1295.3,1431.6292724609375
SUV-A,5,2023-08-31,12,12,2024-08-31,DeepAR,1291.0,1462.5604248046875
SUV-A,5,2023-08-31,12,1,2023-09-30,LeakageSafeEnsemble,1465.4,1186.8879520522187
SUV-A,5,2023-08-31,12,2,2023-10-31,LeakageSafeEnsemble,921.6,1213.6166640699985
SUV-A,5,2023-08-31,12,3,2023-11-30,LeakageSafeEnsemble,1447.6,1313.389518466593
SUV-A,5,2023-08-31,12,4,2023-12-31,LeakageSafeEnsemble,1806.3,1280.4878233337859
SUV-A,5,2023-08-31,12,5,2024-01-31,LeakageSafeEnsemble,1716.3,1317.3331201316369
SUV-A,5,2023-08-31,12,6,2024-02-29,LeakageSafeEnsemble,1632.1,1374.357132957161
SUV-A,5,2023-08-31,12,7,2024-03-31,LeakageSafeEnsemble,1292.1,1388.0575626858104
SUV-A,5,2023-08-31,12,8,2024-04-30,LeakageSafeEnsemble,1505.0,1350.185884626036
SUV-A,5,2023-08-31,12,9,2024-05-31,LeakageSafeEnsemble,1488.9,1350.459541656474
SUV-A,5,2023-08-31,12,10,2024-06-30,LeakageSafeEnsemble,1141.0,1308.1082555751352
SUV-A,5,2023-08-31,12,11,2024-07-31,LeakageSafeEnsemble,1295.3,1315.8052995385028
SUV-A,5,2023-08-31,12,12,2024-08-31,LeakageSafeEnsemble,1291.0,1201.1548138622359
SUV-A,6,2023-11-30,3,1,2023-12-31,LastValue,1806.3,1447.6
SUV-A,6,2023-11-30,3,2,2024-01-31,LastValue,1716.3,1447.6
SUV-A,6,2023-11-30,3,3,2024-02-29,LastValue,1632.1,1447.6
SUV-A,6,2023-11-30,3,1,2023-12-31,SeasonalNaive,1806.3,1516.7
SUV-A,6,2023-11-30,3,2,2024-01-31,SeasonalNaive,1716.3,1534.0
SUV-A,6,2023-11-30,3,3,2024-02-29,SeasonalNaive,1632.1,1642.7
SUV-A,6,2023-11-30,3,1,2023-12-31,MovingAverage6,1806.3,1340.75
SUV-A,6,2023-11-30,3,2,2024-01-31,MovingAverage6,1716.3,1340.75
SUV-A,6,2023-11-30,3,3,2024-02-29,MovingAverage6,1632.1,1340.75
SUV-A,6,2023-11-30,3,1,2023-12-31,XGBoost,1806.3,1362.9552001953125
SUV-A,6,2023-11-30,3,2,2024-01-31,XGBoost,1716.3,1442.486083984375
SUV-A,6,2023-11-30,3,3,2024-02-29,XGBoost,1632.1,1463.073974609375
SUV-A,6,2023-11-30,3,1,2023-12-31,DeepAR,1806.3,1514.1605224609375
SUV-A,6,2023-11-30,3,2,2024-01-31,DeepAR,1716.3,1542.716552734375
SUV-A,6,2023-11-30,3,3,2024-02-29,DeepAR,1632.1,1490.162353515625
SUV-A,6,2023-11-30,3,1,2023-12-31,LeakageSafeEnsemble,1806.3,1433.9651022196117
SUV-A,6,2023-11-30,3,2,2024-01-31,LeakageSafeEnsemble,1716.3,1489.5568957246
SUV-A,6,2023-11-30,3,3,2024-02-29,LeakageSafeEnsemble,1632.1,1475.795351981672
SUV-A,6,2023-11-30,6,1,2023-12-31,LastValue,1806.3,1447.6
SUV-A,6,2023-11-30,6,2,2024-01-31,LastValue,1716.3,1447.6
SUV-A,6,2023-11-30,6,3,2024-02-29,LastValue,1632.1,1447.6
SUV-A,6,2023-11-30,6,4,2024-03-31,LastValue,1292.1,1447.6
SUV-A,6,2023-11-30,6,5,2024-04-30,LastValue,1505.0,1447.6
SUV-A,6,2023-11-30,6,6,2024-05-31,LastValue,1488.9,1447.6
SUV-A,6,2023-11-30,6,1,2023-12-31,SeasonalNaive,1806.3,1516.7
SUV-A,6,2023-11-30,6,2,2024-01-31,SeasonalNaive,1716.3,1534.0
SUV-A,6,2023-11-30,6,3,2024-02-29,SeasonalNaive,1632.1,1642.7
SUV-A,6,2023-11-30,6,4,2024-03-31,SeasonalNaive,1292.1,1729.4
SUV-A,6,2023-11-30,6,5,2024-04-30,SeasonalNaive,1505.0,1544.7
SUV-A,6,2023-11-30,6,6,2024-05-31,SeasonalNaive,1488.9,1403.1
SUV-A,6,2023-11-30,6,1,2023-12-31,MovingAverage6,1806.3,1340.75
SUV-A,6,2023-11-30,6,2,2024-01-31,MovingAverage6,1716.3,1340.75
SUV-A,6,2023-11-30,6,3,2024-02-29,MovingAverage6,1632.1,1340.75
SUV-A,6,2023-11-30,6,4,2024-03-31,MovingAverage6,1292.1,1340.75
SUV-A,6,2023-11-30,6,5,2024-04-30,MovingAverage6,1505.0,1340.75
SUV-A,6,2023-11-30,6,6,2024-05-31,MovingAverage6,1488.9,1340.75
SUV-A,6,2023-11-30,6,1,2023-12-31,XGBoost,1806.3,1362.9552001953125
SUV-A,6,2023-11-30,6,2,2024-01-31,XGBoost,1716.3,1442.486083984375
SUV-A,6,2023-11-30,6,3,2024-02-29,XGBoost,1632.1,1463.073974609375
SUV-A,6,2023-11-30,6,4,2024-03-31,XGBoost,1292.1,1556.58349609375
SUV-A,6,2023-11-30,6,5,2024-04-30,XGBoost,1505.0,1457.599365234375
SUV-A,6,2023-11-30,6,6,2024-05-31,XGBoost,1488.9,1446.1956787109375
SUV-A,6,2023-11-30,6,1,2023-12-31,DeepAR,1806.3,1514.1605224609375
SUV-A,6,2023-11-30,6,2,2024-01-31,DeepAR,1716.3,1542.716552734375
SUV-A,6,2023-11-30,6,3,2024-02-29,DeepAR,1632.1,1490.162353515625
SUV-A,6,2023-11-30,6,4,2024-03-31,DeepAR,1292.1,1492.5936279296875
SUV-A,6,2023-11-30,6,5,2024-04-30,DeepAR,1505.0,1456.2926025390625
SUV-A,6,2023-11-30,6,6,2024-05-31,DeepAR,1488.9,1546.3486328125
SUV-A,6,2023-11-30,6,1,2023-12-31,LeakageSafeEnsemble,1806.3,1433.9651022196117
SUV-A,6,2023-11-30,6,2,2024-01-31,LeakageSafeEnsemble,1716.3,1489.5568957246
SUV-A,6,2023-11-30,6,3,2024-02-29,LeakageSafeEnsemble,1632.1,1475.795351981672
SUV-A,6,2023-11-30,6,4,2024-03-31,LeakageSafeEnsemble,1292.1,1526.5322333167296
SUV-A,6,2023-11-30,6,5,2024-04-30,LeakageSafeEnsemble,1505.0,1456.9856874082616
SUV-A,6,2023-11-30,6,6,2024-05-31,LeakageSafeEnsemble,1488.9,1493.2300815573612
SUV-A,6,2023-11-30,12,1,2023-12-31,LastValue,1806.3,1447.6
SUV-A,6,2023-11-30,12,2,2024-01-31,LastValue,1716.3,1447.6
SUV-A,6,2023-11-30,12,3,2024-02-29,LastValue,1632.1,1447.6
SUV-A,6,2023-11-30,12,4,2024-03-31,LastValue,1292.1,1447.6
SUV-A,6,2023-11-30,12,5,2024-04-30,LastValue,1505.0,1447.6
SUV-A,6,2023-11-30,12,6,2024-05-31,LastValue,1488.9,1447.6
SUV-A,6,2023-11-30,12,7,2024-06-30,LastValue,1141.0,1447.6
SUV-A,6,2023-11-30,12,8,2024-07-31,LastValue,1295.3,1447.6
SUV-A,6,2023-11-30,12,9,2024-08-31,LastValue,1291.0,1447.6
SUV-A,6,2023-11-30,12,10,2024-09-30,LastValue,1140.1,1447.6
SUV-A,6,2023-11-30,12,11,2024-10-31,LastValue,1109.1,1447.6
SUV-A,6,2023-11-30,12,12,2024-11-30,LastValue,1115.3,1447.6
SUV-A,6,2023-11-30,12,1,2023-12-31,SeasonalNaive,1806.3,1516.7
SUV-A,6,2023-11-30,12,2,2024-01-31,SeasonalNaive,1716.3,1534.0
SUV-A,6,2023-11-30,12,3,2024-02-29,SeasonalNaive,1632.1,1642.7
SUV-A,6,2023-11-30,12,4,2024-03-31,SeasonalNaive,1292.1,1729.4
SUV-A,6,2023-11-30,12,5,2024-04-30,SeasonalNaive,1505.0,1544.7
SUV-A,6,2023-11-30,12,6,2024-05-31,SeasonalNaive,1488.9,1403.1
SUV-A,6,2023-11-30,12,7,2024-06-30,SeasonalNaive,1141.0,1521.5
SUV-A,6,2023-11-30,12,8,2024-07-31,SeasonalNaive,1295.3,1793.4
SUV-A,6,2023-11-30,12,9,2024-08-31,SeasonalNaive,1291.0,895.0
SUV-A,6,2023-11-30,12,10,2024-09-30,SeasonalNaive,1140.1,1465.4
SUV-A,6,2023-11-30,12,11,2024-10-31,SeasonalNaive,1109.1,921.6
SUV-A,6,2023-11-30,12,12,2024-11-30,SeasonalNaive,1115.3,1447.6
SUV-A,6,2023-11-30,12,1,2023-12-31,MovingAverage6,1806.3,1340.75
SUV-A,6,2023-11-30,12,2,2024-01-31,MovingAverage6,1716.3,1340.75
SUV-A,6,2023-11-30,12,3,2024-02-29,MovingAverage6,1632.1,1340.75
SUV-A,6,2023-11-30,12,4,2024-03-31,MovingAverage6,1292.1,1340.75
SUV-A,6,2023-11-30,12,5,2024-04-30,MovingAverage6,1505.0,1340.75
SUV-A,6,2023-11-30,12,6,2024-05-31,MovingAverage6,1488.9,1340.75
SUV-A,6,2023-11-30,12,7,2024-06-30,MovingAverage6,1141.0,1340.75
SUV-A,6,2023-11-30,12,8,2024-07-31,MovingAverage6,1295.3,1340.75
SUV-A,6,2023-11-30,12,9,2024-08-31,MovingAverage6,1291.0,1340.75
SUV-A,6,2023-11-30,12,10,2024-09-30,MovingAverage6,1140.1,1340.75
SUV-A,6,2023-11-30,12,11,2024-10-31,MovingAverage6,1109.1,1340.75
SUV-A,6,2023-11-30,12,12,2024-11-30,MovingAverage6,1115.3,1340.75
SUV-A,6,2023-11-30,12,1,2023-12-31,XGBoost,1806.3,1362.9552001953125
SUV-A,6,2023-11-30,12,2,2024-01-31,XGBoost,1716.3,1442.486083984375
SUV-A,6,2023-11-30,12,3,2024-02-29,XGBoost,1632.1,1463.073974609375
SUV-A,6,2023-11-30,12,4,2024-03-31,XGBoost,1292.1,1556.58349609375
SUV-A,6,2023-11-30,12,5,2024-04-30,XGBoost,1505.0,1457.599365234375
SUV-A,6,2023-11-30,12,6,2024-05-31,XGBoost,1488.9,1446.1956787109375
SUV-A,6,2023-11-30,12,7,2024-06-30,XGBoost,1141.0,1427.716552734375
SUV-A,6,2023-11-30,12,8,2024-07-31,XGBoost,1295.3,1401.321044921875
SUV-A,6,2023-11-30,12,9,2024-08-31,XGBoost,1291.0,1147.636962890625
SUV-A,6,2023-11-30,12,10,2024-09-30,XGBoost,1140.1,1158.8973388671875
SUV-A,6,2023-11-30,12,11,2024-10-31,XGBoost,1109.1,1165.27783203125
SUV-A,6,2023-11-30,12,12,2024-11-30,XGBoost,1115.3,1415.4217529296875
SUV-A,6,2023-11-30,12,1,2023-12-31,DeepAR,1806.3,1514.1605224609375
SUV-A,6,2023-11-30,12,2,2024-01-31,DeepAR,1716.3,1542.716552734375
SUV-A,6,2023-11-30,12,3,2024-02-29,DeepAR,1632.1,1490.162353515625
SUV-A,6,2023-11-30,12,4,2024-03-31,DeepAR,1292.1,1492.5936279296875
SUV-A,6,2023-11-30,12,5,2024-04-30,DeepAR,1505.0,1456.2926025390625
SUV-A,6,2023-11-30,12,6,2024-05-31,DeepAR,1488.9,1546.3486328125
SUV-A,6,2023-11-30,12,7,2024-06-30,DeepAR,1141.0,1502.45556640625
SUV-A,6,2023-11-30,12,8,2024-07-31,DeepAR,1295.3,1512.266845703125
SUV-A,6,2023-11-30,12,9,2024-08-31,DeepAR,1291.0,1523.983642578125
SUV-A,6,2023-11-30,12,10,2024-09-30,DeepAR,1140.1,1452.93994140625
SUV-A,6,2023-11-30,12,11,2024-10-31,DeepAR,1109.1,1495.44189453125
SUV-A,6,2023-11-30,12,12,2024-11-30,DeepAR,1115.3,1524.4864501953125
SUV-A,6,2023-11-30,12,1,2023-12-31,LeakageSafeEnsemble,1806.3,1433.9651022196117
SUV-A,6,2023-11-30,12,2,2024-01-31,LeakageSafeEnsemble,1716.3,1489.5568957246
SUV-A,6,2023-11-30,12,3,2024-02-29,LeakageSafeEnsemble,1632.1,1475.795351981672
SUV-A,6,2023-11-30,12,4,2024-03-31,LeakageSafeEnsemble,1292.1,1526.5322333167296
SUV-A,6,2023-11-30,12,5,2024-04-30,LeakageSafeEnsemble,1505.0,1456.9856874082616
SUV-A,6,2023-11-30,12,6,2024-05-31,LeakageSafeEnsemble,1488.9,1493.2300815573612
SUV-A,6,2023-11-30,12,7,2024-06-30,LeakageSafeEnsemble,1141.0,1462.8159342223018
SUV-A,6,2023-11-30,12,8,2024-07-31,LeakageSafeEnsemble,1295.3,1453.4240498496215
SUV-A,6,2023-11-30,12,9,2024-08-31,LeakageSafeEnsemble,1291.0,1324.3790105321682
SUV-A,6,2023-11-30,12,10,2024-09-30,LeakageSafeEnsemble,1140.1,1296.9872419152184
SUV-A,6,2023-11-30,12,11,2024-10-31,LeakageSafeEnsemble,1109.1,1320.3313388763345
SUV-A,6,2023-11-30,12,12,2024-11-30,LeakageSafeEnsemble,1115.3,1466.6413259133565
SUV-A,7,2024-02-29,3,1,2024-03-31,LastValue,1292.1,1632.1
SUV-A,7,2024-02-29,3,2,2024-04-30,LastValue,1505.0,1632.1
SUV-A,7,2024-02-29,3,3,2024-05-31,LastValue,1488.9,1632.1
SUV-A,7,2024-02-29,3,1,2024-03-31,SeasonalNaive,1292.1,1729.4
SUV-A,7,2024-02-29,3,2,2024-04-30,SeasonalNaive,1505.0,1544.7
SUV-A,7,2024-02-29,3,3,2024-05-31,SeasonalNaive,1488.9,1403.1
SUV-A,7,2024-02-29,3,1,2024-03-31,MovingAverage6,1292.1,1498.2166666666665
SUV-A,7,2024-02-29,3,2,2024-04-30,MovingAverage6,1505.0,1498.2166666666665
SUV-A,7,2024-02-29,3,3,2024-05-31,MovingAverage6,1488.9,1498.2166666666665
SUV-A,7,2024-02-29,3,1,2024-03-31,XGBoost,1292.1,1684.1990966796875
SUV-A,7,2024-02-29,3,2,2024-04-30,XGBoost,1505.0,1628.0472412109375
SUV-A,7,2024-02-29,3,3,2024-05-31,XGBoost,1488.9,1631.494384765625
SUV-A,7,2024-02-29,3,1,2024-03-31,DeepAR,1292.1,1506.0660400390625
SUV-A,7,2024-02-29,3,2,2024-04-30,DeepAR,1505.0,1528.2852783203125
SUV-A,7,2024-02-29,3,3,2024-05-31,DeepAR,1488.9,1469.5654296875
SUV-A,7,2024-02-29,3,1,2024-03-31,LeakageSafeEnsemble,1292.1,1601.5721048464727
SUV-A,7,2024-02-29,3,2,2024-04-30,LeakageSafeEnsemble,1505.0,1581.7726559711355
SUV-A,7,2024-02-29,3,3,2024-05-31,LeakageSafeEnsemble,1488.9,1556.3836798107286
SUV-A,7,2024-02-29,6,1,2024-03-31,LastValue,1292.1,1632.1
SUV-A,7,2024-02-29,6,2,2024-04-30,LastValue,1505.0,1632.1
SUV-A,7,2024-02-29,6,3,2024-05-31,LastValue,1488.9,1632.1
SUV-A,7,2024-02-29,6,4,2024-06-30,LastValue,1141.0,1632.1
SUV-A,7,2024-02-29,6,5,2024-07-31,LastValue,1295.3,1632.1
SUV-A,7,2024-02-29,6,6,2024-08-31,LastValue,1291.0,1632.1
SUV-A,7,2024-02-29,6,1,2024-03-31,SeasonalNaive,1292.1,1729.4
SUV-A,7,2024-02-29,6,2,2024-04-30,SeasonalNaive,1505.0,1544.7
SUV-A,7,2024-02-29,6,3,2024-05-31,SeasonalNaive,1488.9,1403.1
SUV-A,7,2024-02-29,6,4,2024-06-30,SeasonalNaive,1141.0,1521.5
SUV-A,7,2024-02-29,6,5,2024-07-31,SeasonalNaive,1295.3,1793.4
SUV-A,7,2024-02-29,6,6,2024-08-31,SeasonalNaive,1291.0,895.0
SUV-A,7,2024-02-29,6,1,2024-03-31,MovingAverage6,1292.1,1498.2166666666665
SUV-A,7,2024-02-29,6,2,2024-04-30,MovingAverage6,1505.0,1498.2166666666665
SUV-A,7,2024-02-29,6,3,2024-05-31,MovingAverage6,1488.9,1498.2166666666665
SUV-A,7,2024-02-29,6,4,2024-06-30,MovingAverage6,1141.0,1498.2166666666665
SUV-A,7,2024-02-29,6,5,2024-07-31,MovingAverage6,1295.3,1498.2166666666665
SUV-A,7,2024-02-29,6,6,2024-08-31,MovingAverage6,1291.0,1498.2166666666665
SUV-A,7,2024-02-29,6,1,2024-03-31,XGBoost,1292.1,1684.1990966796875
SUV-A,7,2024-02-29,6,2,2024-04-30,XGBoost,1505.0,1628.0472412109375
SUV-A,7,2024-02-29,6,3,2024-05-31,XGBoost,1488.9,1631.494384765625
SUV-A,7,2024-02-29,6,4,2024-06-30,XGBoost,1141.0,1625.8955078125
SUV-A,7,2024-02-29,6,5,2024-07-31,XGBoost,1295.3,1602.968017578125
SUV-A,7,2024-02-29,6,6,2024-08-31,XGBoost,1291.0,1230.0594482421875
SUV-A,7,2024-02-29,6,1,2024-03-31,DeepAR,1292.1,1506.0660400390625
SUV-A,7,2024-02-29,6,2,2024-04-30,DeepAR,1505.0,1528.2852783203125
SUV-A,7,2024-02-29,6,3,2024-05-31,DeepAR,1488.9,1469.5654296875
SUV-A,7,2024-02-29,6,4,2024-06-30,DeepAR,1141.0,1480.8873291015625
SUV-A,7,2024-02-29,6,5,2024-07-31,DeepAR,1295.3,1440.2974853515625
SUV-A,7,2024-02-29,6,6,2024-08-31,DeepAR,1291.0,1534.393310546875
SUV-A,7,2024-02-29,6,1,2024-03-31,LeakageSafeEnsemble,1292.1,1601.5721048464727
SUV-A,7,2024-02-29,6,2,2024-04-30,LeakageSafeEnsemble,1505.0,1581.7726559711355
SUV-A,7,2024-02-29,6,3,2024-05-31,LeakageSafeEnsemble,1488.9,1556.3836798107286
SUV-A,7,2024-02-29,6,4,2024-06-30,LeakageSafeEnsemble,1141.0,1558.63350793115
SUV-A,7,2024-02-29,6,5,2024-07-31,LeakageSafeEnsemble,1295.3,1527.5133202360876
SUV-A,7,2024-02-29,6,6,2024-08-31,LeakageSafeEnsemble,1291.0,1371.224578011536
SUV-A,7,2024-02-29,12,1,2024-03-31,LastValue,1292.1,1632.1
SUV-A,7,2024-02-29,12,2,2024-04-30,LastValue,1505.0,1632.1
SUV-A,7,2024-02-29,12,3,2024-05-31,LastValue,1488.9,1632.1
SUV-A,7,2024-02-29,12,4,2024-06-30,LastValue,1141.0,1632.1
SUV-A,7,2024-02-29,12,5,2024-07-31,LastValue,1295.3,1632.1
SUV-A,7,2024-02-29,12,6,2024-08-31,LastValue,1291.0,1632.1
SUV-A,7,2024-02-29,12,7,2024-09-30,LastValue,1140.1,1632.1
SUV-A,7,2024-02-29,12,8,2024-10-31,LastValue,1109.1,1632.1
SUV-A,7,2024-02-29,12,9,2024-11-30,LastValue,1115.3,1632.1
SUV-A,7,2024-02-29,12,10,2024-12-31,LastValue,1901.0,1632.1
SUV-A,7,2024-02-29,12,11,2025-01-31,LastValue,1932.8,1632.1
SUV-A,7,2024-02-29,12,12,2025-02-28,LastValue,1976.7,1632.1
SUV-A,7,2024-02-29,12,1,2024-03-31,SeasonalNaive,1292.1,1729.4
SUV-A,7,2024-02-29,12,2,2024-04-30,SeasonalNaive,1505.0,1544.7
SUV-A,7,2024-02-29,12,3,2024-05-31,SeasonalNaive,1488.9,1403.1
SUV-A,7,2024-02-29,12,4,2024-06-30,SeasonalNaive,1141.0,1521.5
SUV-A,7,2024-02-29,12,5,2024-07-31,SeasonalNaive,1295.3,1793.4
SUV-A,7,2024-02-29,12,6,2024-08-31,SeasonalNaive,1291.0,895.0
SUV-A,7,2024-02-29,12,7,2024-09-30,SeasonalNaive,1140.1,1465.4
SUV-A,7,2024-02-29,12,8,2024-10-31,SeasonalNaive,1109.1,921.6
SUV-A,7,2024-02-29,12,9,2024-11-30,SeasonalNaive,1115.3,1447.6
SUV-A,7,2024-02-29,12,10,2024-12-31,SeasonalNaive,1901.0,1806.3
SUV-A,7,2024-02-29,12,11,2025-01-31,SeasonalNaive,1932.8,1716.3
SUV-A,7,2024-02-29,12,12,2025-02-28,SeasonalNaive,1976.7,1632.1
SUV-A,7,2024-02-29,12,1,2024-03-31,MovingAverage6,1292.1,1498.2166666666665
SUV-A,7,2024-02-29,12,2,2024-04-30,MovingAverage6,1505.0,1498.2166666666665
SUV-A,7,2024-02-29,12,3,2024-05-31,MovingAverage6,1488.9,1498.2166666666665
SUV-A,7,2024-02-29,12,4,2024-06-30,MovingAverage6,1141.0,1498.2166666666665
SUV-A,7,2024-02-29,12,5,2024-07-31,MovingAverage6,1295.3,1498.2166666666665
SUV-A,7,2024-02-29,12,6,2024-08-31,MovingAverage6,1291.0,1498.2166666666665
SUV-A,7,2024-02-29,12,7,2024-09-30,MovingAverage6,1140.1,1498.2166666666665
SUV-A,7,2024-02-29,12,8,2024-10-31,MovingAverage6,1109.1,1498.2166666666665
SUV-A,7,2024-02-29,12,9,2024-11-30,MovingAverage6,1115.3,1498.2166666666665
SUV-A,7,2024-02-29,12,10,2024-12-31,MovingAverage6,1901.0,1498.2166666666665
SUV-A,7,2024-02-29,12,11,2025-01-31,MovingAverage6,1932.8,1498.2166666666665
SUV-A,7,2024-02-29,12,12,2025-02-28,MovingAverage6,1976.7,1498.2166666666665
SUV-A,7,2024-02-29,12,1,2024-03-31,XGBoost,1292.1,1684.1990966796875
SUV-A,7,2024-02-29,12,2,2024-04-30,XGBoost,1505.0,1628.0472412109375
SUV-A,7,2024-02-29,12,3,2024-05-31,XGBoost,1488.9,1631.494384765625
SUV-A,7,2024-02-29,12,4,2024-06-30,XGBoost,1141.0,1625.8955078125
SUV-A,7,2024-02-29,12,5,2024-07-31,XGBoost,1295.3,1602.968017578125
SUV-A,7,2024-02-29,12,6,2024-08-31,XGBoost,1291.0,1230.0594482421875
SUV-A,7,2024-02-29,12,7,2024-09-30,XGBoost,1140.1,1207.25439453125
SUV-A,7,2024-02-29,12,8,2024-10-31,XGBoost,1109.1,1236.4417724609375
SUV-A,7,2024-02-29,12,9,2024-11-30,XGBoost,1115.3,1615.5360107421875
SUV-A,7,2024-02-29,12,10,2024-12-31,XGBoost,1901.0,1623.4588623046875
SUV-A,7,2024-02-29,12,11,2025-01-31,XGBoost,1932.8,1641.2918701171875
SUV-A,7,2024-02-29,12,12,2025-02-28,XGBoost,1976.7,1641.2918701171875
SUV-A,7,2024-02-29,12,1,2024-03-31,DeepAR,1292.1,1506.0660400390625
SUV-A,7,2024-02-29,12,2,2024-04-30,DeepAR,1505.0,1528.2852783203125
SUV-A,7,2024-02-29,12,3,2024-05-31,DeepAR,1488.9,1469.5654296875
SUV-A,7,2024-02-29,12,4,2024-06-30,DeepAR,1141.0,1480.8873291015625
SUV-A,7,2024-02-29,12,5,2024-07-31,DeepAR,1295.3,1440.2974853515625
SUV-A,7,2024-02-29,12,6,2024-08-31,DeepAR,1291.0,1534.393310546875
SUV-A,7,2024-02-29,12,7,2024-09-30,DeepAR,1140.1,1483.69287109375
SUV-A,7,2024-02-29,12,8,2024-10-31,DeepAR,1109.1,1499.457763671875
SUV-A,7,2024-02-29,12,9,2024-11-30,DeepAR,1115.3,1510.0040283203125
SUV-A,7,2024-02-29,12,10,2024-12-31,DeepAR,1901.0,1438.242919921875
SUV-A,7,2024-02-29,12,11,2025-01-31,DeepAR,1932.8,1485.9786376953125
SUV-A,7,2024-02-29,12,12,2025-02-28,DeepAR,1976.7,1516.860107421875
SUV-A,7,2024-02-29,12,1,2024-03-31,LeakageSafeEnsemble,1292.1,1601.5721048464727
SUV-A,7,2024-02-29,12,2,2024-04-30,LeakageSafeEnsemble,1505.0,1581.7726559711355
SUV-A,7,2024-02-29,12,3,2024-05-31,LeakageSafeEnsemble,1488.9,1556.3836798107286
SUV-A,7,2024-02-29,12,4,2024-06-30,LeakageSafeEnsemble,1141.0,1558.63350793115
SUV-A,7,2024-02-29,12,5,2024-07-31,LeakageSafeEnsemble,1295.3,1527.5133202360876
SUV-A,7,2024-02-29,12,6,2024-08-31,LeakageSafeEnsemble,1291.0,1371.224578011536
SUV-A,7,2024-02-29,12,7,2024-09-30,LeakageSafeEnsemble,1140.1,1335.4802677819685
SUV-A,7,2024-02-29,12,8,2024-10-31,LeakageSafeEnsemble,1109.1,1358.4416725643819
SUV-A,7,2024-02-29,12,9,2024-11-30,LeakageSafeEnsemble,1115.3,1566.5850186622
SUV-A,7,2024-02-29,12,10,2024-12-31,LeakageSafeEnsemble,1901.0,1537.5465168181524
SUV-A,7,2024-02-29,12,11,2025-01-31,LeakageSafeEnsemble,1932.8,1569.2498704251132
SUV-A,7,2024-02-29,12,12,2025-02-28,LeakageSafeEnsemble,1976.7,1583.574229607188
SUV-A,8,2024-05-31,3,1,2024-06-30,LastValue,1141.0,1488.9
SUV-A,8,2024-05-31,3,2,2024-07-31,LastValue,1295.3,1488.9
SUV-A,8,2024-05-31,3,3,2024-08-31,LastValue,1291.0,1488.9
SUV-A,8,2024-05-31,3,1,2024-06-30,SeasonalNaive,1141.0,1521.5
SUV-A,8,2024-05-31,3,2,2024-07-31,SeasonalNaive,1295.3,1793.4
SUV-A,8,2024-05-31,3,3,2024-08-31,SeasonalNaive,1291.0,895.0
SUV-A,8,2024-05-31,3,1,2024-06-30,MovingAverage6,1141.0,1573.4499999999998
SUV-A,8,2024-05-31,3,2,2024-07-31,MovingAverage6,1295.3,1573.4499999999998
SUV-A,8,2024-05-31,3,3,2024-08-31,MovingAverage6,1291.0,1573.4499999999998
SUV-A,8,2024-05-31,3,1,2024-06-30,XGBoost,1141.0,1514.391357421875
SUV-A,8,2024-05-31,3,2,2024-07-31,XGBoost,1295.3,1505.836181640625
SUV-A,8,2024-05-31,3,3,2024-08-31,XGBoost,1291.0,1297.2125244140625
SUV-A,8,2024-05-31,3,1,2024-06-30,DeepAR,1141.0,1520.8248291015625
SUV-A,8,2024-05-31,3,2,2024-07-31,DeepAR,1295.3,1541.399169921875
SUV-A,8,2024-05-31,3,3,2024-08-31,DeepAR,1291.0,1483.5618896484375
SUV-A,8,2024-05-31,3,1,2024-06-30,LeakageSafeEnsemble,1141.0,1517.383980019658
SUV-A,8,2024-05-31,3,2,2024-07-31,LeakageSafeEnsemble,1295.3,1522.3790728955628
SUV-A,8,2024-05-31,3,3,2024-08-31,LeakageSafeEnsemble,1291.0,1383.8968867473818
SUV-A,8,2024-05-31,6,1,2024-06-30,LastValue,1141.0,1488.9
SUV-A,8,2024-05-31,6,2,2024-07-31,LastValue,1295.3,1488.9
SUV-A,8,2024-05-31,6,3,2024-08-31,LastValue,1291.0,1488.9
SUV-A,8,2024-05-31,6,4,2024-09-30,LastValue,1140.1,1488.9
SUV-A,8,2024-05-31,6,5,2024-10-31,LastValue,1109.1,1488.9
SUV-A,8,2024-05-31,6,6,2024-11-30,LastValue,1115.3,1488.9
SUV-A,8,2024-05-31,6,1,2024-06-30,SeasonalNaive,1141.0,1521.5
SUV-A,8,2024-05-31,6,2,2024-07-31,SeasonalNaive,1295.3,1793.4
SUV-A,8,2024-05-31,6,3,2024-08-31,SeasonalNaive,1291.0,895.0
SUV-A,8,2024-05-31,6,4,2024-09-30,SeasonalNaive,1140.1,1465.4
SUV-A,8,2024-05-31,6,5,2024-10-31,SeasonalNaive,1109.1,921.6
SUV-A,8,2024-05-31,6,6,2024-11-30,SeasonalNaive,1115.3,1447.6
SUV-A,8,2024-05-31,6,1,2024-06-30,MovingAverage6,1141.0,1573.4499999999998
SUV-A,8,2024-05-31,6,2,2024-07-31,MovingAverage6,1295.3,1573.4499999999998
SUV-A,8,2024-05-31,6,3,2024-08-31,MovingAverage6,1291.0,1573.4499999999998
SUV-A,8,2024-05-31,6,4,2024-09-30,MovingAverage6,1140.1,1573.4499999999998
SUV-A,8,2024-05-31,6,5,2024-10-31,MovingAverage6,1109.1,1573.4499999999998
SUV-A,8,2024-05-31,6,6,2024-11-30,MovingAverage6,1115.3,1573.4499999999998
SUV-A,8,2024-05-31,6,1,2024-06-30,XGBoost,1141.0,1514.391357421875
SUV-A,8,2024-05-31,6,2,2024-07-31,XGBoost,1295.3,1505.836181640625
SUV-A,8,2024-05-31,6,3,2024-08-31,XGBoost,1291.0,1297.2125244140625
SUV-A,8,2024-05-31,6,4,2024-09-30,XGBoost,1140.1,1301.964599609375
SUV-A,8,2024-05-31,6,5,2024-10-31,XGBoost,1109.1,1302.3004150390625
SUV-A,8,2024-05-31,6,6,2024-11-30,XGBoost,1115.3,1520.5286865234375
SUV-A,8,2024-05-31,6,1,2024-06-30,DeepAR,1141.0,1520.8248291015625
SUV-A,8,2024-05-31,6,2,2024-07-31,DeepAR,1295.3,1541.399169921875
SUV-A,8,2024-05-31,6,3,2024-08-31,DeepAR,1291.0,1483.5618896484375
SUV-A,8,2024-05-31,6,4,2024-09-30,DeepAR,1140.1,1488.6768798828125
SUV-A,8,2024-05-31,6,5,2024-10-31,DeepAR,1109.1,1451.717041015625
SUV-A,8,2024-05-31,6,6,2024-11-30,DeepAR,1115.3,1544.6612548828125
SUV-A,8,2024-05-31,6,1,2024-06-30,LeakageSafeEnsemble,1141.0,1517.383980019658
SUV-A,8,2024-05-31,6,2,2024-07-31,LeakageSafeEnsemble,1295.3,1522.3790728955628
SUV-A,8,2024-05-31,6,3,2024-08-31,LeakageSafeEnsemble,1291.0,1383.8968867473818
SUV-A,8,2024-05-31,6,4,2024-09-30,LeakageSafeEnsemble,1140.1,1388.8177984694466
SUV-A,8,2024-05-31,6,5,2024-10-31,LeakageSafeEnsemble,1109.1,1371.8047067106004
SUV-A,8,2024-05-31,6,6,2024-11-30,LeakageSafeEnsemble,1115.3,1531.7544724679424
SUV-A,8,2024-05-31,12,1,2024-06-30,LastValue,1141.0,1488.9
SUV-A,8,2024-05-31,12,2,2024-07-31,LastValue,1295.3,1488.9
SUV-A,8,2024-05-31,12,3,2024-08-31,LastValue,1291.0,1488.9
SUV-A,8,2024-05-31,12,4,2024-09-30,LastValue,1140.1,1488.9
SUV-A,8,2024-05-31,12,5,2024-10-31,LastValue,1109.1,1488.9
SUV-A,8,2024-05-31,12,6,2024-11-30,LastValue,1115.3,1488.9
SUV-A,8,2024-05-31,12,7,2024-12-31,LastValue,1901.0,1488.9
SUV-A,8,2024-05-31,12,8,2025-01-31,LastValue,1932.8,1488.9
SUV-A,8,2024-05-31,12,9,2025-02-28,LastValue,1976.7,1488.9
SUV-A,8,2024-05-31,12,10,2025-03-31,LastValue,2222.8,1488.9
SUV-A,8,2024-05-31,12,11,2025-04-30,LastValue,1876.6,1488.9
SUV-A,8,2024-05-31,12,12,2025-05-31,LastValue,1805.4,1488.9
SUV-A,8,2024-05-31,12,1,2024-06-30,SeasonalNaive,1141.0,1521.5
SUV-A,8,2024-05-31,12,2,2024-07-31,SeasonalNaive,1295.3,1793.4
SUV-A,8,2024-05-31,12,3,2024-08-31,SeasonalNaive,1291.0,895.0
SUV-A,8,2024-05-31,12,4,2024-09-30,SeasonalNaive,1140.1,1465.4
SUV-A,8,2024-05-31,12,5,2024-10-31,SeasonalNaive,1109.1,921.6
SUV-A,8,2024-05-31,12,6,2024-11-30,SeasonalNaive,1115.3,1447.6
SUV-A,8,2024-05-31,12,7,2024-12-31,SeasonalNaive,1901.0,1806.3
SUV-A,8,2024-05-31,12,8,2025-01-31,SeasonalNaive,1932.8,1716.3
SUV-A,8,2024-05-31,12,9,2025-02-28,SeasonalNaive,1976.7,1632.1
SUV-A,8,2024-05-31,12,10,2025-03-31,SeasonalNaive,2222.8,1292.1
SUV-A,8,2024-05-31,12,11,2025-04-30,SeasonalNaive,1876.6,1505.0
SUV-A,8,2024-05-31,12,12,2025-05-31,SeasonalNaive,1805.4,1488.9
SUV-A,8,2024-05-31,12,1,2024-06-30,MovingAverage6,1141.0,1573.4499999999998
SUV-A,8,2024-05-31,12,2,2024-07-31,MovingAverage6,1295.3,1573.4499999999998
SUV-A,8,2024-05-31,12,3,2024-08-31,MovingAverage6,1291.0,1573.4499999999998
SUV-A,8,2024-05-31,12,4,2024-09-30,MovingAverage6,1140.1,1573.4499999999998
SUV-A,8,2024-05-31,12,5,2024-10-31,MovingAverage6,1109.1,1573.4499999999998
SUV-A,8,2024-05-31,12,6,2024-11-30,MovingAverage6,1115.3,1573.4499999999998
SUV-A,8,2024-05-31,12,7,2024-12-31,MovingAverage6,1901.0,1573.4499999999998
SUV-A,8,2024-05-31,12,8,2025-01-31,MovingAverage6,1932.8,1573.4499999999998
SUV-A,8,2024-05-31,12,9,2025-02-28,MovingAverage6,1976.7,1573.4499999999998
SUV-A,8,2024-05-31,12,10,2025-03-31,MovingAverage6,2222.8,1573.4499999999998
SUV-A,8,2024-05-31,12,11,2025-04-30,MovingAverage6,1876.6,1573.4499999999998
SUV-A,8,2024-05-31,12,12,2025-05-31,MovingAverage6,1805.4,1573.4499999999998
SUV-A,8,2024-05-31,12,1,2024-06-30,XGBoost,1141.0,1514.391357421875
SUV-A,8,2024-05-31,12,2,2024-07-31,XGBoost,1295.3,1505.836181640625
SUV-A,8,2024-05-31,12,3,2024-08-31,XGBoost,1291.0,1297.2125244140625
SUV-A,8,2024-05-31,12,4,2024-09-30,XGBoost,1140.1,1301.964599609375
SUV-A,8,2024-05-31,12,5,2024-10-31,XGBoost,1109.1,1302.3004150390625
SUV-A,8,2024-05-31,12,6,2024-11-30,XGBoost,1115.3,1520.5286865234375
SUV-A,8,2024-05-31,12,7,2024-12-31,XGBoost,1901.0,1538.9266357421875
SUV-A,8,2024-05-31,12,8,2025-01-31,XGBoost,1932.8,1531.3685302734375
SUV-A,8,2024-05-31,12,9,2025-02-28,XGBoost,1976.7,1536.735107421875
SUV-A,8,2024-05-31,12,10,2025-03-31,XGBoost,2222.8,1513.6572265625
SUV-A,8,2024-05-31,12,11,2025-04-30,XGBoost,1876.6,1519.7579345703125
SUV-A,8,2024-05-31,12,12,2025-05-31,XGBoost,1805.4,1514.391357421875
SUV-A,8,2024-05-31,12,1,2024-06-30,DeepAR,1141.0,1520.8248291015625
SUV-A,8,2024-05-31,12,2,2024-07-31,DeepAR,1295.3,1541.399169921875
SUV-A,8,2024-05-31,12,3,2024-08-31,DeepAR,1291.0,1483.5618896484375
SUV-A,8,2024-05-31,12,4,2024-09-30,DeepAR,1140.1,1488.6768798828125
SUV-A,8,2024-05-31,12,5,2024-10-31,DeepAR,1109.1,1451.717041015625
SUV-A,8,2024-05-31,12,6,2024-11-30,DeepAR,1115.3,1544.6612548828125
SUV-A,8,2024-05-31,12,7,2024-12-31,DeepAR,1901.0,1495.727783203125
SUV-A,8,2024-05-31,12,8,2025-01-31,DeepAR,1932.8,1517.1719970703125
SUV-A,8,2024-05-31,12,9,2025-02-28,DeepAR,1976.7,1527.8740234375
SUV-A,8,2024-05-31,12,10,2025-03-31,DeepAR,2222.8,1461.37939453125
SUV-A,8,2024-05-31,12,11,2025-04-30,DeepAR,1876.6,1501.7928466796875
SUV-A,8,2024-05-31,12,12,2025-05-31,DeepAR,1805.4,1530.3087158203125
SUV-A,8,2024-05-31,12,1,2024-06-30,LeakageSafeEnsemble,1141.0,1517.383980019658
SUV-A,8,2024-05-31,12,2,2024-07-31,LeakageSafeEnsemble,1295.3,1522.3790728955628
SUV-A,8,2024-05-31,12,3,2024-08-31,LeakageSafeEnsemble,1291.0,1383.8968867473818
SUV-A,8,2024-05-31,12,4,2024-09-30,LeakageSafeEnsemble,1140.1,1388.8177984694466
SUV-A,8,2024-05-31,12,5,2024-10-31,LeakageSafeEnsemble,1109.1,1371.8047067106004
SUV-A,8,2024-05-31,12,6,2024-11-30,LeakageSafeEnsemble,1115.3,1531.7544724679424
SUV-A,8,2024-05-31,12,7,2024-12-31,LeakageSafeEnsemble,1901.0,1518.83174632807
SUV-A,8,2024-05-31,12,8,2025-01-31,LeakageSafeEnsemble,1932.8,1524.7646823260866
SUV-A,8,2024-05-31,12,9,2025-02-28,LeakageSafeEnsemble,1976.7,1532.6131363257255
SUV-A,8,2024-05-31,12,10,2025-03-31,LeakageSafeEnsemble,2222.8,1489.3390293420366
SUV-A,8,2024-05-31,12,11,2025-04-30,LeakageSafeEnsemble,1876.6,1511.4010868118962
SUV-A,8,2024-05-31,12,12,2025-05-31,LeakageSafeEnsemble,1805.4,1521.7956121633013
SUV-B,1,2022-08-31,3,1,2022-09-30,LastValue,951.3,908.4
SUV-B,1,2022-08-31,3,2,2022-10-31,LastValue,1239.9,908.4
SUV-B,1,2022-08-31,3,3,2022-11-30,LastValue,1183.2,908.4
SUV-B,1,2022-08-31,3,1,2022-09-30,SeasonalNaive,951.3,1047.1
SUV-B,1,2022-08-31,3,2,2022-10-31,SeasonalNaive,1239.9,1088.7
SUV-B,1,2022-08-31,3,3,2022-11-30,SeasonalNaive,1183.2,466.0
SUV-B,1,2022-08-31,3,1,2022-09-30,MovingAverage6,951.3,1182.9666666666667
SUV-B,1,2022-08-31,3,2,2022-10-31,MovingAverage6,1239.9,1182.9666666666667
SUV-B,1,2022-08-31,3,3,2022-11-30,MovingAverage6,1183.2,1182.9666666666667
SUV-B,1,2022-08-31,3,1,2022-09-30,XGBoost,951.3,904.4415893554688
SUV-B,1,2022-08-31,3,2,2022-10-31,XGBoost,1239.9,938.6959228515625
SUV-B,1,2022-08-31,3,3,2022-11-30,XGBoost,1183.2,1032.816162109375
SUV-B,1,2022-08-31,3,1,2022-09-30,DeepAR,951.3,1028.6988525390625
SUV-B,1,2022-08-31,3,2,2022-10-31,DeepAR,1239.9,1047.08154296875
SUV-B,1,2022-08-31,3,3,2022-11-30,DeepAR,1183.2,1004.955078125
SUV-B,1,2022-08-31,3,1,2022-09-30,LeakageSafeEnsemble,951.3,966.5702209472656
SUV-B,1,2022-08-31,3,2,2022-10-31,LeakageSafeEnsemble,1239.9,992.8887329101562
SUV-B,1,2022-08-31,3,3,2022-11-30,LeakageSafeEnsemble,1183.2,1018.8856201171875
SUV-B,1,2022-08-31,6,1,2022-09-30,LastValue,951.3,908.4
SUV-B,1,2022-08-31,6,2,2022-10-31,LastValue,1239.9,908.4
SUV-B,1,2022-08-31,6,3,2022-11-30,LastValue,1183.2,908.4
SUV-B,1,2022-08-31,6,4,2022-12-31,LastValue,1323.0,908.4
SUV-B,1,2022-08-31,6,5,2023-01-31,LastValue,1277.9,908.4
SUV-B,1,2022-08-31,6,6,2023-02-28,LastValue,1605.0,908.4
SUV-B,1,2022-08-31,6,1,2022-09-30,SeasonalNaive,951.3,1047.1
SUV-B,1,2022-08-31,6,2,2022-10-31,SeasonalNaive,1239.9,1088.7
SUV-B,1,2022-08-31,6,3,2022-11-30,SeasonalNaive,1183.2,466.0
SUV-B,1,2022-08-31,6,4,2022-12-31,SeasonalNaive,1323.0,873.1
SUV-B,1,2022-08-31,6,5,2023-01-31,SeasonalNaive,1277.9,1413.8
SUV-B,1,2022-08-31,6,6,2023-02-28,SeasonalNaive,1605.0,1321.9
SUV-B,1,2022-08-31,6,1,2022-09-30,MovingAverage6,951.3,1182.9666666666667
SUV-B,1,2022-08-31,6,2,2022-10-31,MovingAverage6,1239.9,1182.9666666666667
SUV-B,1,2022-08-31,6,3,2022-11-30,MovingAverage6,1183.2,1182.9666666666667
SUV-B,1,2022-08-31,6,4,2022-12-31,MovingAverage6,1323.0,1182.9666666666667
SUV-B,1,2022-08-31,6,5,2023-01-31,MovingAverage6,1277.9,1182.9666666666667
SUV-B,1,2022-08-31,6,6,2023-02-28,MovingAverage6,1605.0,1182.9666666666667
SUV-B,1,2022-08-31,6,1,2022-09-30,XGBoost,951.3,904.4415893554688
SUV-B,1,2022-08-31,6,2,2022-10-31,XGBoost,1239.9,938.6959228515625
SUV-B,1,2022-08-31,6,3,2022-11-30,XGBoost,1183.2,1032.816162109375
SUV-B,1,2022-08-31,6,4,2022-12-31,XGBoost,1323.0,1027.5653076171875
SUV-B,1,2022-08-31,6,5,2023-01-31,XGBoost,1277.9,1037.572998046875
SUV-B,1,2022-08-31,6,6,2023-02-28,XGBoost,1605.0,987.7862548828125
SUV-B,1,2022-08-31,6,1,2022-09-30,DeepAR,951.3,1028.6988525390625
SUV-B,1,2022-08-31,6,2,2022-10-31,DeepAR,1239.9,1047.08154296875
SUV-B,1,2022-08-31,6,3,2022-11-30,DeepAR,1183.2,1004.955078125
SUV-B,1,2022-08-31,6,4,2022-12-31,DeepAR,1323.0,1012.4427490234375
SUV-B,1,2022-08-31,6,5,2023-01-31,DeepAR,1277.9,973.4452514648438
SUV-B,1,2022-08-31,6,6,2023-02-28,DeepAR,1605.0,1046.0926513671875
SUV-B,1,2022-08-31,6,1,2022-09-30,LeakageSafeEnsemble,951.3,966.5702209472656
SUV-B,1,2022-08-31,6,2,2022-10-31,LeakageSafeEnsemble,1239.9,992.8887329101562
SUV-B,1,2022-08-31,6,3,2022-11-30,LeakageSafeEnsemble,1183.2,1018.8856201171875
SUV-B,1,2022-08-31,6,4,2022-12-31,LeakageSafeEnsemble,1323.0,1020.0040283203125
SUV-B,1,2022-08-31,6,5,2023-01-31,LeakageSafeEnsemble,1277.9,1005.5091247558594
SUV-B,1,2022-08-31,6,6,2023-02-28,LeakageSafeEnsemble,1605.0,1016.939453125
SUV-B,1,2022-08-31,12,1,2022-09-30,LastValue,951.3,908.4
SUV-B,1,2022-08-31,12,2,2022-10-31,LastValue,1239.9,908.4
SUV-B,1,2022-08-31,12,3,2022-11-30,LastValue,1183.2,908.4
SUV-B,1,2022-08-31,12,4,2022-12-31,LastValue,1323.0,908.4
SUV-B,1,2022-08-31,12,5,2023-01-31,LastValue,1277.9,908.4
SUV-B,1,2022-08-31,12,6,2023-02-28,LastValue,1605.0,908.4
SUV-B,1,2022-08-31,12,7,2023-03-31,LastValue,1247.8,908.4
SUV-B,1,2022-08-31,12,8,2023-04-30,LastValue,1479.1,908.4
SUV-B,1,2022-08-31,12,9,2023-05-31,LastValue,1401.6,908.4
SUV-B,1,2022-08-31,12,10,2023-06-30,LastValue,995.1,908.4
SUV-B,1,2022-08-31,12,11,2023-07-31,LastValue,643.4,908.4
SUV-B,1,2022-08-31,12,12,2023-08-31,LastValue,1369.9,908.4
SUV-B,1,2022-08-31,12,1,2022-09-30,SeasonalNaive,951.3,1047.1
SUV-B,1,2022-08-31,12,2,2022-10-31,SeasonalNaive,1239.9,1088.7
SUV-B,1,2022-08-31,12,3,2022-11-30,SeasonalNaive,1183.2,466.0
SUV-B,1,2022-08-31,12,4,2022-12-31,SeasonalNaive,1323.0,873.1
SUV-B,1,2022-08-31,12,5,2023-01-31,SeasonalNaive,1277.9,1413.8
SUV-B,1,2022-08-31,12,6,2023-02-28,SeasonalNaive,1605.0,1321.9
SUV-B,1,2022-08-31,12,7,2023-03-31,SeasonalNaive,1247.8,1032.6
SUV-B,1,2022-08-31,12,8,2023-04-30,SeasonalNaive,1479.1,1264.2
SUV-B,1,2022-08-31,12,9,2023-05-31,SeasonalNaive,1401.6,1467.8
SUV-B,1,2022-08-31,12,10,2023-06-30,SeasonalNaive,995.1,1411.2
SUV-B,1,2022-08-31,12,11,2023-07-31,SeasonalNaive,643.4,1013.6
SUV-B,1,2022-08-31,12,12,2023-08-31,SeasonalNaive,1369.9,908.4
SUV-B,1,2022-08-31,12,1,2022-09-30,MovingAverage6,951.3,1182.9666666666667
SUV-B,1,2022-08-31,12,2,2022-10-31,MovingAverage6,1239.9,1182.9666666666667
SUV-B,1,2022-08-31,12,3,2022-11-30,MovingAverage6,1183.2,1182.9666666666667
SUV-B,1,2022-08-31,12,4,2022-12-31,MovingAverage6,1323.0,1182.9666666666667
SUV-B,1,2022-08-31,12,5,2023-01-31,MovingAverage6,1277.9,1182.9666666666667
SUV-B,1,2022-08-31,12,6,2023-02-28,MovingAverage6,1605.0,1182.9666666666667
SUV-B,1,2022-08-31,12,7,2023-03-31,MovingAverage6,1247.8,1182.9666666666667
SUV-B,1,2022-08-31,12,8,2023-04-30,MovingAverage6,1479.1,1182.9666666666667
SUV-B,1,2022-08-31,12,9,2023-05-31,MovingAverage6,1401.6,1182.9666666666667
SUV-B,1,2022-08-31,12,10,2023-06-30,MovingAverage6,995.1,1182.9666666666667
SUV-B,1,2022-08-31,12,11,2023-07-31,MovingAverage6,643.4,1182.9666666666667
SUV-B,1,2022-08-31,12,12,2023-08-31,MovingAverage6,1369.9,1182.9666666666667
SUV-B,1,2022-08-31,12,1,2022-09-30,XGBoost,951.3,904.4415893554688
SUV-B,1,2022-08-31,12,2,2022-10-31,XGBoost,1239.9,938.6959228515625
SUV-B,1,2022-08-31,12,3,2022-11-30,XGBoost,1183.2,1032.816162109375
SUV-B,1,2022-08-31,12,4,2022-12-31,XGBoost,1323.0,1027.5653076171875
SUV-B,1,2022-08-31,12,5,2023-01-31,XGBoost,1277.9,1037.572998046875
SUV-B,1,2022-08-31,12,6,2023-02-28,XGBoost,1605.0,987.7862548828125
SUV-B,1,2022-08-31,12,7,2023-03-31,XGBoost,1247.8,970.1716918945312
SUV-B,1,2022-08-31,12,8,2023-04-30,XGBoost,1479.1,960.3069458007812
SUV-B,1,2022-08-31,12,9,2023-05-31,XGBoost,1401.6,965.2437133789062
SUV-B,1,2022-08-31,12,10,2023-06-30,XGBoost,995.1,1013.4694213867188
SUV-B,1,2022-08-31,12,11,2023-07-31,XGBoost,643.4,960.4868774414062
SUV-B,1,2022-08-31,12,12,2023-08-31,XGBoost,1369.9,904.4415893554688
SUV-B,1,2022-08-31,12,1,2022-09-30,DeepAR,951.3,1028.6988525390625
SUV-B,1,2022-08-31,12,2,2022-10-31,DeepAR,1239.9,1047.08154296875
SUV-B,1,2022-08-31,12,3,2022-11-30,DeepAR,1183.2,1004.955078125
SUV-B,1,2022-08-31,12,4,2022-12-31,DeepAR,1323.0,1012.4427490234375
SUV-B,1,2022-08-31,12,5,2023-01-31,DeepAR,1277.9,973.4452514648438
SUV-B,1,2022-08-31,12,6,2023-02-28,DeepAR,1605.0,1046.0926513671875
SUV-B,1,2022-08-31,12,7,2023-03-31,DeepAR,1247.8,1009.0062255859375
SUV-B,1,2022-08-31,12,8,2023-04-30,DeepAR,1479.1,1022.2890625
SUV-B,1,2022-08-31,12,9,2023-05-31,DeepAR,1401.6,1032.97509765625
SUV-B,1,2022-08-31,12,10,2023-06-30,DeepAR,995.1,982.6235961914062
SUV-B,1,2022-08-31,12,11,2023-07-31,DeepAR,643.4,1013.8944702148438
SUV-B,1,2022-08-31,12,12,2023-08-31,DeepAR,1369.9,1038.4423828125
SUV-B,1,2022-08-31,12,1,2022-09-30,LeakageSafeEnsemble,951.3,966.5702209472656
SUV-B,1,2022-08-31,12,2,2022-10-31,LeakageSafeEnsemble,1239.9,992.8887329101562
SUV-B,1,2022-08-31,12,3,2022-11-30,LeakageSafeEnsemble,1183.2,1018.8856201171875
SUV-B,1,2022-08-31,12,4,2022-12-31,LeakageSafeEnsemble,1323.0,1020.0040283203125
SUV-B,1,2022-08-31,12,5,2023-01-31,LeakageSafeEnsemble,1277.9,1005.5091247558594
SUV-B,1,2022-08-31,12,6,2023-02-28,LeakageSafeEnsemble,1605.0,1016.939453125
SUV-B,1,2022-08-31,12,7,2023-03-31,LeakageSafeEnsemble,1247.8,989.5889587402344
SUV-B,1,2022-08-31,12,8,2023-04-30,LeakageSafeEnsemble,1479.1,991.2980041503906
SUV-B,1,2022-08-31,12,9,2023-05-31,LeakageSafeEnsemble,1401.6,999.1094055175781
SUV-B,1,2022-08-31,12,10,2023-06-30,LeakageSafeEnsemble,995.1,998.0465087890625
SUV-B,1,2022-08-31,12,11,2023-07-31,LeakageSafeEnsemble,643.4,987.190673828125
SUV-B,1,2022-08-31,12,12,2023-08-31,LeakageSafeEnsemble,1369.9,971.4419860839844
SUV-B,2,2022-11-30,3,1,2022-12-31,LastValue,1323.0,1183.2
SUV-B,2,2022-11-30,3,2,2023-01-31,LastValue,1277.9,1183.2
SUV-B,2,2022-11-30,3,3,2023-02-28,LastValue,1605.0,1183.2
SUV-B,2,2022-11-30,3,1,2022-12-31,SeasonalNaive,1323.0,873.1
SUV-B,2,2022-11-30,3,2,2023-01-31,SeasonalNaive,1277.9,1413.8
SUV-B,2,2022-11-30,3,3,2023-02-28,SeasonalNaive,1605.0,1321.9
SUV-B,2,2022-11-30,3,1,2022-12-31,MovingAverage6,1323.0,1117.9333333333332
SUV-B,2,2022-11-30,3,2,2023-01-31,MovingAverage6,1277.9,1117.9333333333332
SUV-B,2,2022-11-30,3,3,2023-02-28,MovingAverage6,1605.0,1117.9333333333332
SUV-B,2,2022-11-30,3,1,2022-12-31,XGBoost,1323.0,1170.154296875
SUV-B,2,2022-11-30,3,2,2023-01-31,XGBoost,1277.9,1179.8115234375
SUV-B,2,2022-11-30,3,3,2023-02-28,XGBoost,1605.0,1127.22802734375
SUV-B,2,2022-11-30,3,1,2022-12-31,DeepAR,1323.0,1056.2230224609375
SUV-B,2,2022-11-30,3,2,2023-01-31,DeepAR,1277.9,1067.8885498046875
SUV-B,2,2022-11-30,3,3,2023-02-28,DeepAR,1605.0,1017.512451171875
SUV-B,2,2022-11-30,3,1,2022-12-31,LeakageSafeEnsemble,1323.0,1110.9049884961837
SUV-B,2,2022-11-30,3,2,2023-01-31,LeakageSafeEnsemble,1277.9,1121.6066506713723
SUV-B,2,2022-11-30,3,3,2023-02-28,LeakageSafeEnsemble,1605.0,1070.1710531425183
SUV-B,2,2022-11-30,6,1,2022-12-31,LastValue,1323.0,1183.2
SUV-B,2,2022-11-30,6,2,2023-01-31,LastValue,1277.9,1183.2
SUV-B,2,2022-11-30,6,3,2023-02-28,LastValue,1605.0,1183.2
SUV-B,2,2022-11-30,6,4,2023-03-31,LastValue,1247.8,1183.2
SUV-B,2,2022-11-30,6,5,2023-04-30,LastValue,1479.1,1183.2
SUV-B,2,2022-11-30,6,6,2023-05-31,LastValue,1401.6,1183.2
SUV-B,2,2022-11-30,6,1,2022-12-31,SeasonalNaive,1323.0,873.1
SUV-B,2,2022-11-30,6,2,2023-01-31,SeasonalNaive,1277.9,1413.8
SUV-B,2,2022-11-30,6,3,2023-02-28,SeasonalNaive,1605.0,1321.9
SUV-B,2,2022-11-30,6,4,2023-03-31,SeasonalNaive,1247.8,1032.6
SUV-B,2,2022-11-30,6,5,2023-04-30,SeasonalNaive,1479.1,1264.2
SUV-B,2,2022-11-30,6,6,2023-05-31,SeasonalNaive,1401.6,1467.8
SUV-B,2,2022-11-30,6,1,2022-12-31,MovingAverage6,1323.0,1117.9333333333332
SUV-B,2,2022-11-30,6,2,2023-01-31,MovingAverage6,1277.9,1117.9333333333332
SUV-B,2,2022-11-30,6,3,2023-02-28,MovingAverage6,1605.0,1117.9333333333332
SUV-B,2,2022-11-30,6,4,2023-03-31,MovingAverage6,1247.8,1117.9333333333332
SUV-B,2,2022-11-30,6,5,2023-04-30,MovingAverage6,1479.1,1117.9333333333332
SUV-B,2,2022-11-30,6,6,2023-05-31,MovingAverage6,1401.6,1117.9333333333332
SUV-B,2,2022-11-30,6,1,2022-12-31,XGBoost,1323.0,1170.154296875
SUV-B,2,2022-11-30,6,2,2023-01-31,XGBoost,1277.9,1179.8115234375
SUV-B,2,2022-11-30,6,3,2023-02-28,XGBoost,1605.0,1127.22802734375
SUV-B,2,2022-11-30,6,4,2023-03-31,XGBoost,1247.8,1114.736572265625
SUV-B,2,2022-11-30,6,5,2023-04-30,XGBoost,1479.1,1104.573486328125
SUV-B,2,2022-11-30,6,6,2023-05-31,XGBoost,1401.6,1112.0660400390625
SUV-B,2,2022-11-30,6,1,2022-12-31,DeepAR,1323.0,1056.2230224609375
SUV-B,2,2022-11-30,6,2,2023-01-31,DeepAR,1277.9,1067.8885498046875
SUV-B,2,2022-11-30,6,3,2023-02-28,DeepAR,1605.0,1017.512451171875
SUV-B,2,2022-11-30,6,4,2023-03-31,DeepAR,1247.8,1025.87158203125
SUV-B,2,2022-11-30,6,5,2023-04-30,DeepAR,1479.1,995.7716674804688
SUV-B,2,2022-11-30,6,6,2023-05-31,DeepAR,1401.6,1074.3028564453125
SUV-B,2,2022-11-30,6,1,2022-12-31,LeakageSafeEnsemble,1323.0,1110.9049884961837
SUV-B,2,2022-11-30,6,2,2023-01-31,LeakageSafeEnsemble,1277.9,1121.6066506713723
SUV-B,2,2022-11-30,6,3,2023-02-28,LeakageSafeEnsemble,1605.0,1070.1710531425183
SUV-B,2,2022-11-30,6,4,2023-03-31,LeakageSafeEnsemble,1247.8,1068.5228714730547
SUV-B,2,2022-11-30,6,5,2023-04-30,LeakageSafeEnsemble,1479.1,1047.9917128661853
SUV-B,2,2022-11-30,6,6,2023-05-31,LeakageSafeEnsemble,1401.6,1092.4275429402953
SUV-B,2,2022-11-30,12,1,2022-12-31,LastValue,1323.0,1183.2
SUV-B,2,2022-11-30,12,2,2023-01-31,LastValue,1277.9,1183.2
SUV-B,2,2022-11-30,12,3,2023-02-28,LastValue,1605.0,1183.2
SUV-B,2,2022-11-30,12,4,2023-03-31,LastValue,1247.8,1183.2
SUV-B,2,2022-11-30,12,5,2023-04-30,LastValue,1479.1,1183.2
SUV-B,2,2022-11-30,12,6,2023-05-31,LastValue,1401.6,1183.2
SUV-B,2,2022-11-30,12,7,2023-06-30,LastValue,995.1,1183.2
SUV-B,2,2022-11-30,12,8,2023-07-31,LastValue,643.4,1183.2
SUV-B,2,2022-11-30,12,9,2023-08-31,LastValue,1369.9,1183.2
SUV-B,2,2022-11-30,12,10,2023-09-30,LastValue,1082.5,1183.2
SUV-B,2,2022-11-30,12,11,2023-10-31,LastValue,687.3,1183.2
SUV-B,2,2022-11-30,12,12,2023-11-30,LastValue,936.1,1183.2
SUV-B,2,2022-11-30,12,1,2022-12-31,SeasonalNaive,1323.0,873.1
SUV-B,2,2022-11-30,12,2,2023-01-31,SeasonalNaive,1277.9,1413.8
SUV-B,2,2022-11-30,12,3,2023-02-28,SeasonalNaive,1605.0,1321.9
SUV-B,2,2022-11-30,12,4,2023-03-31,SeasonalNaive,1247.8,1032.6
SUV-B,2,2022-11-30,12,5,2023-04-30,SeasonalNaive,1479.1,1264.2
SUV-B,2,2022-11-30,12,6,2023-05-31,SeasonalNaive,1401.6,1467.8
SUV-B,2,2022-11-30,12,7,2023-06-30,SeasonalNaive,995.1,1411.2
SUV-B,2,2022-11-30,12,8,2023-07-31,SeasonalNaive,643.4,1013.6
SUV-B,2,2022-11-30,12,9,2023-08-31,SeasonalNaive,1369.9,908.4
SUV-B,2,2022-11-30,12,10,2023-09-30,SeasonalNaive,1082.5,951.3
SUV-B,2,2022-11-30,12,11,2023-10-31,SeasonalNaive,687.3,1239.9
SUV-B,2,2022-11-30,12,12,2023-11-30,SeasonalNaive,936.1,1183.2
SUV-B,2,2022-11-30,12,1,2022-12-31,MovingAverage6,1323.0,1117.9333333333332
SUV-B,2,2022-11-30,12,2,2023-01-31,MovingAverage6,1277.9,1117.9333333333332
SUV-B,2,2022-11-30,12,3,2023-02-28,MovingAverage6,1605.0,1117.9333333333332
SUV-B,2,2022-11-30,12,4,2023-03-31,MovingAverage6,1247.8,1117.9333333333332
SUV-B,2,2022-11-30,12,5,2023-04-30,MovingAverage6,1479.1,1117.9333333333332
SUV-B,2,2022-11-30,12,6,2023-05-31,MovingAverage6,1401.6,1117.9333333333332
SUV-B,2,2022-11-30,12,7,2023-06-30,MovingAverage6,995.1,1117.9333333333332
SUV-B,2,2022-11-30,12,8,2023-07-31,MovingAverage6,643.4,1117.9333333333332
SUV-B,2,2022-11-30,12,9,2023-08-31,MovingAverage6,1369.9,1117.9333333333332
SUV-B,2,2022-11-30,12,10,2023-09-30,MovingAverage6,1082.5,1117.9333333333332
SUV-B,2,2022-11-30,12,11,2023-10-31,MovingAverage6,687.3,1117.9333333333332
SUV-B,2,2022-11-30,12,12,2023-11-30,MovingAverage6,936.1,1117.9333333333332
SUV-B,2,2022-11-30,12,1,2022-12-31,XGBoost,1323.0,1170.154296875
SUV-B,2,2022-11-30,12,2,2023-01-31,XGBoost,1277.9,1179.8115234375
SUV-B,2,2022-11-30,12,3,2023-02-28,XGBoost,1605.0,1127.22802734375
SUV-B,2,2022-11-30,12,4,2023-03-31,XGBoost,1247.8,1114.736572265625
SUV-B,2,2022-11-30,12,5,2023-04-30,XGBoost,1479.1,1104.573486328125
SUV-B,2,2022-11-30,12,6,2023-05-31,XGBoost,1401.6,1112.0660400390625
SUV-B,2,2022-11-30,12,7,2023-06-30,XGBoost,995.1,1157.351806640625
SUV-B,2,2022-11-30,12,8,2023-07-31,XGBoost,643.4,1110.8414306640625
SUV-B,2,2022-11-30,12,9,2023-08-31,XGBoost,1369.9,1116.0609130859375
SUV-B,2,2022-11-30,12,10,2023-09-30,XGBoost,1082.5,1100.934326171875
SUV-B,2,2022-11-30,12,11,2023-10-31,XGBoost,687.3,1154.904052734375
SUV-B,2,2022-11-30,12,12,2023-11-30,XGBoost,936.1,1179.8892822265625
SUV-B,2,2022-11-30,12,1,2022-12-31,DeepAR,1323.0,1056.2230224609375
SUV-B,2,2022-11-30,12,2,2023-01-31,DeepAR,1277.9,1067.8885498046875
SUV-B,2,2022-11-30,12,3,2023-02-28,DeepAR,1605.0,1017.512451171875
SUV-B,2,2022-11-30,12,4,2023-03-31,DeepAR,1247.8,1025.87158203125
SUV-B,2,2022-11-30,12,5,2023-04-30,DeepAR,1479.1,995.7716674804688
SUV-B,2,2022-11-30,12,6,2023-05-31,DeepAR,1401.6,1074.3028564453125
SUV-B,2,2022-11-30,12,7,2023-06-30,DeepAR,995.1,1038.915283203125
SUV-B,2,2022-11-30,12,8,2023-07-31,DeepAR,643.4,1049.765869140625
SUV-B,2,2022-11-30,12,9,2023-08-31,DeepAR,1369.9,1057.4801025390625
SUV-B,2,2022-11-30,12,10,2023-09-30,DeepAR,1082.5,1005.6077880859375
SUV-B,2,2022-11-30,12,11,2023-10-31,DeepAR,687.3,1038.682373046875
SUV-B,2,2022-11-30,12,12,2023-11-30,DeepAR,936.1,1062.559326171875
SUV-B,2,2022-11-30,12,1,2022-12-31,LeakageSafeEnsemble,1323.0,1110.9049884961837
SUV-B,2,2022-11-30,12,2,2023-01-31,LeakageSafeEnsemble,1277.9,1121.6066506713723
SUV-B,2,2022-11-30,12,3,2023-02-28,LeakageSafeEnsemble,1605.0,1070.1710531425183
SUV-B,2,2022-11-30,12,4,2023-03-31,LeakageSafeEnsemble,1247.8,1068.5228714730547
SUV-B,2,2022-11-30,12,5,2023-04-30,LeakageSafeEnsemble,1479.1,1047.9917128661853
SUV-B,2,2022-11-30,12,6,2023-05-31,LeakageSafeEnsemble,1401.6,1092.4275429402953
SUV-B,2,2022-11-30,12,7,2023-06-30,LeakageSafeEnsemble,995.1,1095.759543475855
SUV-B,2,2022-11-30,12,8,2023-07-31,LeakageSafeEnsemble,643.4,1079.0794532145026
SUV-B,2,2022-11-30,12,9,2023-08-31,LeakageSafeEnsemble,1369.9,1085.596323521879
SUV-B,2,2022-11-30,12,10,2023-09-30,LeakageSafeEnsemble,1082.5,1051.3602885690993
SUV-B,2,2022-11-30,12,11,2023-10-31,LeakageSafeEnsemble,687.3,1094.4636151817422
SUV-B,2,2022-11-30,12,12,2023-11-30,LeakageSafeEnsemble,936.1,1118.8725106078655
SUV-B,3,2023-02-28,3,1,2023-03-31,LastValue,1247.8,1605.0
SUV-B,3,2023-02-28,3,2,2023-04-30,LastValue,1479.1,1605.0
SUV-B,3,2023-02-28,3,3,2023-05-31,LastValue,1401.6,1605.0
SUV-B,3,2023-02-28,3,1,2023-03-31,SeasonalNaive,1247.8,1032.6
SUV-B,3,2023-02-28,3,2,2023-04-30,SeasonalNaive,1479.1,1264.2
SUV-B,3,2023-02-28,3,3,2023-05-31,SeasonalNaive,1401.6,1467.8
SUV-B,3,2023-02-28,3,1,2023-03-31,MovingAverage6,1247.8,1263.3833333333332
SUV-B,3,2023-02-28,3,2,2023-04-30,MovingAverage6,1479.1,1263.3833333333332
SUV-B,3,2023-02-28,3,3,2023-05-31,MovingAverage6,1401.6,1263.3833333333332
SUV-B,3,2023-02-28,3,1,2023-03-31,XGBoost,1247.8,1356.6651611328125
SUV-B,3,2023-02-28,3,2,2023-04-30,XGBoost,1479.1,1509.0389404296875
SUV-B,3,2023-02-28,3,3,2023-05-31,XGBoost,1401.6,1508.50146484375
SUV-B,3,2023-02-28,3,1,2023-03-31,DeepAR,1247.8,1076.880126953125
SUV-B,3,2023-02-28,3,2,2023-04-30,DeepAR,1479.1,1094.723388671875
SUV-B,3,2023-02-28,3,3,2023-05-31,DeepAR,1401.6,1048.712158203125
SUV-B,3,2023-02-28,3,1,2023-03-31,LeakageSafeEnsemble,1247.8,1216.6792905339407
SUV-B,3,2023-02-28,3,2,2023-04-30,LeakageSafeEnsemble,1479.1,1301.7429818890346
SUV-B,3,2023-02-28,3,3,2023-05-31,LeakageSafeEnsemble,1401.6,1278.4534636903645
SUV-B,3,2023-02-28,6,1,2023-03-31,LastValue,1247.8,1605.0
SUV-B,3,2023-02-28,6,2,2023-04-30,LastValue,1479.1,1605.0
SUV-B,3,2023-02-28,6,3,2023-05-31,LastValue,1401.6,1605.0
SUV-B,3,2023-02-28,6,4,2023-06-30,LastValue,995.1,1605.0
SUV-B,3,2023-02-28,6,5,2023-07-31,LastValue,643.4,1605.0
SUV-B,3,2023-02-28,6,6,2023-08-31,LastValue,1369.9,1605.0
SUV-B,3,2023-02-28,6,1,2023-03-31,SeasonalNaive,1247.8,1032.6
SUV-B,3,2023-02-28,6,2,2023-04-30,SeasonalNaive,1479.1,1264.2
SUV-B,3,2023-02-28,6,3,2023-05-31,SeasonalNaive,1401.6,1467.8
SUV-B,3,2023-02-28,6,4,2023-06-30,SeasonalNaive,995.1,1411.2
SUV-B,3,2023-02-28,6,5,2023-07-31,SeasonalNaive,643.4,1013.6
SUV-B,3,2023-02-28,6,6,2023-08-31,SeasonalNaive,1369.9,908.4
SUV-B,3,2023-02-28,6,1,2023-03-31,MovingAverage6,1247.8,1263.3833333333332
SUV-B,3,2023-02-28,6,2,2023-04-30,MovingAverage6,1479.1,1263.3833333333332
SUV-B,3,2023-02-28,6,3,2023-05-31,MovingAverage6,1401.6,1263.3833333333332
SUV-B,3,2023-02-28,6,4,2023-06-30,MovingAverage6,995.1,1263.3833333333332
SUV-B,3,2023-02-28,6,5,2023-07-31,MovingAverage6,643.4,1263.3833333333332
SUV-B,3,2023-02-28,6,6,2023-08-31,MovingAverage6,1369.9,1263.3833333333332
SUV-B,3,2023-02-28,6,1,2023-03-31,XGBoost,1247.8,1356.6651611328125
SUV-B,3,2023-02-28,6,2,2023-04-30,XGBoost,1479.1,1509.0389404296875
SUV-B,3,2023-02-28,6,3,2023-05-31,XGBoost,1401.6,1508.50146484375
SUV-B,3,2023-02-28,6,4,2023-06-30,XGBoost,995.1,1528.386474609375
SUV-B,3,2023-02-28,6,5,2023-07-31,XGBoost,643.4,1450.0059814453125
SUV-B,3,2023-02-28,6,6,2023-08-31,XGBoost,1369.9,1384.88623046875
SUV-B,3,2023-02-28,6,1,2023-03-31,DeepAR,1247.8,1076.880126953125
SUV-B,3,2023-02-28,6,2,2023-04-30,DeepAR,1479.1,1094.723388671875
SUV-B,3,2023-02-28,6,3,2023-05-31,DeepAR,1401.6,1048.712158203125
SUV-B,3,2023-02-28,6,4,2023-06-30,DeepAR,995.1,1058.3602294921875
SUV-B,3,2023-02-28,6,5,2023-07-31,DeepAR,643.4,1028.762939453125
SUV-B,3,2023-02-28,6,6,2023-08-31,DeepAR,1369.9,1105.8660888671875
SUV-B,3,2023-02-28,6,1,2023-03-31,LeakageSafeEnsemble,1247.8,1216.6792905339407
SUV-B,3,2023-02-28,6,2,2023-04-30,LeakageSafeEnsemble,1479.1,1301.7429818890346
SUV-B,3,2023-02-28,6,3,2023-05-31,LeakageSafeEnsemble,1401.6,1278.4534636903645
SUV-B,3,2023-02-28,6,4,2023-06-30,LeakageSafeEnsemble,995.1,1293.2165697579564
SUV-B,3,2023-02-28,6,5,2023-07-31,LeakageSafeEnsemble,643.4,1239.2439282354028
SUV-B,3,2023-02-28,6,6,2023-08-31,LeakageSafeEnsemble,1369.9,1245.2830757878942
SUV-B,3,2023-02-28,12,1,2023-03-31,LastValue,1247.8,1605.0
SUV-B,3,2023-02-28,12,2,2023-04-30,LastValue,1479.1,1605.0
SUV-B,3,2023-02-28,12,3,2023-05-31,LastValue,1401.6,1605.0
SUV-B,3,2023-02-28,12,4,2023-06-30,LastValue,995.1,1605.0
SUV-B,3,2023-02-28,12,5,2023-07-31,LastValue,643.4,1605.0
SUV-B,3,2023-02-28,12,6,2023-08-31,LastValue,1369.9,1605.0
SUV-B,3,2023-02-28,12,7,2023-09-30,LastValue,1082.5,1605.0
SUV-B,3,2023-02-28,12,8,2023-10-31,LastValue,687.3,1605.0
SUV-B,3,2023-02-28,12,9,2023-11-30,LastValue,936.1,1605.0
SUV-B,3,2023-02-28,12,10,2023-12-31,LastValue,1323.0,1605.0
SUV-B,3,2023-02-28,12,11,2024-01-31,LastValue,1205.4,1605.0
SUV-B,3,2023-02-28,12,12,2024-02-29,LastValue,1143.5,1605.0
SUV-B,3,2023-02-28,12,1,2023-03-31,SeasonalNaive,1247.8,1032.6
SUV-B,3,2023-02-28,12,2,2023-04-30,SeasonalNaive,1479.1,1264.2
SUV-B,3,2023-02-28,12,3,2023-05-31,SeasonalNaive,1401.6,1467.8
SUV-B,3,2023-02-28,12,4,2023-06-30,SeasonalNaive,995.1,1411.2
SUV-B,3,2023-02-28,12,5,2023-07-31,SeasonalNaive,643.4,1013.6
SUV-B,3,2023-02-28,12,6,2023-08-31,SeasonalNaive,1369.9,908.4
SUV-B,3,2023-02-28,12,7,2023-09-30,SeasonalNaive,1082.5,951.3
SUV-B,3,2023-02-28,12,8,2023-10-31,SeasonalNaive,687.3,1239.9
SUV-B,3,2023-02-28,12,9,2023-11-30,SeasonalNaive,936.1,1183.2
SUV-B,3,2023-02-28,12,10,2023-12-31,SeasonalNaive,1323.0,1323.0
SUV-B,3,2023-02-28,12,11,2024-01-31,SeasonalNaive,1205.4,1277.9
SUV-B,3,2023-02-28,12,12,2024-02-29,SeasonalNaive,1143.5,1605.0
SUV-B,3,2023-02-28,12,1,2023-03-31,MovingAverage6,1247.8,1263.3833333333332
SUV-B,3,2023-02-28,12,2,2023-04-30,MovingAverage6,1479.1,1263.3833333333332
SUV-B,3,2023-02-28,12,3,2023-05-31,MovingAverage6,1401.6,1263.3833333333332
SUV-B,3,2023-02-28,12,4,2023-06-30,MovingAverage6,995.1,1263.3833333333332
SUV-B,3,2023-02-28,12,5,2023-07-31,MovingAverage6,643.4,1263.3833333333332
SUV-B,3,2023-02-28,12,6,2023-08-31,MovingAverage6,1369.9,1263.3833333333332
SUV-B,3,2023-02-28,12,7,2023-09-30,MovingAverage6,1082.5,1263.3833333333332
SUV-B,3,2023-02-28,12,8,2023-10-31,MovingAverage6,687.3,1263.3833333333332
SUV-B,3,2023-02-28,12,9,2023-11-30,MovingAverage6,936.1,1263.3833333333332
SUV-B,3,2023-02-28,12,10,2023-12-31,MovingAverage6,1323.0,1263.3833333333332
SUV-B,3,2023-02-28,12,11,2024-01-31,MovingAverage6,1205.4,1263.3833333333332
SUV-B,3,2023-02-28,12,12,2024-02-29,MovingAverage6,1143.5,1263.3833333333332
SUV-B,3,2023-02-28,12,1,2023-03-31,XGBoost,1247.8,1356.6651611328125
SUV-B,3,2023-02-28,12,2,2023-04-30,XGBoost,1479.1,1509.0389404296875
SUV-B,3,2023-02-28,12,3,2023-05-31,XGBoost,1401.6,1508.50146484375
SUV-B,3,2023-02-28,12,4,2023-06-30,XGBoost,995.1,1528.386474609375
SUV-B,3,2023-02-28,12,5,2023-07-31,XGBoost,643.4,1450.0059814453125
SUV-B,3,2023-02-28,12,6,2023-08-31,XGBoost,1369.9,1384.88623046875
SUV-B,3,2023-02-28,12,7,2023-09-30,XGBoost,1082.5,1388.638916015625
SUV-B,3,2023-02-28,12,8,2023-10-31,XGBoost,687.3,1458.2808837890625
SUV-B,3,2023-02-28,12,9,2023-11-30,XGBoost,936.1,1537.4178466796875
SUV-B,3,2023-02-28,12,10,2023-12-31,XGBoost,1323.0,1578.5224609375
SUV-B,3,2023-02-28,12,11,2024-01-31,XGBoost,1205.4,1581.2918701171875
SUV-B,3,2023-02-28,12,12,2024-02-29,XGBoost,1143.5,1555.7501220703125
SUV-B,3,2023-02-28,12,1,2023-03-31,DeepAR,1247.8,1076.880126953125
SUV-B,3,2023-02-28,12,2,2023-04-30,DeepAR,1479.1,1094.723388671875
SUV-B,3,2023-02-28,12,3,2023-05-31,DeepAR,1401.6,1048.712158203125
SUV-B,3,2023-02-28,12,4,2023-06-30,DeepAR,995.1,1058.3602294921875
SUV-B,3,2023-02-28,12,5,2023-07-31,DeepAR,643.4,1028.762939453125
SUV-B,3,2023-02-28,12,6,2023-08-31,DeepAR,1369.9,1105.8660888671875
SUV-B,3,2023-02-28,12,7,2023-09-30,DeepAR,1082.5,1069.6845703125
SUV-B,3,2023-02-28,12,8,2023-10-31,DeepAR,687.3,1081.703369140625
SUV-B,3,2023-02-28,12,9,2023-11-30,DeepAR,936.1,1088.7926025390625
SUV-B,3,2023-02-28,12,10,2023-12-31,DeepAR,1323.0,1036.643798828125
SUV-B,3,2023-02-28,12,11,2024-01-31,DeepAR,1205.4,1065.10107421875
SUV-B,3,2023-02-28,12,12,2024-02-29,DeepAR,1143.5,1086.0830078125
SUV-B,3,2023-02-28,12,1,2023-03-31,LeakageSafeEnsemble,1247.8,1216.6792905339407
SUV-B,3,2023-02-28,12,2,2023-04-30,LeakageSafeEnsemble,1479.1,1301.7429818890346
SUV-B,3,2023-02-28,12,3,2023-05-31,LeakageSafeEnsemble,1401.6,1278.4534636903645
SUV-B,3,2023-02-28,12,4,2023-06-30,LeakageSafeEnsemble,995.1,1293.2165697579564
SUV-B,3,2023-02-28,12,5,2023-07-31,LeakageSafeEnsemble,643.4,1239.2439282354028
SUV-B,3,2023-02-28,12,6,2023-08-31,LeakageSafeEnsemble,1369.9,1245.2830757878942
SUV-B,3,2023-02-28,12,7,2023-09-30,LeakageSafeEnsemble,1082.5,1229.055369267437
SUV-B,3,2023-02-28,12,8,2023-10-31,LeakageSafeEnsemble,687.3,1269.866507365558
SUV-B,3,2023-02-28,12,9,2023-11-30,LeakageSafeEnsemble,936.1,1312.9556031260372
SUV-B,3,2023-02-28,12,10,2023-12-31,LeakageSafeEnsemble,1323.0,1307.4023798607789
SUV-B,3,2023-02-28,12,11,2024-01-31,LeakageSafeEnsemble,1205.4,1323.0242993040742
SUV-B,3,2023-02-28,12,12,2024-02-29,LeakageSafeEnsemble,1143.5,1320.7598750494803
SUV-B,4,2023-05-31,3,1,2023-06-30,LastValue,995.1,1401.6
SUV-B,4,2023-05-31,3,2,2023-07-31,LastValue,643.4,1401.6
SUV-B,4,2023-05-31,3,3,2023-08-31,LastValue,1369.9,1401.6
SUV-B,4,2023-05-31,3,1,2023-06-30,SeasonalNaive,995.1,1411.2
SUV-B,4,2023-05-31,3,2,2023-07-31,SeasonalNaive,643.4,1013.6
SUV-B,4,2023-05-31,3,3,2023-08-31,SeasonalNaive,1369.9,908.4
SUV-B,4,2023-05-31,3,1,2023-06-30,MovingAverage6,995.1,1389.0666666666666
SUV-B,4,2023-05-31,3,2,2023-07-31,MovingAverage6,643.4,1389.0666666666666
SUV-B,4,2023-05-31,3,3,2023-08-31,MovingAverage6,1369.9,1389.0666666666666
SUV-B,4,2023-05-31,3,1,2023-06-30,XGBoost,995.1,1427.6007080078125
SUV-B,4,2023-05-31,3,2,2023-07-31,XGBoost,643.4,1326.7852783203125
SUV-B,4,2023-05-31,3,3,2023-08-31,XGBoost,1369.9,1328.7978515625
SUV-B,4,2023-05-31,3,1,2023-06-30,DeepAR,995.1,1175.24609375
SUV-B,4,2023-05-31,3,2,2023-07-31,DeepAR,643.4,1196.9239501953125
SUV-B,4,2023-05-31,3,3,2023-08-31,DeepAR,1369.9,1144.520263671875
SUV-B,4,2023-05-31,3,1,2023-06-30,LeakageSafeEnsemble,995.1,1291.2264647150482
SUV-B,4,2023-05-31,3,2,2023-07-31,LeakageSafeEnsemble,643.4,1256.6072894446702
SUV-B,4,2023-05-31,3,3,2023-08-31,LeakageSafeEnsemble,1369.9,1229.2129466794527
SUV-B,4,2023-05-31,6,1,2023-06-30,LastValue,995.1,1401.6
SUV-B,4,2023-05-31,6,2,2023-07-31,LastValue,643.4,1401.6
SUV-B,4,2023-05-31,6,3,2023-08-31,LastValue,1369.9,1401.6
SUV-B,4,2023-05-31,6,4,2023-09-30,LastValue,1082.5,1401.6
SUV-B,4,2023-05-31,6,5,2023-10-31,LastValue,687.3,1401.6
SUV-B,4,2023-05-31,6,6,2023-11-30,LastValue,936.1,1401.6
SUV-B,4,2023-05-31,6,1,2023-06-30,SeasonalNaive,995.1,1411.2
SUV-B,4,2023-05-31,6,2,2023-07-31,SeasonalNaive,643.4,1013.6
SUV-B,4,2023-05-31,6,3,2023-08-31,SeasonalNaive,1369.9,908.4
SUV-B,4,2023-05-31,6,4,2023-09-30,SeasonalNaive,1082.5,951.3
SUV-B,4,2023-05-31,6,5,2023-10-31,SeasonalNaive,687.3,1239.9
SUV-B,4,2023-05-31,6,6,2023-11-30,SeasonalNaive,936.1,1183.2
SUV-B,4,2023-05-31,6,1,2023-06-30,MovingAverage6,995.1,1389.0666666666666
SUV-B,4,2023-05-31,6,2,2023-07-31,MovingAverage6,643.4,1389.0666666666666
SUV-B,4,2023-05-31,6,3,2023-08-31,MovingAverage6,1369.9,1389.0666666666666
SUV-B,4,2023-05-31,6,4,2023-09-30,MovingAverage6,1082.5,1389.0666666666666
SUV-B,4,2023-05-31,6,5,2023-10-31,MovingAverage6,687.3,1389.0666666666666
SUV-B,4,2023-05-31,6,6,2023-11-30,MovingAverage6,936.1,1389.0666666666666
SUV-B,4,2023-05-31,6,1,2023-06-30,XGBoost,995.1,1427.6007080078125
SUV-B,4,2023-05-31,6,2,2023-07-31,XGBoost,643.4,1326.7852783203125
SUV-B,4,2023-05-31,6,3,2023-08-31,XGBoost,1369.9,1328.7978515625
SUV-B,4,2023-05-31,6,4,2023-09-30,XGBoost,1082.5,1260.66455078125
SUV-B,4,2023-05-31,6,5,2023-10-31,XGBoost,687.3,1370.0814208984375
SUV-B,4,2023-05-31,6,6,2023-11-30,XGBoost,936.1,1387.2266845703125
SUV-B,4,2023-05-31,6,1,2023-06-30,DeepAR,995.1,1175.24609375
SUV-B,4,2023-05-31,6,2,2023-07-31,DeepAR,643.4,1196.9239501953125
SUV-B,4,2023-05-31,6,3,2023-08-31,DeepAR,1369.9,1144.520263671875
SUV-B,4,2023-05-31,6,4,2023-09-30,DeepAR,1082.5,1156.417724609375
SUV-B,4,2023-05-31,6,5,2023-10-31,DeepAR,687.3,1124.055908203125
SUV-B,4,2023-05-31,6,6,2023-11-30,DeepAR,936.1,1206.14111328125
SUV-B,4,2023-05-31,6,1,2023-06-30,LeakageSafeEnsemble,995.1,1291.2264647150482
SUV-B,4,2023-05-31,6,2,2023-07-31,LeakageSafeEnsemble,643.4,1256.6072894446702
SUV-B,4,2023-05-31,6,3,2023-08-31,LeakageSafeEnsemble,1369.9,1229.2129466794527
SUV-B,4,2023-05-31,6,4,2023-09-30,LeakageSafeEnsemble,1082.5,1204.3288218383643
SUV-B,4,2023-05-31,6,5,2023-10-31,LeakageSafeEnsemble,687.3,1237.127494041532
SUV-B,4,2023-05-31,6,6,2023-11-30,LeakageSafeEnsemble,936.1,1289.3667533081493
SUV-B,4,2023-05-31,12,1,2023-06-30,LastValue,995.1,1401.6
SUV-B,4,2023-05-31,12,2,2023-07-31,LastValue,643.4,1401.6
SUV-B,4,2023-05-31,12,3,2023-08-31,LastValue,1369.9,1401.6
SUV-B,4,2023-05-31,12,4,2023-09-30,LastValue,1082.5,1401.6
SUV-B,4,2023-05-31,12,5,2023-10-31,LastValue,687.3,1401.6
SUV-B,4,2023-05-31,12,6,2023-11-30,LastValue,936.1,1401.6
SUV-B,4,2023-05-31,12,7,2023-12-31,LastValue,1323.0,1401.6
SUV-B,4,2023-05-31,12,8,2024-01-31,LastValue,1205.4,1401.6
SUV-B,4,2023-05-31,12,9,2024-02-29,LastValue,1143.5,1401.6
SUV-B,4,2023-05-31,12,10,2024-03-31,LastValue,1496.0,1401.6
SUV-B,4,2023-05-31,12,11,2024-04-30,LastValue,935.9,1401.6
SUV-B,4,2023-05-31,12,12,2024-05-31,LastValue,1042.0,1401.6
SUV-B,4,2023-05-31,12,1,2023-06-30,SeasonalNaive,995.1,1411.2
SUV-B,4,2023-05-31,12,2,2023-07-31,SeasonalNaive,643.4,1013.6
SUV-B,4,2023-05-31,12,3,2023-08-31,SeasonalNaive,1369.9,908.4
SUV-B,4,2023-05-31,12,4,2023-09-30,SeasonalNaive,1082.5,951.3
SUV-B,4,2023-05-31,12,5,2023-10-31,SeasonalNaive,687.3,1239.9
SUV-B,4,2023-05-31,12,6,2023-11-30,SeasonalNaive,936.1,1183.2
SUV-B,4,2023-05-31,12,7,2023-12-31,SeasonalNaive,1323.0,1323.0
SUV-B,4,2023-05-31,12,8,2024-01-31,SeasonalNaive,1205.4,1277.9
SUV-B,4,2023-05-31,12,9,2024-02-29,SeasonalNaive,1143.5,1605.0
SUV-B,4,2023-05-31,12,10,2024-03-31,SeasonalNaive,1496.0,1247.8
SUV-B,4,2023-05-31,12,11,2024-04-30,SeasonalNaive,935.9,1479.1
SUV-B,4,2023-05-31,12,12,2024-05-31,SeasonalNaive,1042.0,1401.6
SUV-B,4,2023-05-31,12,1,2023-06-30,MovingAverage6,995.1,1389.0666666666666
SUV-B,4,2023-05-31,12,2,2023-07-31,MovingAverage6,643.4,1389.0666666666666
SUV-B,4,2023-05-31,12,3,2023-08-31,MovingAverage6,1369.9,1389.0666666666666
SUV-B,4,2023-05-31,12,4,2023-09-30,MovingAverage6,1082.5,1389.0666666666666
SUV-B,4,2023-05-31,12,5,2023-10-31,MovingAverage6,687.3,1389.0666666666666
SUV-B,4,2023-05-31,12,6,2023-11-30,MovingAverage6,936.1,1389.0666666666666
SUV-B,4,2023-05-31,12,7,2023-12-31,MovingAverage6,1323.0,1389.0666666666666
SUV-B,4,2023-05-31,12,8,2024-01-31,MovingAverage6,1205.4,1389.0666666666666
SUV-B,4,2023-05-31,12,9,2024-02-29,MovingAverage6,1143.5,1389.0666666666666
SUV-B,4,2023-05-31,12,10,2024-03-31,MovingAverage6,1496.0,1389.0666666666666
SUV-B,4,2023-05-31,12,11,2024-04-30,MovingAverage6,935.9,1389.0666666666666
SUV-B,4,2023-05-31,12,12,2024-05-31,MovingAverage6,1042.0,1389.0666666666666
SUV-B,4,2023-05-31,12,1,2023-06-30,XGBoost,995.1,1427.6007080078125
SUV-B,4,2023-05-31,12,2,2023-07-31,XGBoost,643.4,1326.7852783203125
SUV-B,4,2023-05-31,12,3,2023-08-31,XGBoost,1369.9,1328.7978515625
SUV-B,4,2023-05-31,12,4,2023-09-30,XGBoost,1082.5,1260.66455078125
SUV-B,4,2023-05-31,12,5,2023-10-31,XGBoost,687.3,1370.0814208984375
SUV-B,4,2023-05-31,12,6,2023-11-30,XGBoost,936.1,1387.2266845703125
SUV-B,4,2023-05-31,12,7,2023-12-31,XGBoost,1323.0,1469.3409423828125
SUV-B,4,2023-05-31,12,8,2024-01-31,XGBoost,1205.4,1472.9122314453125
SUV-B,4,2023-05-31,12,9,2024-02-29,XGBoost,1143.5,1464.845458984375
SUV-B,4,2023-05-31,12,10,2024-03-31,XGBoost,1496.0,1288.8004150390625
SUV-B,4,2023-05-31,12,11,2024-04-30,XGBoost,935.9,1425.8145751953125
SUV-B,4,2023-05-31,12,12,2024-05-31,XGBoost,1042.0,1414.7235107421875
SUV-B,4,2023-05-31,12,1,2023-06-30,DeepAR,995.1,1175.24609375
SUV-B,4,2023-05-31,12,2,2023-07-31,DeepAR,643.4,1196.9239501953125
SUV-B,4,2023-05-31,12,3,2023-08-31,DeepAR,1369.9,1144.520263671875
SUV-B,4,2023-05-31,12,4,2023-09-30,DeepAR,1082.5,1156.417724609375
SUV-B,4,2023-05-31,12,5,2023-10-31,DeepAR,687.3,1124.055908203125
SUV-B,4,2023-05-31,12,6,2023-11-30,DeepAR,936.1,1206.14111328125
SUV-B,4,2023-05-31,12,7,2023-12-31,DeepAR,1323.0,1167.3966064453125
SUV-B,4,2023-05-31,12,8,2024-01-31,DeepAR,1205.4,1176.410888671875
SUV-B,4,2023-05-31,12,9,2024-02-29,DeepAR,1143.5,1181.3431396484375
SUV-B,4,2023-05-31,12,10,2024-03-31,DeepAR,1496.0,1122.3712158203125
SUV-B,4,2023-05-31,12,11,2024-04-30,DeepAR,935.9,1157.80712890625
SUV-B,4,2023-05-31,12,12,2024-05-31,DeepAR,1042.0,1185.5206298828125
SUV-B,4,2023-05-31,12,1,2023-06-30,LeakageSafeEnsemble,995.1,1291.2264647150482
SUV-B,4,2023-05-31,12,2,2023-07-31,LeakageSafeEnsemble,643.4,1256.6072894446702
SUV-B,4,2023-05-31,12,3,2023-08-31,LeakageSafeEnsemble,1369.9,1229.2129466794527
SUV-B,4,2023-05-31,12,4,2023-09-30,LeakageSafeEnsemble,1082.5,1204.3288218383643
SUV-B,4,2023-05-31,12,5,2023-10-31,LeakageSafeEnsemble,687.3,1237.127494041532
SUV-B,4,2023-05-31,12,6,2023-11-30,LeakageSafeEnsemble,936.1,1289.3667533081493
SUV-B,4,2023-05-31,12,7,2023-12-31,LeakageSafeEnsemble,1323.0,1306.1680778161963
SUV-B,4,2023-05-31,12,8,2024-01-31,LeakageSafeEnsemble,1205.4,1312.6807574023514
SUV-B,4,2023-05-31,12,9,2024-02-29,LeakageSafeEnsemble,1143.5,1311.6387839805936
SUV-B,4,2023-05-31,12,10,2024-03-31,LeakageSafeEnsemble,1496.0,1198.8608729423033
SUV-B,4,2023-05-31,12,11,2024-04-30,LeakageSafeEnsemble,935.9,1280.981399350499
SUV-B,4,2023-05-31,12,12,2024-05-31,LeakageSafeEnsemble,1042.0,1290.8606242988258
SUV-B,5,2023-08-31,3,1,2023-09-30,LastValue,1082.5,1369.9
SUV-B,5,2023-08-31,3,2,2023-10-31,LastValue,687.3,1369.9
SUV-B,5,2023-08-31,3,3,2023-11-30,LastValue,936.1,1369.9
SUV-B,5,2023-08-31,3,1,2023-09-30,SeasonalNaive,1082.5,951.3
SUV-B,5,2023-08-31,3,2,2023-10-31,SeasonalNaive,687.3,1239.9
SUV-B,5,2023-08-31,3,3,2023-11-30,SeasonalNaive,936.1,1183.2
SUV-B,5,2023-08-31,3,1,2023-09-30,MovingAverage6,1082.5,1189.4833333333333
SUV-B,5,2023-08-31,3,2,2023-10-31,MovingAverage6,687.3,1189.4833333333333
SUV-B,5,2023-08-31,3,3,2023-11-30,MovingAverage6,936.1,1189.4833333333333
SUV-B,5,2023-08-31,3,1,2023-09-30,XGBoost,1082.5,1315.93701171875
SUV-B,5,2023-08-31,3,2,2023-10-31,XGBoost,687.3,1378.6063232421875
SUV-B,5,2023-08-31,3,3,2023-11-30,XGBoost,936.1,1373.9288330078125
SUV-B,5,2023-08-31,3,1,2023-09-30,DeepAR,1082.5,1190.9415283203125
SUV-B,5,2023-08-31,3,2,2023-10-31,DeepAR,687.3,1214.94482421875
SUV-B,5,2023-08-31,3,3,2023-11-30,DeepAR,936.1,1164.5987548828125
SUV-B,5,2023-08-31,3,1,2023-09-30,LeakageSafeEnsemble,1082.5,1246.1036713022556
SUV-B,5,2023-08-31,3,2,2023-10-31,LeakageSafeEnsemble,687.3,1287.1708001830202
SUV-B,5,2023-08-31,3,3,2023-11-30,LeakageSafeEnsemble,936.1,1256.9788353285098
SUV-B,5,2023-08-31,6,1,2023-09-30,LastValue,1082.5,1369.9
SUV-B,5,2023-08-31,6,2,2023-10-31,LastValue,687.3,1369.9
SUV-B,5,2023-08-31,6,3,2023-11-30,LastValue,936.1,1369.9
SUV-B,5,2023-08-31,6,4,2023-12-31,LastValue,1323.0,1369.9
SUV-B,5,2023-08-31,6,5,2024-01-31,LastValue,1205.4,1369.9
SUV-B,5,2023-08-31,6,6,2024-02-29,LastValue,1143.5,1369.9
SUV-B,5,2023-08-31,6,1,2023-09-30,SeasonalNaive,1082.5,951.3
SUV-B,5,2023-08-31,6,2,2023-10-31,SeasonalNaive,687.3,1239.9
SUV-B,5,2023-08-31,6,3,2023-11-30,SeasonalNaive,936.1,1183.2
SUV-B,5,2023-08-31,6,4,2023-12-31,SeasonalNaive,1323.0,1323.0
SUV-B,5,2023-08-31,6,5,2024-01-31,SeasonalNaive,1205.4,1277.9
SUV-B,5,2023-08-31,6,6,2024-02-29,SeasonalNaive,1143.5,1605.0
SUV-B,5,2023-08-31,6,1,2023-09-30,MovingAverage6,1082.5,1189.4833333333333
SUV-B,5,2023-08-31,6,2,2023-10-31,MovingAverage6,687.3,1189.4833333333333
SUV-B,5,2023-08-31,6,3,2023-11-30,MovingAverage6,936.1,1189.4833333333333
SUV-B,5,2023-08-31,6,4,2023-12-31,MovingAverage6,1323.0,1189.4833333333333
SUV-B,5,2023-08-31,6,5,2024-01-31,MovingAverage6,1205.4,1189.4833333333333
SUV-B,5,2023-08-31,6,6,2024-02-29,MovingAverage6,1143.5,1189.4833333333333
SUV-B,5,2023-08-31,6,1,2023-09-30,XGBoost,1082.5,1315.93701171875
SUV-B,5,2023-08-31,6,2,2023-10-31,XGBoost,687.3,1378.6063232421875
SUV-B,5,2023-08-31,6,3,2023-11-30,XGBoost,936.1,1373.9288330078125
SUV-B,5,2023-08-31,6,4,2023-12-31,XGBoost,1323.0,1373.05029296875
SUV-B,5,2023-08-31,6,5,2024-01-31,XGBoost,1205.4,1399.85498046875
SUV-B,5,2023-08-31,6,6,2024-02-29,XGBoost,1143.5,1395.1436767578125
SUV-B,5,2023-08-31,6,1,2023-09-30,DeepAR,1082.5,1190.9415283203125
SUV-B,5,2023-08-31,6,2,2023-10-31,DeepAR,687.3,1214.94482421875
SUV-B,5,2023-08-31,6,3,2023-11-30,DeepAR,936.1,1164.5987548828125
SUV-B,5,2023-08-31,6,4,2023-12-31,DeepAR,1323.0,1172.82470703125
SUV-B,5,2023-08-31,6,5,2024-01-31,DeepAR,1205.4,1133.873779296875
SUV-B,5,2023-08-31,6,6,2024-02-29,DeepAR,1143.5,1213.3955078125
SUV-B,5,2023-08-31,6,1,2023-09-30,LeakageSafeEnsemble,1082.5,1246.1036713022556
SUV-B,5,2023-08-31,6,2,2023-10-31,LeakageSafeEnsemble,687.3,1287.1708001830202
SUV-B,5,2023-08-31,6,3,2023-11-30,LeakageSafeEnsemble,936.1,1256.9788353285098
SUV-B,5,2023-08-31,6,4,2023-12-31,LeakageSafeEnsemble,1323.0,1261.186872608648
SUV-B,5,2023-08-31,6,5,2024-01-31,LeakageSafeEnsemble,1205.4,1251.254718972038
SUV-B,5,2023-08-31,6,6,2024-02-29,LeakageSafeEnsemble,1143.5,1293.60337397406
SUV-B,5,2023-08-31,12,1,2023-09-30,LastValue,1082.5,1369.9
SUV-B,5,2023-08-31,12,2,2023-10-31,LastValue,687.3,1369.9
SUV-B,5,2023-08-31,12,3,2023-11-30,LastValue,936.1,1369.9
SUV-B,5,2023-08-31,12,4,2023-12-31,LastValue,1323.0,1369.9
SUV-B,5,2023-08-31,12,5,2024-01-31,LastValue,1205.4,1369.9
SUV-B,5,2023-08-31,12,6,2024-02-29,LastValue,1143.5,1369.9
SUV-B,5,2023-08-31,12,7,2024-03-31,LastValue,1496.0,1369.9
SUV-B,5,2023-08-31,12,8,2024-04-30,LastValue,935.9,1369.9
SUV-B,5,2023-08-31,12,9,2024-05-31,LastValue,1042.0,1369.9
SUV-B,5,2023-08-31,12,10,2024-06-30,LastValue,1122.8,1369.9
SUV-B,5,2023-08-31,12,11,2024-07-31,LastValue,1191.9,1369.9
SUV-B,5,2023-08-31,12,12,2024-08-31,LastValue,1117.2,1369.9
SUV-B,5,2023-08-31,12,1,2023-09-30,SeasonalNaive,1082.5,951.3
SUV-B,5,2023-08-31,12,2,2023-10-31,SeasonalNaive,687.3,1239.9
SUV-B,5,2023-08-31,12,3,2023-11-30,SeasonalNaive,936.1,1183.2
SUV-B,5,2023-08-31,12,4,2023-12-31,SeasonalNaive,1323.0,1323.0
SUV-B,5,2023-08-31,12,5,2024-01-31,SeasonalNaive,1205.4,1277.9
SUV-B,5,2023-08-31,12,6,2024-02-29,SeasonalNaive,1143.5,1605.0
SUV-B,5,2023-08-31,12,7,2024-03-31,SeasonalNaive,1496.0,1247.8
SUV-B,5,2023-08-31,12,8,2024-04-30,SeasonalNaive,935.9,1479.1
SUV-B,5,2023-08-31,12,9,2024-05-31,SeasonalNaive,1042.0,1401.6
SUV-B,5,2023-08-31,12,10,2024-06-30,SeasonalNaive,1122.8,995.1
SUV-B,5,2023-08-31,12,11,2024-07-31,SeasonalNaive,1191.9,643.4
SUV-B,5,2023-08-31,12,12,2024-08-31,SeasonalNaive,1117.2,1369.9
SUV-B,5,2023-08-31,12,1,2023-09-30,MovingAverage6,1082.5,1189.4833333333333
SUV-B,5,2023-08-31,12,2,2023-10-31,MovingAverage6,687.3,1189.4833333333333
SUV-B,5,2023-08-31,12,3,2023-11-30,MovingAverage6,936.1,1189.4833333333333
SUV-B,5,2023-08-31,12,4,2023-12-31,MovingAverage6,1323.0,1189.4833333333333
SUV-B,5,2023-08-31,12,5,2024-01-31,MovingAverage6,1205.4,1189.4833333333333
SUV-B,5,2023-08-31,12,6,2024-02-29,MovingAverage6,1143.5,1189.4833333333333
SUV-B,5,2023-08-31,12,7,2024-03-31,MovingAverage6,1496.0,1189.4833333333333
SUV-B,5,2023-08-31,12,8,2024-04-30,MovingAverage6,935.9,1189.4833333333333
SUV-B,5,2023-08-31,12,9,2024-05-31,MovingAverage6,1042.0,1189.4833333333333
SUV-B,5,2023-08-31,12,10,2024-06-30,MovingAverage6,1122.8,1189.4833333333333
SUV-B,5,2023-08-31,12,11,2024-07-31,MovingAverage6,1191.9,1189.4833333333333
SUV-B,5,2023-08-31,12,12,2024-08-31,MovingAverage6,1117.2,1189.4833333333333
SUV-B,5,2023-08-31,12,1,2023-09-30,XGBoost,1082.5,1315.93701171875
SUV-B,5,2023-08-31,12,2,2023-10-31,XGBoost,687.3,1378.6063232421875
SUV-B,5,2023-08-31,12,3,2023-11-30,XGBoost,936.1,1373.9288330078125
SUV-B,5,2023-08-31,12,4,2023-12-31,XGBoost,1323.0,1373.05029296875
SUV-B,5,2023-08-31,12,5,2024-01-31,XGBoost,1205.4,1399.85498046875
SUV-B,5,2023-08-31,12,6,2024-02-29,XGBoost,1143.5,1395.1436767578125
SUV-B,5,2023-08-31,12,7,2024-03-31,XGBoost,1496.0,1255.125
SUV-B,5,2023-08-31,12,8,2024-04-30,XGBoost,935.9,1375.3740234375
SUV-B,5,2023-08-31,12,9,2024-05-31,XGBoost,1042.0,1318.4315185546875
SUV-B,5,2023-08-31,12,10,2024-06-30,XGBoost,1122.8,1304.41015625
SUV-B,5,2023-08-31,12,11,2024-07-31,XGBoost,1191.9,1290.7725830078125
SUV-B,5,2023-08-31,12,12,2024-08-31,XGBoost,1117.2,1351.0775146484375
SUV-B,5,2023-08-31,12,1,2023-09-30,DeepAR,1082.5,1190.9415283203125
SUV-B,5,2023-08-31,12,2,2023-10-31,DeepAR,687.3,1214.94482421875
SUV-B,5,2023-08-31,12,3,2023-11-30,DeepAR,936.1,1164.5987548828125
SUV-B,5,2023-08-31,12,4,2023-12-31,DeepAR,1323.0,1172.82470703125
SUV-B,5,2023-08-31,12,5,2024-01-31,DeepAR,1205.4,1133.873779296875
SUV-B,5,2023-08-31,12,6,2024-02-29,DeepAR,1143.5,1213.3955078125
SUV-B,5,2023-08-31,12,7,2024-03-31,DeepAR,1496.0,1172.10107421875
SUV-B,5,2023-08-31,12,8,2024-04-30,DeepAR,935.9,1186.17578125
SUV-B,5,2023-08-31,12,9,2024-05-31,DeepAR,1042.0,1195.7437744140625
SUV-B,5,2023-08-31,12,10,2024-06-30,DeepAR,1122.8,1135.7421875
SUV-B,5,2023-08-31,12,11,2024-07-31,DeepAR,1191.9,1171.44580078125
SUV-B,5,2023-08-31,12,12,2024-08-31,DeepAR,1117.2,1198.19482421875
SUV-B,5,2023-08-31,12,1,2023-09-30,LeakageSafeEnsemble,1082.5,1246.1036713022556
SUV-B,5,2023-08-31,12,2,2023-10-31,LeakageSafeEnsemble,687.3,1287.1708001830202
SUV-B,5,2023-08-31,12,3,2023-11-30,LeakageSafeEnsemble,936.1,1256.9788353285098
SUV-B,5,2023-08-31,12,4,2023-12-31,LeakageSafeEnsemble,1323.0,1261.186872608648
SUV-B,5,2023-08-31,12,5,2024-01-31,LeakageSafeEnsemble,1205.4,1251.254718972038
SUV-B,5,2023-08-31,12,6,2024-02-29,LeakageSafeEnsemble,1143.5,1293.60337397406
SUV-B,5,2023-08-31,12,7,2024-03-31,LeakageSafeEnsemble,1496.0,1208.7405961703407
SUV-B,5,2023-08-31,12,8,2024-04-30,LeakageSafeEnsemble,935.9,1269.6714570109964
SUV-B,5,2023-08-31,12,9,2024-05-31,LeakageSafeEnsemble,1042.0,1249.8874538815217
SUV-B,5,2023-08-31,12,10,2024-06-30,LeakageSafeEnsemble,1122.8,1210.1775416456658
SUV-B,5,2023-08-31,12,11,2024-07-31,LeakageSafeEnsemble,1191.9,1224.1062539024924
SUV-B,5,2023-08-31,12,12,2024-08-31,LeakageSafeEnsemble,1117.2,1265.6639280552142
SUV-B,6,2023-11-30,3,1,2023-12-31,LastValue,1323.0,936.1
SUV-B,6,2023-11-30,3,2,2024-01-31,LastValue,1205.4,936.1
SUV-B,6,2023-11-30,3,3,2024-02-29,LastValue,1143.5,936.1
SUV-B,6,2023-11-30,3,1,2023-12-31,SeasonalNaive,1323.0,1323.0
SUV-B,6,2023-11-30,3,2,2024-01-31,SeasonalNaive,1205.4,1277.9
SUV-B,6,2023-11-30,3,3,2024-02-29,SeasonalNaive,1143.5,1605.0
SUV-B,6,2023-11-30,3,1,2023-12-31,MovingAverage6,1323.0,952.3833333333333
SUV-B,6,2023-11-30,3,2,2024-01-31,MovingAverage6,1205.4,952.3833333333333
SUV-B,6,2023-11-30,3,3,2024-02-29,MovingAverage6,1143.5,952.3833333333333
SUV-B,6,2023-11-30,3,1,2023-12-31,XGBoost,1323.0,975.849365234375
SUV-B,6,2023-11-30,3,2,2024-01-31,XGBoost,1205.4,1010.2286376953125
SUV-B,6,2023-11-30,3,3,2024-02-29,XGBoost,1143.5,1005.5227661132812
SUV-B,6,2023-11-30,3,1,2023-12-31,DeepAR,1323.0,1217.132080078125
SUV-B,6,2023-11-30,3,2,2024-01-31,DeepAR,1205.4,1236.53662109375
SUV-B,6,2023-11-30,3,3,2024-02-29,DeepAR,1143.5,1182.153076171875
SUV-B,6,2023-11-30,3,1,2023-12-31,LeakageSafeEnsemble,1323.0,1113.237157571392
SUV-B,6,2023-11-30,3,2,2024-01-31,LeakageSafeEnsemble,1205.4,1139.0897144334044
SUV-B,6,2023-11-30,3,3,2024-02-29,LeakageSafeEnsemble,1143.5,1106.097098603067
SUV-B,6,2023-11-30,6,1,2023-12-31,LastValue,1323.0,936.1
SUV-B,6,2023-11-30,6,2,2024-01-31,LastValue,1205.4,936.1
SUV-B,6,2023-11-30,6,3,2024-02-29,LastValue,1143.5,936.1
SUV-B,6,2023-11-30,6,4,2024-03-31,LastValue,1496.0,936.1
SUV-B,6,2023-11-30,6,5,2024-04-30,LastValue,935.9,936.1
SUV-B,6,2023-11-30,6,6,2024-05-31,LastValue,1042.0,936.1
SUV-B,6,2023-11-30,6,1,2023-12-31,SeasonalNaive,1323.0,1323.0
SUV-B,6,2023-11-30,6,2,2024-01-31,SeasonalNaive,1205.4,1277.9
SUV-B,6,2023-11-30,6,3,2024-02-29,SeasonalNaive,1143.5,1605.0
SUV-B,6,2023-11-30,6,4,2024-03-31,SeasonalNaive,1496.0,1247.8
SUV-B,6,2023-11-30,6,5,2024-04-30,SeasonalNaive,935.9,1479.1
SUV-B,6,2023-11-30,6,6,2024-05-31,SeasonalNaive,1042.0,1401.6
SUV-B,6,2023-11-30,6,1,2023-12-31,MovingAverage6,1323.0,952.3833333333333
SUV-B,6,2023-11-30,6,2,2024-01-31,MovingAverage6,1205.4,952.3833333333333
SUV-B,6,2023-11-30,6,3,2024-02-29,MovingAverage6,1143.5,952.3833333333333
SUV-B,6,2023-11-30,6,4,2024-03-31,MovingAverage6,1496.0,952.3833333333333
SUV-B,6,2023-11-30,6,5,2024-04-30,MovingAverage6,935.9,952.3833333333333
SUV-B,6,2023-11-30,6,6,2024-05-31,MovingAverage6,1042.0,952.3833333333333
SUV-B,6,2023-11-30,6,1,2023-12-31,XGBoost,1323.0,975.849365234375
SUV-B,6,2023-11-30,6,2,2024-01-31,XGBoost,1205.4,1010.2286376953125
SUV-B,6,2023-11-30,6,3,2024-02-29,XGBoost,1143.5,1005.5227661132812
SUV-B,6,2023-11-30,6,4,2024-03-31,XGBoost,1496.0,989.3849487304688
SUV-B,6,2023-11-30,6,5,2024-04-30,XGBoost,935.9,1010.1790771484375
SUV-B,6,2023-11-30,6,6,2024-05-31,XGBoost,1042.0,961.5153198242188
SUV-B,6,2023-11-30,6,1,2023-12-31,DeepAR,1323.0,1217.132080078125
SUV-B,6,2023-11-30,6,2,2024-01-31,DeepAR,1205.4,1236.53662109375
SUV-B,6,2023-11-30,6,3,2024-02-29,DeepAR,1143.5,1182.153076171875
SUV-B,6,2023-11-30,6,4,2024-03-31,DeepAR,1496.0,1191.2991943359375
SUV-B,6,2023-11-30,6,5,2024-04-30,DeepAR,935.9,1154.6741943359375
SUV-B,6,2023-11-30,6,6,2024-05-31,DeepAR,1042.0,1238.3009033203125
SUV-B,6,2023-11-30,6,1,2023-12-31,LeakageSafeEnsemble,1323.0,1113.237157571392
SUV-B,6,2023-11-30,6,2,2024-01-31,LeakageSafeEnsemble,1205.4,1139.0897144334044
SUV-B,6,2023-11-30,6,3,2024-02-29,LeakageSafeEnsemble,1143.5,1106.097098603067
SUV-B,6,2023-11-30,6,4,2024-03-31,LeakageSafeEnsemble,1496.0,1104.3560994289653
SUV-B,6,2023-11-30,6,5,2024-04-30,LeakageSafeEnsemble,935.9,1092.4554363660159
SUV-B,6,2023-11-30,6,6,2024-05-31,LeakageSafeEnsemble,1042.0,1119.1186295982757
SUV-B,6,2023-11-30,12,1,2023-12-31,LastValue,1323.0,936.1
SUV-B,6,2023-11-30,12,2,2024-01-31,LastValue,1205.4,936.1
SUV-B,6,2023-11-30,12,3,2024-02-29,LastValue,1143.5,936.1
SUV-B,6,2023-11-30,12,4,2024-03-31,LastValue,1496.0,936.1
SUV-B,6,2023-11-30,12,5,2024-04-30,LastValue,935.9,936.1
SUV-B,6,2023-11-30,12,6,2024-05-31,LastValue,1042.0,936.1
SUV-B,6,2023-11-30,12,7,2024-06-30,LastValue,1122.8,936.1
SUV-B,6,2023-11-30,12,8,2024-07-31,LastValue,1191.9,936.1
SUV-B,6,2023-11-30,12,9,2024-08-31,LastValue,1117.2,936.1
SUV-B,6,2023-11-30,12,10,2024-09-30,LastValue,1293.3,936.1
SUV-B,6,2023-11-30,12,11,2024-10-31,LastValue,1098.2,936.1
SUV-B,6,2023-11-30,12,12,2024-11-30,LastValue,1286.6,936.1
SUV-B,6,2023-11-30,12,1,2023-12-31,SeasonalNaive,1323.0,1323.0
SUV-B,6,2023-11-30,12,2,2024-01-31,SeasonalNaive,1205.4,1277.9
SUV-B,6,2023-11-30,12,3,2024-02-29,SeasonalNaive,1143.5,1605.0
SUV-B,6,2023-11-30,12,4,2024-03-31,SeasonalNaive,1496.0,1247.8
SUV-B,6,2023-11-30,12,5,2024-04-30,SeasonalNaive,935.9,1479.1
SUV-B,6,2023-11-30,12,6,2024-05-31,SeasonalNaive,1042.0,1401.6
SUV-B,6,2023-11-30,12,7,2024-06-30,SeasonalNaive,1122.8,995.1
SUV-B,6,2023-11-30,12,8,2024-07-31,SeasonalNaive,1191.9,643.4
SUV-B,6,2023-11-30,12,9,2024-08-31,SeasonalNaive,1117.2,1369.9
SUV-B,6,2023-11-30,12,10,2024-09-30,SeasonalNaive,1293.3,1082.5
SUV-B,6,2023-11-30,12,11,2024-10-31,SeasonalNaive,1098.2,687.3
SUV-B,6,2023-11-30,12,12,2024-11-30,SeasonalNaive,1286.6,936.1
SUV-B,6,2023-11-30,12,1,2023-12-31,MovingAverage6,1323.0,952.3833333333333
SUV-B,6,2023-11-30,12,2,2024-01-31,MovingAverage6,1205.4,952.3833333333333
SUV-B,6,2023-11-30,12,3,2024-02-29,MovingAverage6,1143.5,952.3833333333333
SUV-B,6,2023-11-30,12,4,2024-03-31,MovingAverage6,1496.0,952.3833333333333
SUV-B,6,2023-11-30,12,5,2024-04-30,MovingAverage6,935.9,952.3833333333333
SUV-B,6,2023-11-30,12,6,2024-05-31,MovingAverage6,1042.0,952.3833333333333
SUV-B,6,2023-11-30,12,7,2024-06-30,MovingAverage6,1122.8,952.3833333333333
SUV-B,6,2023-11-30,12,8,2024-07-31,MovingAverage6,1191.9,952.3833333333333
SUV-B,6,2023-11-30,12,9,2024-08-31,MovingAverage6,1117.2,952.3833333333333
SUV-B,6,2023-11-30,12,10,2024-09-30,MovingAverage6,1293.3,952.3833333333333
SUV-B,6,2023-11-30,12,11,2024-10-31,MovingAverage6,1098.2,952.3833333333333
SUV-B,6,2023-11-30,12,12,2024-11-30,MovingAverage6,1286.6,952.3833333333333
SUV-B,6,2023-11-30,12,1,2023-12-31,XGBoost,1323.0,975.849365234375
SUV-B,6,2023-11-30,12,2,2024-01-31,XGBoost,1205.4,1010.2286376953125
SUV-B,6,2023-11-30,12,3,2024-02-29,XGBoost,1143.5,1005.5227661132812
SUV-B,6,2023-11-30,12,4,2024-03-31,XGBoost,1496.0,989.3849487304688
SUV-B,6,2023-11-30,12,5,2024-04-30,XGBoost,935.9,1010.1790771484375
SUV-B,6,2023-11-30,12,6,2024-05-31,XGBoost,1042.0,961.5153198242188
SUV-B,6,2023-11-30,12,7,2024-06-30,XGBoost,1122.8,934.578857421875
SUV-B,6,2023-11-30,12,8,2024-07-31,XGBoost,1191.9,903.9777221679688
SUV-B,6,2023-11-30,12,9,2024-08-31,XGBoost,1117.2,946.7923583984375
SUV-B,6,2023-11-30,12,10,2024-09-30,XGBoost,1293.3,943.7970581054688
SUV-B,6,2023-11-30,12,11,2024-10-31,XGBoost,1098.2,950.009521484375
SUV-B,6,2023-11-30,12,12,2024-11-30,XGBoost,1286.6,952.6911010742188
SUV-B,6,2023-11-30,12,1,2023-12-31,DeepAR,1323.0,1217.132080078125
SUV-B,6,2023-11-30,12,2,2024-01-31,DeepAR,1205.4,1236.53662109375
SUV-B,6,2023-11-30,12,3,2024-02-29,DeepAR,1143.5,1182.153076171875
SUV-B,6,2023-11-30,12,4,2024-03-31,DeepAR,1496.0,1191.2991943359375
SUV-B,6,2023-11-30,12,5,2024-04-30,DeepAR,935.9,1154.6741943359375
SUV-B,6,2023-11-30,12,6,2024-05-31,DeepAR,1042.0,1238.3009033203125
SUV-B,6,2023-11-30,12,7,2024-06-30,DeepAR,1122.8,1195.3941650390625
SUV-B,6,2023-11-30,12,8,2024-07-31,DeepAR,1191.9,1209.7911376953125
SUV-B,6,2023-11-30,12,9,2024-08-31,DeepAR,1117.2,1217.90869140625
SUV-B,6,2023-11-30,12,10,2024-09-30,DeepAR,1293.3,1159.462646484375
SUV-B,6,2023-11-30,12,11,2024-10-31,DeepAR,1098.2,1197.1572265625
SUV-B,6,2023-11-30,12,12,2024-11-30,DeepAR,1286.6,1224.1151123046875
SUV-B,6,2023-11-30,12,1,2023-12-31,LeakageSafeEnsemble,1323.0,1113.237157571392
SUV-B,6,2023-11-30,12,2,2024-01-31,LeakageSafeEnsemble,1205.4,1139.0897144334044
SUV-B,6,2023-11-30,12,3,2024-02-29,LeakageSafeEnsemble,1143.5,1106.097098603067
SUV-B,6,2023-11-30,12,4,2024-03-31,LeakageSafeEnsemble,1496.0,1104.3560994289653
SUV-B,6,2023-11-30,12,5,2024-04-30,LeakageSafeEnsemble,935.9,1092.4554363660159
SUV-B,6,2023-11-30,12,6,2024-05-31,LeakageSafeEnsemble,1042.0,1119.1186295982757
SUV-B,6,2023-11-30,12,7,2024-06-30,LeakageSafeEnsemble,1122.8,1083.0886176534923
SUV-B,6,2023-11-30,12,8,2024-07-31,LeakageSafeEnsemble,1191.9,1078.1096721259719
SUV-B,6,2023-11-30,12,9,2024-08-31,LeakageSafeEnsemble,1117.2,1101.1675848347227
SUV-B,6,2023-11-30,12,10,2024-09-30,LeakageSafeEnsemble,1293.3,1066.5982994079422
SUV-B,6,2023-11-30,12,11,2024-10-31,LeakageSafeEnsemble,1098.2,1090.7368633776045
SUV-B,6,2023-11-30,12,12,2024-11-30,LeakageSafeEnsemble,1286.6,1107.2415048321052
SUV-B,7,2024-02-29,3,1,2024-03-31,LastValue,1496.0,1143.5
SUV-B,7,2024-02-29,3,2,2024-04-30,LastValue,935.9,1143.5
SUV-B,7,2024-02-29,3,3,2024-05-31,LastValue,1042.0,1143.5
SUV-B,7,2024-02-29,3,1,2024-03-31,SeasonalNaive,1496.0,1247.8
SUV-B,7,2024-02-29,3,2,2024-04-30,SeasonalNaive,935.9,1479.1
SUV-B,7,2024-02-29,3,3,2024-05-31,SeasonalNaive,1042.0,1401.6
SUV-B,7,2024-02-29,3,1,2024-03-31,MovingAverage6,1496.0,1062.9666666666667
SUV-B,7,2024-02-29,3,2,2024-04-30,MovingAverage6,935.9,1062.9666666666667
SUV-B,7,2024-02-29,3,3,2024-05-31,MovingAverage6,1042.0,1062.9666666666667
SUV-B,7,2024-02-29,3,1,2024-03-31,XGBoost,1496.0,1108.6468505859375
SUV-B,7,2024-02-29,3,2,2024-04-30,XGBoost,935.9,1053.3011474609375
SUV-B,7,2024-02-29,3,3,2024-05-31,XGBoost,1042.0,1028.413330078125
SUV-B,7,2024-02-29,3,1,2024-03-31,DeepAR,1496.0,1201.87939453125
SUV-B,7,2024-02-29,3,2,2024-04-30,DeepAR,935.9,1220.6583251953125
SUV-B,7,2024-02-29,3,3,2024-05-31,DeepAR,1042.0,1167.4022216796875
SUV-B,7,2024-02-29,3,1,2024-03-31,LeakageSafeEnsemble,1496.0,1162.8069550079497
SUV-B,7,2024-02-29,3,2,2024-04-30,LeakageSafeEnsemble,935.9,1150.5213245471373
SUV-B,7,2024-02-29,3,3,2024-05-31,LeakageSafeEnsemble,1042.0,1109.1539464633802
SUV-B,7,2024-02-29,6,1,2024-03-31,LastValue,1496.0,1143.5
SUV-B,7,2024-02-29,6,2,2024-04-30,LastValue,935.9,1143.5
SUV-B,7,2024-02-29,6,3,2024-05-31,LastValue,1042.0,1143.5
SUV-B,7,2024-02-29,6,4,2024-06-30,LastValue,1122.8,1143.5
SUV-B,7,2024-02-29,6,5,2024-07-31,LastValue,1191.9,1143.5
SUV-B,7,2024-02-29,6,6,2024-08-31,LastValue,1117.2,1143.5
SUV-B,7,2024-02-29,6,1,2024-03-31,SeasonalNaive,1496.0,1247.8
SUV-B,7,2024-02-29,6,2,2024-04-30,SeasonalNaive,935.9,1479.1
SUV-B,7,2024-02-29,6,3,2024-05-31,SeasonalNaive,1042.0,1401.6
SUV-B,7,2024-02-29,6,4,2024-06-30,SeasonalNaive,1122.8,995.1
SUV-B,7,2024-02-29,6,5,2024-07-31,SeasonalNaive,1191.9,643.4
SUV-B,7,2024-02-29,6,6,2024-08-31,SeasonalNaive,1117.2,1369.9
SUV-B,7,2024-02-29,6,1,2024-03-31,MovingAverage6,1496.0,1062.9666666666667
SUV-B,7,2024-02-29,6,2,2024-04-30,MovingAverage6,935.9,1062.9666666666667
SUV-B,7,2024-02-29,6,3,2024-05-31,MovingAverage6,1042.0,1062.9666666666667
SUV-B,7,2024-02-29,6,4,2024-06-30,MovingAverage6,1122.8,1062.9666666666667
SUV-B,7,2024-02-29,6,5,2024-07-31,MovingAverage6,1191.9,1062.9666666666667
SUV-B,7,2024-02-29,6,6,2024-08-31,MovingAverage6,1117.2,1062.9666666666667
SUV-B,7,2024-02-29,6,1,2024-03-31,XGBoost,1496.0,1108.6468505859375
SUV-B,7,2024-02-29,6,2,2024-04-30,XGBoost,935.9,1053.3011474609375
SUV-B,7,2024-02-29,6,3,2024-05-31,XGBoost,1042.0,1028.413330078125
SUV-B,7,2024-02-29,6,4,2024-06-30,XGBoost,1122.8,1024.3199462890625
SUV-B,7,2024-02-29,6,5,2024-07-31,XGBoost,1191.9,914.9180297851562
SUV-B,7,2024-02-29,6,6,2024-08-31,XGBoost,1117.2,928.355224609375
SUV-B,7,2024-02-29,6,1,2024-03-31,DeepAR,1496.0,1201.87939453125
SUV-B,7,2024-02-29,6,2,2024-04-30,DeepAR,935.9,1220.6583251953125
SUV-B,7,2024-02-29,6,3,2024-05-31,DeepAR,1042.0,1167.4022216796875
SUV-B,7,2024-02-29,6,4,2024-06-30,DeepAR,1122.8,1176.157470703125
SUV-B,7,2024-02-29,6,5,2024-07-31,DeepAR,1191.9,1141.5604248046875
SUV-B,7,2024-02-29,6,6,2024-08-31,DeepAR,1117.2,1225.4588623046875
SUV-B,7,2024-02-29,6,1,2024-03-31,LeakageSafeEnsemble,1496.0,1162.8069550079497
SUV-B,7,2024-02-29,6,2,2024-04-30,LeakageSafeEnsemble,935.9,1150.5213245471373
SUV-B,7,2024-02-29,6,3,2024-05-31,LeakageSafeEnsemble,1042.0,1109.1539464633802
SUV-B,7,2024-02-29,6,4,2024-06-30,LeakageSafeEnsemble,1122.8,1112.524541838878
SUV-B,7,2024-02-29,6,5,2024-07-31,LeakageSafeEnsemble,1191.9,1046.5778372669672
SUV-B,7,2024-02-29,6,6,2024-08-31,LeakageSafeEnsemble,1117.2,1100.9469881576829
SUV-B,7,2024-02-29,12,1,2024-03-31,LastValue,1496.0,1143.5
SUV-B,7,2024-02-29,12,2,2024-04-30,LastValue,935.9,1143.5
SUV-B,7,2024-02-29,12,3,2024-05-31,LastValue,1042.0,1143.5
SUV-B,7,2024-02-29,12,4,2024-06-30,LastValue,1122.8,1143.5
SUV-B,7,2024-02-29,12,5,2024-07-31,LastValue,1191.9,1143.5
SUV-B,7,2024-02-29,12,6,2024-08-31,LastValue,1117.2,1143.5
SUV-B,7,2024-02-29,12,7,2024-09-30,LastValue,1293.3,1143.5
SUV-B,7,2024-02-29,12,8,2024-10-31,LastValue,1098.2,1143.5
SUV-B,7,2024-02-29,12,9,2024-11-30,LastValue,1286.6,1143.5
SUV-B,7,2024-02-29,12,10,2024-12-31,LastValue,1377.8,1143.5
SUV-B,7,2024-02-29,12,11,2025-01-31,LastValue,1452.9,1143.5
SUV-B,7,2024-02-29,12,12,2025-02-28,LastValue,1561.9,1143.5
SUV-B,7,2024-02-29,12,1,2024-03-31,SeasonalNaive,1496.0,1247.8
SUV-B,7,2024-02-29,12,2,2024-04-30,SeasonalNaive,935.9,1479.1
SUV-B,7,2024-02-29,12,3,2024-05-31,SeasonalNaive,1042.0,1401.6
SUV-B,7,2024-02-29,12,4,2024-06-30,SeasonalNaive,1122.8,995.1
SUV-B,7,2024-02-29,12,5,2024-07-31,SeasonalNaive,1191.9,643.4
SUV-B,7,2024-02-29,12,6,2024-08-31,SeasonalNaive,1117.2,1369.9
SUV-B,7,2024-02-29,12,7,2024-09-30,SeasonalNaive,1293.3,1082.5
SUV-B,7,2024-02-29,12,8,2024-10-31,SeasonalNaive,1098.2,687.3
SUV-B,7,2024-02-29,12,9,2024-11-30,SeasonalNaive,1286.6,936.1
SUV-B,7,2024-02-29,12,10,2024-12-31,SeasonalNaive,1377.8,1323.0
SUV-B,7,2024-02-29,12,11,2025-01-31,SeasonalNaive,1452.9,1205.4
SUV-B,7,2024-02-29,12,12,2025-02-28,SeasonalNaive,1561.9,1143.5
SUV-B,7,2024-02-29,12,1,2024-03-31,MovingAverage6,1496.0,1062.9666666666667
SUV-B,7,2024-02-29,12,2,2024-04-30,MovingAverage6,935.9,1062.9666666666667
SUV-B,7,2024-02-29,12,3,2024-05-31,MovingAverage6,1042.0,1062.9666666666667
SUV-B,7,2024-02-29,12,4,2024-06-30,MovingAverage6,1122.8,1062.9666666666667
SUV-B,7,2024-02-29,12,5,2024-07-31,MovingAverage6,1191.9,1062.9666666666667
SUV-B,7,2024-02-29,12,6,2024-08-31,MovingAverage6,1117.2,1062.9666666666667
SUV-B,7,2024-02-29,12,7,2024-09-30,MovingAverage6,1293.3,1062.9666666666667
SUV-B,7,2024-02-29,12,8,2024-10-31,MovingAverage6,1098.2,1062.9666666666667
SUV-B,7,2024-02-29,12,9,2024-11-30,MovingAverage6,1286.6,1062.9666666666667
SUV-B,7,2024-02-29,12,10,2024-12-31,MovingAverage6,1377.8,1062.9666666666667
SUV-B,7,2024-02-29,12,11,2025-01-31,MovingAverage6,1452.9,1062.9666666666667
SUV-B,7,2024-02-29,12,12,2025-02-28,MovingAverage6,1561.9,1062.9666666666667
SUV-B,7,2024-02-29,12,1,2024-03-31,XGBoost,1496.0,1108.6468505859375
SUV-B,7,2024-02-29,12,2,2024-04-30,XGBoost,935.9,1053.3011474609375
SUV-B,7,2024-02-29,12,3,2024-05-31,XGBoost,1042.0,1028.413330078125
SUV-B,7,2024-02-29,12,4,2024-06-30,XGBoost,1122.8,1024.3199462890625
SUV-B,7,2024-02-29,12,5,2024-07-31,XGBoost,1191.9,914.9180297851562
SUV-B,7,2024-02-29,12,6,2024-08-31,XGBoost,1117.2,928.355224609375
SUV-B,7,2024-02-29,12,7,2024-09-30,XGBoost,1293.3,1007.801025390625
SUV-B,7,2024-02-29,12,8,2024-10-31,XGBoost,1098.2,1014.3743896484375
SUV-B,7,2024-02-29,12,9,2024-11-30,XGBoost,1286.6,1057.3724365234375
SUV-B,7,2024-02-29,12,10,2024-12-31,XGBoost,1377.8,1167.60888671875
SUV-B,7,2024-02-29,12,11,2025-01-31,XGBoost,1452.9,1176.336669921875
SUV-B,7,2024-02-29,12,12,2025-02-28,XGBoost,1561.9,1138.180419921875
SUV-B,7,2024-02-29,12,1,2024-03-31,DeepAR,1496.0,1201.87939453125
SUV-B,7,2024-02-29,12,2,2024-04-30,DeepAR,935.9,1220.6583251953125
SUV-B,7,2024-02-29,12,3,2024-05-31,DeepAR,1042.0,1167.4022216796875
SUV-B,7,2024-02-29,12,4,2024-06-30,DeepAR,1122.8,1176.157470703125
SUV-B,7,2024-02-29,12,5,2024-07-31,DeepAR,1191.9,1141.5604248046875
SUV-B,7,2024-02-29,12,6,2024-08-31,DeepAR,1117.2,1225.4588623046875
SUV-B,7,2024-02-29,12,7,2024-09-30,DeepAR,1293.3,1183.21240234375
SUV-B,7,2024-02-29,12,8,2024-10-31,DeepAR,1098.2,1198.5205078125
SUV-B,7,2024-02-29,12,9,2024-11-30,DeepAR,1286.6,1206.53564453125
SUV-B,7,2024-02-29,12,10,2024-12-31,DeepAR,1377.8,1147.59716796875
SUV-B,7,2024-02-29,12,11,2025-01-31,DeepAR,1452.9,1184.0081787109375
SUV-B,7,2024-02-29,12,12,2025-02-28,DeepAR,1561.9,1211.39453125
SUV-B,7,2024-02-29,12,1,2024-03-31,LeakageSafeEnsemble,1496.0,1162.8069550079497
SUV-B,7,2024-02-29,12,2,2024-04-30,LeakageSafeEnsemble,935.9,1150.5213245471373
SUV-B,7,2024-02-29,12,3,2024-05-31,LeakageSafeEnsemble,1042.0,1109.1539464633802
SUV-B,7,2024-02-29,12,4,2024-06-30,LeakageSafeEnsemble,1122.8,1112.524541838878
SUV-B,7,2024-02-29,12,5,2024-07-31,LeakageSafeEnsemble,1191.9,1046.5778372669672
SUV-B,7,2024-02-29,12,6,2024-08-31,LeakageSafeEnsemble,1117.2,1100.9469881576829
SUV-B,7,2024-02-29,12,7,2024-09-30,LeakageSafeEnsemble,1293.3,1109.700001048058
SUV-B,7,2024-02-29,12,8,2024-10-31,LeakageSafeEnsemble,1098.2,1121.3474898890913
SUV-B,7,2024-02-29,12,9,2024-11-30,LeakageSafeEnsemble,1286.6,1144.0234644780285
SUV-B,7,2024-02-29,12,10,2024-12-31,LeakageSafeEnsemble,1377.8,1155.9837766653636
SUV-B,7,2024-02-29,12,11,2025-01-31,LeakageSafeEnsemble,1452.9,1180.7931383052014
SUV-B,7,2024-02-29,12,12,2025-02-28,LeakageSafeEnsemble,1561.9,1180.7115398368546
SUV-B,8,2024-05-31,3,1,2024-06-30,LastValue,1122.8,1042.0
SUV-B,8,2024-05-31,3,2,2024-07-31,LastValue,1191.9,1042.0
SUV-B,8,2024-05-31,3,3,2024-08-31,LastValue,1117.2,1042.0
SUV-B,8,2024-05-31,3,1,2024-06-30,SeasonalNaive,1122.8,995.1
SUV-B,8,2024-05-31,3,2,2024-07-31,SeasonalNaive,1191.9,643.4
SUV-B,8,2024-05-31,3,3,2024-08-31,SeasonalNaive,1117.2,1369.9
SUV-B,8,2024-05-31,3,1,2024-06-30,MovingAverage6,1122.8,1190.9666666666665
SUV-B,8,2024-05-31,3,2,2024-07-31,MovingAverage6,1191.9,1190.9666666666665
SUV-B,8,2024-05-31,3,3,2024-08-31,MovingAverage6,1117.2,1190.9666666666665
SUV-B,8,2024-05-31,3,1,2024-06-30,XGBoost,1122.8,1038.54248046875
SUV-B,8,2024-05-31,3,2,2024-07-31,XGBoost,1191.9,952.9561767578125
SUV-B,8,2024-05-31,3,3,2024-08-31,XGBoost,1117.2,990.4031372070312
SUV-B,8,2024-05-31,3,1,2024-06-30,DeepAR,1122.8,1243.15966796875
SUV-B,8,2024-05-31,3,2,2024-07-31,DeepAR,1191.9,1263.367919921875
SUV-B,8,2024-05-31,3,3,2024-08-31,DeepAR,1117.2,1213.182373046875
SUV-B,8,2024-05-31,3,1,2024-06-30,LeakageSafeEnsemble,1122.8,1156.8766157190082
SUV-B,8,2024-05-31,3,2,2024-07-31,LeakageSafeEnsemble,1191.9,1132.4733875225181
SUV-B,8,2024-05-31,3,3,2024-08-31,LeakageSafeEnsemble,1117.2,1119.2407490826545
SUV-B,8,2024-05-31,6,1,2024-06-30,LastValue,1122.8,1042.0
SUV-B,8,2024-05-31,6,2,2024-07-31,LastValue,1191.9,1042.0
SUV-B,8,2024-05-31,6,3,2024-08-31,LastValue,1117.2,1042.0
SUV-B,8,2024-05-31,6,4,2024-09-30,LastValue,1293.3,1042.0
SUV-B,8,2024-05-31,6,5,2024-10-31,LastValue,1098.2,1042.0
SUV-B,8,2024-05-31,6,6,2024-11-30,LastValue,1286.6,1042.0
SUV-B,8,2024-05-31,6,1,2024-06-30,SeasonalNaive,1122.8,995.1
SUV-B,8,2024-05-31,6,2,2024-07-31,SeasonalNaive,1191.9,643.4
SUV-B,8,2024-05-31,6,3,2024-08-31,SeasonalNaive,1117.2,1369.9
SUV-B,8,2024-05-31,6,4,2024-09-30,SeasonalNaive,1293.3,1082.5
SUV-B,8,2024-05-31,6,5,2024-10-31,SeasonalNaive,1098.2,687.3
SUV-B,8,2024-05-31,6,6,2024-11-30,SeasonalNaive,1286.6,936.1
SUV-B,8,2024-05-31,6,1,2024-06-30,MovingAverage6,1122.8,1190.9666666666665
SUV-B,8,2024-05-31,6,2,2024-07-31,MovingAverage6,1191.9,1190.9666666666665
SUV-B,8,2024-05-31,6,3,2024-08-31,MovingAverage6,1117.2,1190.9666666666665
SUV-B,8,2024-05-31,6,4,2024-09-30,MovingAverage6,1293.3,1190.9666666666665
SUV-B,8,2024-05-31,6,5,2024-10-31,MovingAverage6,1098.2,1190.9666666666665
SUV-B,8,2024-05-31,6,6,2024-11-30,MovingAverage6,1286.6,1190.9666666666665
SUV-B,8,2024-05-31,6,1,2024-06-30,XGBoost,1122.8,1038.54248046875
SUV-B,8,2024-05-31,6,2,2024-07-31,XGBoost,1191.9,952.9561767578125
SUV-B,8,2024-05-31,6,3,2024-08-31,XGBoost,1117.2,990.4031372070312
SUV-B,8,2024-05-31,6,4,2024-09-30,XGBoost,1293.3,991.5179443359375
SUV-B,8,2024-05-31,6,5,2024-10-31,XGBoost,1098.2,1000.47412109375
SUV-B,8,2024-05-31,6,6,2024-11-30,XGBoost,1286.6,1012.4503173828125
SUV-B,8,2024-05-31,6,1,2024-06-30,DeepAR,1122.8,1243.15966796875
SUV-B,8,2024-05-31,6,2,2024-07-31,DeepAR,1191.9,1263.367919921875
SUV-B,8,2024-05-31,6,3,2024-08-31,DeepAR,1117.2,1213.182373046875
SUV-B,8,2024-05-31,6,4,2024-09-30,DeepAR,1293.3,1222.1773681640625
SUV-B,8,2024-05-31,6,5,2024-10-31,DeepAR,1098.2,1189.5211181640625
SUV-B,8,2024-05-31,6,6,2024-11-30,DeepAR,1286.6,1269.6873779296875
SUV-B,8,2024-05-31,6,1,2024-06-30,LeakageSafeEnsemble,1122.8,1156.8766157190082
SUV-B,8,2024-05-31,6,2,2024-07-31,LeakageSafeEnsemble,1191.9,1132.4733875225181
SUV-B,8,2024-05-31,6,3,2024-08-31,LeakageSafeEnsemble,1117.2,1119.2407490826545
SUV-B,8,2024-05-31,6,4,2024-09-30,LeakageSafeEnsemble,1293.3,1124.9128242750749
SUV-B,8,2024-05-31,6,5,2024-10-31,LeakageSafeEnsemble,1098.2,1109.8037150829246
SUV-B,8,2024-05-31,6,6,2024-11-30,LeakageSafeEnsemble,1286.6,1161.215578673567
SUV-B,8,2024-05-31,12,1,2024-06-30,LastValue,1122.8,1042.0
SUV-B,8,2024-05-31,12,2,2024-07-31,LastValue,1191.9,1042.0
SUV-B,8,2024-05-31,12,3,2024-08-31,LastValue,1117.2,1042.0
SUV-B,8,2024-05-31,12,4,2024-09-30,LastValue,1293.3,1042.0
SUV-B,8,2024-05-31,12,5,2024-10-31,LastValue,1098.2,1042.0
SUV-B,8,2024-05-31,12,6,2024-11-30,LastValue,1286.6,1042.0
SUV-B,8,2024-05-31,12,7,2024-12-31,LastValue,1377.8,1042.0
SUV-B,8,2024-05-31,12,8,2025-01-31,LastValue,1452.9,1042.0
SUV-B,8,2024-05-31,12,9,2025-02-28,LastValue,1561.9,1042.0
SUV-B,8,2024-05-31,12,10,2025-03-31,LastValue,1639.0,1042.0
SUV-B,8,2024-05-31,12,11,2025-04-30,LastValue,1676.8,1042.0
SUV-B,8,2024-05-31,12,12,2025-05-31,LastValue,1504.7,1042.0
SUV-B,8,2024-05-31,12,1,2024-06-30,SeasonalNaive,1122.8,995.1
SUV-B,8,2024-05-31,12,2,2024-07-31,SeasonalNaive,1191.9,643.4
SUV-B,8,2024-05-31,12,3,2024-08-31,SeasonalNaive,1117.2,1369.9
SUV-B,8,2024-05-31,12,4,2024-09-30,SeasonalNaive,1293.3,1082.5
SUV-B,8,2024-05-31,12,5,2024-10-31,SeasonalNaive,1098.2,687.3
SUV-B,8,2024-05-31,12,6,2024-11-30,SeasonalNaive,1286.6,936.1
SUV-B,8,2024-05-31,12,7,2024-12-31,SeasonalNaive,1377.8,1323.0
SUV-B,8,2024-05-31,12,8,2025-01-31,SeasonalNaive,1452.9,1205.4
SUV-B,8,2024-05-31,12,9,2025-02-28,SeasonalNaive,1561.9,1143.5
SUV-B,8,2024-05-31,12,10,2025-03-31,SeasonalNaive,1639.0,1496.0
SUV-B,8,2024-05-31,12,11,2025-04-30,SeasonalNaive,1676.8,935.9
SUV-B,8,2024-05-31,12,12,2025-05-31,SeasonalNaive,1504.7,1042.0
SUV-B,8,2024-05-31,12,1,2024-06-30,MovingAverage6,1122.8,1190.9666666666665
SUV-B,8,2024-05-31,12,2,2024-07-31,MovingAverage6,1191.9,1190.9666666666665
SUV-B,8,2024-05-31,12,3,2024-08-31,MovingAverage6,1117.2,1190.9666666666665
SUV-B,8,2024-05-31,12,4,2024-09-30,MovingAverage6,1293.3,1190.9666666666665
SUV-B,8,2024-05-31,12,5,2024-10-31,MovingAverage6,1098.2,1190.9666666666665
SUV-B,8,2024-05-31,12,6,2024-11-30,MovingAverage6,1286.6,1190.9666666666665
SUV-B,8,2024-05-31,12,7,2024-12-31,MovingAverage6,1377.8,1190.9666666666665
SUV-B,8,2024-05-31,12,8,2025-01-31,MovingAverage6,1452.9,1190.9666666666665
SUV-B,8,2024-05-31,12,9,2025-02-28,MovingAverage6,1561.9,1190.9666666666665
SUV-B,8,2024-05-31,12,10,2025-03-31,MovingAverage6,1639.0,1190.9666666666665
SUV-B,8,2024-05-31,12,11,2025-04-30,MovingAverage6,1676.8,1190.9666666666665
SUV-B,8,2024-05-31,12,12,2025-05-31,MovingAverage6,1504.7,1190.9666666666665
SUV-B,8,2024-05-31,12,1,2024-06-30,XGBoost,1122.8,1038.54248046875
SUV-B,8,2024-05-31,12,2,2024-07-31,XGBoost,1191.9,952.9561767578125
SUV-B,8,2024-05-31,12,3,2024-08-31,XGBoost,1117.2,990.4031372070312
SUV-B,8,2024-05-31,12,4,2024-09-30,XGBoost,1293.3,991.5179443359375
SUV-B,8,2024-05-31,12,5,2024-10-31,XGBoost,1098.2,1000.47412109375
SUV-B,8,2024-05-31,12,6,2024-11-30,XGBoost,1286.6,1012.4503173828125
SUV-B,8,2024-05-31,12,7,2024-12-31,XGBoost,1377.8,1118.4559326171875
SUV-B,8,2024-05-31,12,8,2025-01-31,XGBoost,1452.9,1119.4434814453125
SUV-B,8,2024-05-31,12,9,2025-02-28,XGBoost,1561.9,1112.4691162109375
SUV-B,8,2024-05-31,12,10,2025-03-31,XGBoost,1639.0,1112.92529296875
SUV-B,8,2024-05-31,12,11,2025-04-30,XGBoost,1676.8,1093.910888671875
SUV-B,8,2024-05-31,12,12,2025-05-31,XGBoost,1504.7,1051.46240234375
SUV-B,8,2024-05-31,12,1,2024-06-30,DeepAR,1122.8,1243.15966796875
SUV-B,8,2024-05-31,12,2,2024-07-31,DeepAR,1191.9,1263.367919921875
SUV-B,8,2024-05-31,12,3,2024-08-31,DeepAR,1117.2,1213.182373046875
SUV-B,8,2024-05-31,12,4,2024-09-30,DeepAR,1293.3,1222.1773681640625
SUV-B,8,2024-05-31,12,5,2024-10-31,DeepAR,1098.2,1189.5211181640625
SUV-B,8,2024-05-31,12,6,2024-11-30,DeepAR,1286.6,1269.6873779296875
SUV-B,8,2024-05-31,12,7,2024-12-31,DeepAR,1377.8,1229.081298828125
SUV-B,8,2024-05-31,12,8,2025-01-31,DeepAR,1452.9,1244.20263671875
SUV-B,8,2024-05-31,12,9,2025-02-28,DeepAR,1561.9,1253.3935546875
SUV-B,8,2024-05-31,12,10,2025-03-31,DeepAR,1639.0,1192.113525390625
SUV-B,8,2024-05-31,12,11,2025-04-30,DeepAR,1676.8,1230.08740234375
SUV-B,8,2024-05-31,12,12,2025-05-31,DeepAR,1504.7,1255.72607421875
SUV-B,8,2024-05-31,12,1,2024-06-30,LeakageSafeEnsemble,1122.8,1156.8766157190082
SUV-B,8,2024-05-31,12,2,2024-07-31,LeakageSafeEnsemble,1191.9,1132.4733875225181
SUV-B,8,2024-05-31,12,3,2024-08-31,LeakageSafeEnsemble,1117.2,1119.2407490826545
SUV-B,8,2024-05-31,12,4,2024-09-30,LeakageSafeEnsemble,1293.3,1124.9128242750749
SUV-B,8,2024-05-31,12,5,2024-10-31,LeakageSafeEnsemble,1098.2,1109.8037150829246
SUV-B,8,2024-05-31,12,6,2024-11-30,LeakageSafeEnsemble,1286.6,1161.215578673567
SUV-B,8,2024-05-31,12,7,2024-12-31,LeakageSafeEnsemble,1377.8,1182.4327552307432
SUV-B,8,2024-05-31,12,8,2025-01-31,LeakageSafeEnsemble,1452.9,1191.594164923245
SUV-B,8,2024-05-31,12,9,2025-02-28,LeakageSafeEnsemble,1561.9,1193.9685048906476
SUV-B,8,2024-05-31,12,10,2025-03-31,LeakageSafeEnsemble,1639.0,1158.721412151521
SUV-B,8,2024-05-31,12,11,2025-04-30,LeakageSafeEnsemble,1676.8,1172.664445971357
SUV-B,8,2024-05-31,12,12,2025-05-31,LeakageSafeEnsemble,1504.7,1169.5921049703848
